Idtram,Tramite,Secretaria,Dependencia,Domicilio,TraPersona,Tiempo_en_minutos,N_FORMATOS_FINAL,CONTEO_NETO,nivel_digitalizacion,TraResolucionesFavorables,TraResolucionesNegativas,Porcentaje_Efectividad,TraCosto,visitas_totales,Visitas RUTS,Indice_Esfuerzo_A
7679.0,Transporte Público Masivo de Pasajeros Tuzobús.,Secretaría de Movilidad y Transporte,Sistema de Transporte Masivo de Hidalgo,Calle s/n Venta Prieta 42083 Pachuca De Soto Pachuca De Soto,Social,5.0,0,1,1,21096550,0,100.0,1,454.0,3852.0,-1.4324105638586997
1743.0,Impuesto sobre Tenencia y Refrendo Vehicular (para vehículo particular y de demostración),Secretaría de Hacienda,Secretaría de Hacienda,Calle No. 1 Centro 42500 Pachuca De Soto Pachuca De Soto,Ambos,10.0,2,8,12,368871,0,100.0,1,39912.0,81886.0,9.619705744116576
9229.0,Canje de Placas,Secretaría de Hacienda,Secretaría de Hacienda,Calle 801 Canutillo 42060 Pachuca De Soto Pachuca De Soto,Ambos,20.0,3,10,1,423743,0,100.0,1,5168.0,82305.0,-1.2840453840244357
533.0,Servicio de laboratorio clínico en el Hospital del Niño DIF Hidalgo,Organismos No Sectorizados,Sistema para el Desarrollo Integral de la Familia del Estado de Hidalgo,Boulevard s/n Venta Prieta 42083 Pachuca De Soto Pachuca De Soto,Social,22864.51619047619,0,2,1,620,0,100.0,0,667.0,3305.4179357022,-1.5372640683649288
10885.0,Cambio de Propietario,Secretaría de Hacienda,Secretaría de Hacienda,Calle 1 Centro 42500 Actopan Actopan,Ambos,1440.0,2,7,1,88932,0,100.0,1,2871.0670103092784,25387.0,-1.3397200024122247
983.0,Certificado de Existencia o Inexistencia de Gravamen (Registro Público de la Propiedad y del Comercio),Secretaría de Gobierno,Dirección General del Instituto de la Función Registral,Avenida 907 Las Terrazas 42094 Pachuca De Soto Pachuca De Soto,Ambos,8640.0,2,1,1,47334,0,100.0,1,25610.0,16239.0,-1.4748365459509227
1064.0,Asesoría Jurídica.,Secretaría de Gobierno,Dirección General del Instituto de Defensoría Pública,Calle 102 Real de Minas 42090 Pachuca De Soto Pachuca De Soto,Ambos,0.0,0,0,1,4207,0,100.0,0,2083.0,22.0,-1.4720333478027898
572.0,Expedición de Constancia de NO Antecedentes Penales,Procuraduría General de Justicia,Procuraduría General de Justicia,Calle S/N Centro Cívico 42083 Pachuca De Soto Pachuca De Soto,Social,60.0,1,5,2,38726,0,100.0,1,374832.0,176203.0,-0.37171888173377365
490.0,Radiología e Imagenología del Hospital del Niño DIF Hidalgo,Organismos No Sectorizados,Sistema para el Desarrollo Integral de la Familia del Estado de Hidalgo,Boulevard s/n Venta Prieta 42083 Pachuca De Soto Pachuca De Soto,Social,22864.51619047619,0,1,1,413,0,100.0,0,409.0,3305.4179357022,-1.5545459693886252
1095.0,Patrocinio Jurídico.,Secretaría de Gobierno,Dirección General del Instituto de Defensoría Pública,Calle 102 Real de Minas 42090 Pachuca De Soto Pachuca De Soto,Social,1440.0,0,1,1,51492,0,100.0,0,7889.0,6473.0,-1.4610364742583664
10837.0,Admisión COBAEH,Secretaría de Educación Pública,Colegio de Bachilleres del Estado de Hidalgo,"Circuito Lote 17, San Juan Tilcuautla 42160 San Juan Tilcuautla San Agustín Tlaxiaca",Social,10.0,0,3,1,14182,0,100.0,1,2871.0670103092784,498.0,-1.397868584823366
1269.0,Legalización de Documentos,Secretaría de Gobierno,Secretaría de Gobierno,Calle S/N Centro 42000 Pachuca De Soto Pachuca De Soto,Ambos,20.0,0,0,1,16207,1600,91.01476947,1,20465.0,16117.0,-1.4497579339186568
779.0,Reinscripción COBAEH,Secretaría de Educación Pública,Colegio de Bachilleres del Estado de Hidalgo,"Circuito Lote 17, San Juan Tilcuautla 42160 San Juan Tilcuautla San Agustín Tlaxiaca",Social,10.0,0,0,1,52697,0,100.0,1,1032.0,979.0,-1.449714287894495
748.0,"Inscripción de Alfabetización, Primaria y Secundaria Abierta de Educación para Adultos",Secretaría de Educación Pública,Instituto Hidalguense de Educación para Adultos,Circuito s.n. San Juan Tilcuautla 42160 San Agustín Tlaxiaca San Agustín Tlaxiaca,Social,120.0,1,4,1,11430,0,100.0,0,2665.0,3672.0,-1.4057983161121796
904.0,Bolsa de Trabajo y Abriendo Espacios,Secretaría de Trabajo y Previsión Social,Secretaría de Trabajo y Previsión Social,Carretera 1955 CANACINTRA 0 La Reforma (CANACINTRA) [Parque Industrial] Mineral De La Reforma,Social,22864.51619047619,0,0,1,0,0,0.0,0,45865.0,5947.0,-1.5718278704123347
630.0,Reinscripción UTTT,Secretaría de Educación Pública,Universidad Tecnológica de Tula-Tepeji,Avenida 1000 El 61 42830 El Carmen (La Mesita) Tula De Allende,Social,15.0,0,2,1,3295,0,100.0,1,687.0,294.0,-1.4151723088591563
8300.0,Becas Institucionales UTVM,Secretaría de Educación Pública,Universidad Tecnológica del Valle del Mezquital,Carretera s/n El Nith 42300 El Nith Ixmiquilpan,Social,22864.51619047619,0,0,1,2500,535,82.3723229,0,180.0,287.0,-1.5718278704123347
1268.0,Apostillas,Secretaría de Gobierno,Secretaría de Gobierno,Ampliación S/N Centro 42000 Pachuca De Soto Pachuca De Soto,Social,20.0,0,0,1,3121,450,87.39848782,1,9122.0,9066.0,-1.4497579339186568
1414.0,Acreditación de Primaria y Secundaria Abierta de Educación para Adultos,Secretaría de Educación Pública,Instituto Hidalguense de Educación para Adultos,Circuito s.n. San Juan Tilcuautla 42160 San Agustín Tlaxiaca San Agustín Tlaxiaca,Social,8640.0,0,2,1,7998,0,100.0,0,1280.0,1057.0,-1.475179710631092
828.0,Certificación de Primaria y Secundaria Abierta de Educación para Adultos,Secretaría de Educación Pública,Instituto Hidalguense de Educación para Adultos,Circuito s.n. San Juan Tilcuautla 42160 San Agustín Tlaxiaca San Agustín Tlaxiaca,Social,12960.0,0,1,1,7321,0,100.0,0,6917.0,1843.0,-1.5113166940926628
1244.0,(Inscripción y Reinscripción) por módulo CONALEPH.,Secretaría de Educación Pública,Colegio de Educación Profesional Técnica del Estado de Hidalgo,Calle 4.5 Parque Industrial CANACINTRA 42083 El Saucillo Mineral De La Reforma,Social,22864.51619047619,0,4,1,7544,0,100.0,1,912.0,3305.4179357022,-1.4803375603850402
1206.0,Reinscripción UPT,Secretaría de Educación Pública,Universidad Politécnica de Tulancingo,Calle 100 Huapalcalco 43629 Tulancingo De Bravo Tulancingo De Bravo,Social,22864.51619047619,0,1,1,6872,0,100.0,1,491.0,594.0,-1.5321832634561692
631.0,Educación Continua UTTT,Secretaría de Educación Pública,Universidad Tecnológica de Tula-Tepeji,Calle 1000 El 61 42830 El Carmen (La Mesita) Tula De Allende,Ambos,120.0,1,6,2,1604,240,86.98481562,1,669.0,297.0,-0.35469885685503455
10839.0,Conciliación prejudicial laboral,Secretaría de Trabajo y Previsión Social,Centro de Conciliación Laboral del Estado de Hidalgo,Avenida 394 La Concepción 42160 San Juan Tilcuautla San Agustín Tlaxiaca,Ambos,22864.51619047619,0,0,1,6205,1,99.98388656,0,2871.0670103092784,3305.4179357022,-1.5718278704123347
10973.0,Por Búsqueda de Testamento y Expedición de Constancia,Secretaría de Gobierno,Dirección General del Archivo General de Notarías,Calle 517 Centro 42000 Pachuca De Soto Pachuca De Soto,Ambos,22864.51619047619,1,0,1,5759,0,100.0,1,2871.0670103092784,109.0,-1.5518339845941673
6931.0,Reinscripción UTT,Secretaría de Educación Pública,Universidad Tecnológica de Tulancingo,Calle 301 Las Presas 43642 Tulancingo De Bravo Tulancingo De Bravo,Social,1440.0,0,1,13,6717,0,100.0,1,451.0,170.0,10.491401647001327
6935.0,Credencial Institucional UTT,Secretaría de Educación Pública,Universidad Tecnológica de Tulancingo,Calle 301 Las Presas 43642 Tulancingo De Bravo Tulancingo De Bravo,Social,1440.0,0,0,13,1200,0,100.0,0,253.0,132.0,10.451757040045162
7561.0,Evaluación Segunda Oportunidad (ITSOEH),Secretaría de Educación Pública,Instituto Tecnológico Superior del Occidente del Estado de Hidalgo,Carretera 0 Cinta larga 42700 Mixquiahuala De Juárez Mixquiahuala De Juárez,Social,4320.0,0,1,1,9556,0,100.0,1,344.0,765.0,-1.4512438232844846
961.0,Asesoria en materia de Seguridad y Salud en el Trabajo,Secretaría de Trabajo y Previsión Social,Secretaría de Trabajo y Previsión Social,Carretera 1955 CANACINTRA 0 La Reforma (CANACINTRA) [Parque Industrial] Mineral De La Reforma,Ambos,22864.51619047619,1,0,1,0,0,0.0,0,1299.0,421.0,-1.5741966905266236
694.0,Autorregulación Ambiental,Secretaría de Medio Ambiente y Recursos Naturales,Secretaría de Medio Ambiente y Recursos Naturales,Calle 100 Adolfo López Mateos 42094 Pachuca De Soto Pachuca De Soto,Social,36000.0,2,4,1,40,20,66.66666667,1,1923.0,781.0,-1.542406364986247
1247.0,Póliza de Accidentes Personales Escolares en CONALEPH,Secretaría de Educación Pública,Colegio de Educación Profesional Técnica del Estado de Hidalgo,Calle 4.5 Parque Industrial CANACINTRA 42083 Pachuquilla Mineral De La Reforma,Social,22864.51619047619,0,2,1,3908,0,100.0,1,670.0,364.0,-1.5149013624324594
6938.0,Historial académico UTT,Secretaría de Educación Pública,Universidad Tecnológica de Tulancingo,Calle 301 Las Presas 43642 Tulancingo De Bravo Tulancingo De Bravo,Social,1440.0,0,0,13,7500,0,100.0,0,206.0,200.0,10.451757040045162
1020.0,Asesorías laborales sobre tus derechos y obligaciones como trabajador.,Secretaría de Trabajo y Previsión Social,Secretaría de Trabajo y Previsión Social,Carretera 1955 CANACINTRA 0 La Reforma (CANACINTRA) [Parque Industrial] Mineral De La Reforma,Social,22864.51619047619,0,0,1,0,0,0.0,0,2902.0,2059.0,-1.5718278704123347
477.0,Escuela de Fútbol Instituto Hidalguense del Deporte,Secretaría de Educación Pública,Instituto Hidalguense del Deporte,Calle - Periodistas 42060 Pachuca De Soto Pachuca De Soto,Social,10.0,1,4,2,1500,200,88.23529412,1,1493.0,6676.0,-0.38878255263667494
334.0,Servicio de inscripción a cursos de Formación de Capital Humano,Secretaría de Desarrollo Económico,Instituto Hidalguense de Competitividad Empresarial,Calle 605 Venta Prieta 42083 Pachuca De Soto Pachuca De Soto,Ambos,22864.51619047619,0,0,1,0,0,0.0,0,559.0,343.0,-1.5718278704123347
1318.0,Constancia de Vehículo No Robado,Procuraduría General de Justicia,Procuraduría General de Justicia,Calle Km 84.5 SPAUAH 42083 Pachuca De Soto Pachuca De Soto,Ambos,4320.0,1,7,3,0,0,0.0,1,7646.0,6336.0,0.6384246652980248
1288.0,Permiso provisional para conducir,Secretaría de Seguridad Pública,Secretaría de Seguridad Pública,Calle 301 Valle de San Javier 0 Pachuca De Soto Pachuca De Soto,Social,15.0,1,4,1,2316,0,100.0,1,17062.0,3305.4179357022,-1.3829773269260257
358.0,Reinscripción UTSH,Secretaría de Educación Pública,Universidad Tecnológica de la Sierra Hidalguense,Carretera Km. 100 Tramo Pachuca-Huejutla 43200 Zacualtipán De Ángeles Zacualtipán De Ángeles,Social,22864.51619047619,0,1,1,2153,0,100.0,1,867.0,357.0,-1.5321832634561692
661.0,"Descuento a adultos mayores, personas con capacidades diferentes, pensionados y jubilados.",Secretaría de Infraestructura Pública y Desarrollo Urbano Sostenible,Comisión de Agua y Alcantarillado del Sistema Valle del Mezquital,Calle 27 Segunda Demarcación 42660 Tepatepec Francisco I. Madero,Social,22864.51619047619,1,0,1,2108,0,100.0,1,436.0,20.0,-1.5518339845941673
1245.0,Examen de admisión de CONALEPH,Secretaría de Educación Pública,Colegio de Educación Profesional Técnica del Estado de Hidalgo,Calle 4.5 Parque Industrial CANACINTRA 42083 El Saucillo Mineral De La Reforma,Social,22864.51619047619,0,5,1,2095,25,98.82075472,1,1355.0,1778.0,-1.46305565936133
1260.0,"Publicaciones en el Periódico Oficial, que se realizan por una Plana y Media Plana.",Secretaría de Gobierno,Secretaría de Gobierno,Calle 517 Centro 42000 Pachuca De Soto Pachuca De Soto,Ambos,30.0,0,0,1,1200,10,99.17355372,1,1133.0,950.0,-1.4498015799428183
1233.0,Inscripción UTHH,Secretaría de Educación Pública,Universidad Tecnológica de la Huasteca Hidalguense,Carretera s/n Tepoxteco 43000 Huejutla De Reyes Huejutla De Reyes,Social,20.0,2,2,1,1832,0,100.0,1,1547.0,1211.0,-1.4199317720998148
1504.0,Expedición Tarjeta Preferente Tuzobús para la Persona Adulta Mayor,Secretaría de Movilidad y Transporte,Sistema de Transporte Masivo de Hidalgo,Calle S/N Venta Prieta 42083 Pachuca De Soto Pachuca De Soto,Social,20.0,1,3,1,1764,0,100.0,1,2452.0,2841.0,-1.4002810509618167
1184.0,Admisión UPT,Secretaría de Educación Pública,Universidad Politécnica de Tulancingo,Calle 100 Huapalcalco 43629 Tulancingo De Bravo Tulancingo De Bravo,Social,15.0,0,2,9,1184,0,100.0,1,1029.0,1047.0,6.538211301359002
1505.0,Reposición de la Tarjeta Preferente Tuzobús,Secretaría de Movilidad y Transporte,Sistema de Transporte Masivo de Hidalgo,Calle S/N Venta Prieta 42083 Pachuca De Soto Pachuca De Soto,Social,20.0,1,2,1,1648,0,100.0,1,1487.0,1038.0,-1.4175629519855262
10974.0,Por la Expedición de Copias Certificadas de Escrituras Resguardadas en el Archivo General de Notarías,Secretaría de Gobierno,Dirección General del Archivo General de Notarías,Calle 517 Centro 42000 Pachuca De Soto Pachuca De Soto,Ambos,22864.51619047619,1,0,1,1418,0,100.0,1,2871.0670103092784,222.0,-1.5518339845941673
670.0,Cursos musicales EMEH,Secretaría de Cultura,Escuela de Música del Estado de Hidalgo,Calle 201 Centro 42000 Pachuca De Soto Pachuca De Soto,Social,22864.51619047619,0,1,1,130,27,82.80254777,1,1021.0,2341.0,-1.5321832634561692
1205.0,Inscripción UPT,Secretaría de Educación Pública,Universidad Politécnica de Tulancingo,Calle 100 Huapalcalco 43629 Tulancingo De Bravo Tulancingo De Bravo,Social,10.0,2,3,12,1386,0,100.0,1,681.0,1187.0,9.533296238998023
8289.0,Titulación UTVM,Secretaría de Educación Pública,Universidad Tecnológica del Valle del Mezquital,Carretera S/N El Nith 42300 El Nith Ixmiquilpan,Social,259200.0,1,6,1,1317,0,100.0,1,447.0,2604.0,-2.4796530021140244
1633.0,Reinscripción UTMIR,Secretaría de Educación Pública,Universidad Tecnológica de Mineral de la Reforma,Calle 1000 Paseos de Chavarría 42186 Pachuquilla Mineral De La Reforma,Social,5.0,0,0,7,287,0,100.0,1,467.0,300.0,4.515345242781205
7282.0,Solicitud de Examen de Admisión UTVAM,Secretaría de Educación Pública,Universidad Tecnológica de la Zona Metropolitana del Valle de México,Boulevard 5 Los Héroes Tizayuca 43816 Tizayuca Tizayuca,Social,2880.0,1,3,1,375,0,100.0,1,734.0,1657.0,-1.412763813872067
347.0,Solicitud de examen de admisión UTSH,Secretaría de Educación Pública,Universidad Tecnológica de la Sierra Hidalguense,Carretera Km. 100 Tramo Pachuca-Huejutla 43200 Zacualtipán De Ángeles Zacualtipán De Ángeles,Social,22864.51619047619,1,4,1,1031,0,100.0,1,1305.0,2209.0,-1.4827063804993288
429.0,Prestación de servicios de la Alberca semiolímpica del Instituto Hidalguense del Deporte,Secretaría de Educación Pública,Instituto Hidalguense del Deporte,Calle #104 Carlos Rovirosa 42082 Pachuca De Soto Pachuca De Soto,Social,60.0,3,3,2,8951,500,94.70955454,1,11899.0,8733.0,-0.4110203240097712
7207.0,Reposición de Credencial UPFIM,Secretaría de Educación Pública,Universidad Politécnica Francisco I. Madero,Calle s/n Domicilio Conocido 42660 Tepatepec Francisco I. Madero,Social,480.0,0,1,1,150,0,100.0,1,285.0,163.0,-1.4344837500063858
6993.0,Constancia Escolar UTHH,Secretaría de Educación Pública,Universidad Tecnológica de la Huasteca Hidalguense,Carretera s/n Tepoxteco 43000 Huejutla De Reyes Huejutla De Reyes,Social,1455.0,0,1,1,1000,0,100.0,1,530.0,10.0,-1.438739237362153
1259.0,Publicación en el Periódico Oficial de Avisos Judiciales que deberán publicarse por disposición de Ley.,Secretaría de Gobierno,Secretaría de Gobierno,Calle 517 Centro 42000 Pachuca De Soto Pachuca De Soto,Ambos,20.0,0,0,1,1250,5,99.60159363,1,1846.0,795.0,-1.4497579339186568
1765.0,"Certificación en estándares de competencia del CONOCER, a través del ICATHI",Secretaría de Trabajo y Previsión Social,Instituto de Capacitación para el Trabajo del Estado de Hidalgo,Calle Lote 17 San Juan Tilcuautla 42160 San Juan Tilcuautla San Agustín Tlaxiaca,Social,30.0,0,2,1,473,7,98.54166667,1,898.0,1068.0,-1.4152377778953988
350.0,Inscripción UTSH,Secretaría de Educación Pública,Universidad Tecnológica de la Sierra Hidalguense,Carretera Km. 100 Tramo Pachuca-Huejutla 43200 Zacualtipán De Ángeles Zacualtipán De Ángeles,Social,22864.51619047619,0,6,1,804,0,100.0,1,795.0,1654.0,-1.4457737583376207
840.0,Inscripción a los cursos de capacitación presenciales del ICATHI,Secretaría de Trabajo y Previsión Social,Instituto de Capacitación para el Trabajo del Estado de Hidalgo,Calle Lote 17 San Juan Tilcuautla 42160 San Juan Tilcuautla San Agustín Tlaxiaca,Ambos,60.0,1,1,3,73362,0,100.0,1,1211.0,918.0,0.5533264654486575
6737.0,Titulación UPFIM,Secretaría de Educación Pública,Universidad Politécnica Francisco I. Madero,Calle s/n Domicilio Conocido 42660 Tepatepec Francisco I. Madero,Social,518400.0,0,8,11,750,0,100.0,1,695.0,873.0,6.367704186548722
7961.0,Emisión de constancias de estudio UTVM,Secretaría de Educación Pública,Universidad Tecnológica del Valle del Mezquital,Carretera S/N El Nith 42300 El Nith Ixmiquilpan,Social,10.0,0,1,1,672,0,100.0,1,144.0,728.0,-1.4324323868707851
10525.0,Certificado de Estudios UPFIM,Secretaría de Educación Pública,Universidad Politécnica Francisco I. Madero,Calle s/n Domicilio Conocido 42660 Tepatepec Francisco I. Madero,Social,21600.0,0,1,1,600,0,100.0,1,2871.0670103092784,51.0,-1.5266641530359282
9072.0,Admisión- UICEH,Secretaría de Educación Pública,Universidad Intercultural del Estado de Hidalgo,Carretera s/n El Desdavi 43487 El Desdavi Tenango De Doria,Social,22864.51619047619,0,3,1,208,251,45.31590414,1,32.0,2716.0,-1.4976194614087495
8190.0,Historial Académico UPMH,Secretaría de Educación Pública,Universidad Politécnica Metropolitana de Hidalgo,Boulevard 1009 San Javier 43860 Tolcayuca Tolcayuca,Social,180.0,0,1,9,653,0,100.0,1,999.0,348.0,6.520209240936624
8138.0,Titulación UTVAM,Secretaría de Educación Pública,Universidad Tecnológica de la Zona Metropolitana del Valle de México,Boulevard 5 Los Héroes Tizayuca 43816 Tizayuca Tizayuca,Social,2880.0,2,7,3,36,0,100.0,1,1227.0,612.0,0.642340872663023
7271.0,Inscripción UTVAM,Secretaría de Educación Pública,Universidad Tecnológica de la Zona Metropolitana del Valle de México,Boulevard 5 Los Héroes Tizayuca 43816 Tizayuca Tizayuca,Social,2880.0,0,5,14,257,0,100.0,1,930.0,1169.0,11.548417174894151
1643.0,Credencialización UTMIR,Secretaría de Educación Pública,Universidad Tecnológica de Mineral de la Reforma,Calle 1000 Paseos de Chavarría 42186 Pachuquilla Mineral De La Reforma,Social,15.0,0,0,7,520,0,100.0,1,493.0,144.0,4.515301596757045
1575.0,Capacitación en elaboración de quesos y derivados lácteos.,Secretaría de Agricultura y Desarrollo Rural,Secretaría de Agricultura y Desarrollo Rural,"Carretera S/N Venta Prieta, Ex Centro Minero 42080 Pachuca De Soto Pachuca De Soto",Ambos,14400.0,1,1,2,537,10,98.17184644,0,891.0,0.0,-0.5257975904089686
540.0,Constancia de Uso de Suelo,Secretaría de Infraestructura Pública y Desarrollo Urbano Sostenible,Secretaría de Infraestructura Pública y Desarrollo Urbano Sostenible,Boulevard km. 93.5 Venta Prieta 42080 Pachuca De Soto Pachuca De Soto,Ambos,25.0,1,3,1,503,0,100.0,1,9587.0,0.0,-1.4003028739738974
9518.0,Inscripción a cursos de Educación Continua UTHH,Secretaría de Educación Pública,Universidad Tecnológica de la Huasteca Hidalguense,Carretera S/N Tepoxteco 43000 Tepoxteco Huejutla De Reyes,Ambos,4320.0,1,1,2,39,0,100.0,1,155.0,276.0,-0.4594396921215035
351.0,Servicio de Diseño de Imagen Corporativa o Logotipo,Secretaría de Desarrollo Económico,Instituto Hidalguense de Competitividad Empresarial,Calle 605 Venta Prieta 42080 Pachuca De Soto Pachuca De Soto,Empresarial,22864.51619047619,0,1,1,111,0,100.0,1,918.0,851.0,-1.5321832634561692
8326.0,Titulación UTMZ,Secretaría de Educación Pública,Universidad Tecnológica Minera de Zimapán,Calle 34 La Tahona 42344 Zimapán Zimapán,Social,216000.0,0,6,1,397,0,100.0,1,402.0,151.0,-2.288733357621125
8327.0,Certificado Parcial de Estudios UTMZ,Secretaría de Educación Pública,Universidad Tecnológica Minera de Zimapán,Calle 34 LA Tahona 42344 Zimapán Zimapán,Social,7200.0,0,1,11,397,0,100.0,1,139.0,82.0,8.47791563452964
7527.0,Cursos de Verano (asignaturas) ITESHU.,Secretaría de Educación Pública,Instituto Tecnológico Superior de Huichapan,Calle S/N El Saucillo 42411 Huichapan Huichapan,Social,21600.0,0,1,1,210,0,100.0,1,245.0,277.0,-1.5266641530359282
1588.0,Constancia de estudios o Constancia de estudios con calificaciones UPE,Secretaría de Educación Pública,Universidad Politécnica de la Energía,Carretera S/N Ejido de Zaragoza 42820 San Miguel Vindho Tula De Allende,Social,4320.0,0,1,1,357,0,100.0,1,580.0,153.0,-1.4512438232844846
1432.0,Expedición de finiquito o Constancia de no adeudo,Secretaría de Infraestructura Pública y Desarrollo Urbano Sostenible,Comisión Estatal de Vivienda,Boulevard 117 El Palmar I 42088 Pachuca De Soto Pachuca De Soto,Social,20.0,1,3,1,234,97,70.69486405,1,846.0,1174.0,-1.4002810509618167
1632.0,Inscripción UTMIR,Secretaría de Educación Pública,Universidad Tecnológica de Mineral de la Reforma,Calle 1000 Paseos de Chavarría 42186 Pachuquilla Mineral De La Reforma,Social,15.0,0,5,3,233,0,100.0,1,632.0,744.0,0.6250192967665126
637.0,Derecho de Preferencia,Secretaría de Infraestructura Pública y Desarrollo Urbano Sostenible,Secretaría de Infraestructura Pública y Desarrollo Urbano Sostenible,Boulevard km. 93.5 Venta Prieta 42080 Pachuca De Soto Pachuca De Soto,Social,25.0,1,4,1,25,0,100.0,1,1935.0,1173.0,-1.3830209729501879
636.0,Derecho de Preferencia,Secretaría de Infraestructura Pública y Desarrollo Urbano Sostenible,Comisión Estatal de Vivienda,Boulevard 117 El Palmar I 42088 Pachuca De Soto Pachuca De Soto,Social,25.0,1,4,1,25,0,100.0,1,457.0,1173.0,-1.3830209729501879
9364.0,Servicio: Asesoría especializada en Acompañamiento y Desarrollo Empresarial,Secretaría de Desarrollo Económico,Instituto Hidalguense de Competitividad Empresarial,Calle 605 Venta Prrieta 42083 Pachuca De Soto Pachuca De Soto,Social,22864.51619047619,0,0,1,0,0,0.0,0,39.0,528.0,-1.5718278704123347
8259.0,Constancia Escolar UPH,Secretaría de Educación Pública,Universidad Politécnica de Huejutla,Calle s/n Tepoxtequito 43000 Huejutla De Reyes Huejutla De Reyes,Social,30.0,0,1,2,150,0,100.0,1,111.0,74.0,-0.43834672764183846
9038.0,Elaboración de Escrituras - Comisión Estatal de Vivienda,Secretaría de Infraestructura Pública y Desarrollo Urbano Sostenible,Comisión Estatal de Vivienda,Boulevard 117 El Palmar I 42088 Pachuca De Soto Pachuca De Soto,Social,40.0,1,4,1,181,0,100.0,1,415.0,10207.0,-1.3830864419864302
1554.0,Revalidación de Estudios de Educación Básica,Secretaría de Educación Pública,Instituto Hidalguense de Educación,Boulevard s/n Venta Prieta 42083 Pachuca De Soto Pachuca De Soto,Social,2880.0,1,3,2,240,0,100.0,1,584.0,1218.0,-0.4185908625947968
1462.0,Escuelas de Iniciación Técnico Deportivas del Instituto Hidalguense del Deporte,Secretaría de Educación Pública,Instituto Hidalguense del Deporte,Calle 104 Carlos Rovirosa 42082 Pachuca De Soto Pachuca De Soto,Social,10.0,1,3,2,1850,60,96.85863874,1,9420.0,4372.0,-0.40606445366038457
8137.0,Credencial Escolar UTMZ,Secretaría de Educación Pública,Universidad Tecnológica Minera de Zimapán,Calle 34 La Tahona 42350 Zimapán Zimapán,Social,1440.0,0,1,1,233,0,100.0,1,114.0,92.0,-1.4386737683259105
1781.0,Captación de Leche en Centros de Acopio.,Secretaría de Agricultura y Desarrollo Rural,Secretaría de Agricultura y Desarrollo Rural,"Carretera S/N Venta Prieta, Ex Centro Minero 42080 Pachuca De Soto Pachuca De Soto",Ambos,1440.0,1,0,2,221,0,100.0,0,772.0,315.0,-0.4865142441190952
1264.0,"Publicación en el Periódico Oficial, que realizan los Municipios de instrumentos legales.",Secretaría de Gobierno,Secretaría de Gobierno,Calle 517 Centro 42000 Pachuca De Soto Pachuca De Soto,Ambos,22864.51619047619,0,0,1,208,8,96.2962963,1,1952.0,255.0,-1.5494651644798785
11334.0,"Publicación en el Periódico Oficial, que realizan los Municipios de instrumentos legales.",Secretaría de Gobierno,Secretaría de Gobierno,Calle 517 Centro 42000 Pachuca De Soto Pachuca De Soto,Ambos,22864.51619047619,0,0,1,208,8,96.2962963,1,2871.0670103092784,255.0,-1.5494651644798785
981.0,Constancias de estudios con calificaciones de Primaria General,Secretaría de Educación Pública,Instituto Hidalguense de Educación,Boulevard S/N Venta Prieta 42083 Pachuca De Soto Pachuca De Soto,Social,45.0,1,1,2,3006,0,100.0,0,4140.0,2312.0,-0.4631437227248264
1580.0,Solicitud de Fichas de Ingreso UPE,Secretaría de Educación Pública,Universidad Politécnica de la Energía,Carretera S/N Ejido de Zaragoza 42820 San Miguel Vindho Tula De Allende,Social,2880.0,1,3,1,195,0,100.0,1,507.0,1565.0,-1.412763813872067
7072.0,Capacitación,Secretaría de Hacienda,Instituto Catastral,Calle 105 Real de Minas 42090 Pachuca De Soto Pachuca De Soto,Social,172800.0,1,1,1,0,0,0.0,1,889.0,3305.4179357022,-2.1889608584753524
549.0,Solicitud de factibilidad para la contratación del servicio de agua potable.,Secretaría de Infraestructura Pública y Desarrollo Urbano Sostenible,Comisión de Agua y Alcantarillado del Sistema Valle del Mezquital,Calle 27 Segunda Demarcación 42660 Tepatepec Francisco I. Madero,Social,22864.51619047619,1,3,1,170,16,91.39784946,1,1418.0,36.0,-1.4999882815230385
8709.0,Cédula de Validación Estatal Impulso NAFIN-Hidalgo,Secretaría de Desarrollo Económico,Secretaría de Desarrollo Económico,Calle 305 Zona Plateada 42084 Pachuca De Soto Pachuca De Soto,Empresarial,15.0,1,1,3,171,0,100.0,0,166.0,562.0,0.5311601666249286
10975.0,Por expedición de primeros y segundos testimonios,Secretaría de Gobierno,Dirección General del Archivo General de Notarías,Calle 517 Centro 42000 Pachuca De Soto Pachuca De Soto,Ambos,22864.51619047619,1,0,1,0,0,0.0,1,2871.0670103092784,83.0,-1.5518339845941673
1583.0,Inscripción UPE,Secretaría de Educación Pública,Universidad Politécnica de la Energía,Carretera S/N Ejido de Zaragoza 42820 San Miguel Vindho Tula De Allende,Social,30.0,1,3,1,156,0,100.0,1,488.0,1296.0,-1.4003246969859782
10095.0,Financiamiento para Estudios de Nivel Superior,Secretaría de Educación Pública,Instituto Hidalguense de Financiamiento a la Educación Superior,Calle 100 Lomas Residencial Pachuca 42094 Pachuca De Soto Pachuca De Soto,Social,2880.0,1,5,1,155,0,100.0,1,2871.0670103092784,740.0,-1.3782000118246476
585.0,Talleres artísticos especializados del Centro de las Artes de Hidalgo.,Secretaría de Cultura,Consejo Estatal para la Cultura y las Artes de Hidalgo,Calle S/N Centro 42000 Pachuca De Soto Pachuca De Soto,Social,14400.0,0,0,1,0,0,0.0,1,1879.0,1351.0,-1.5125209166632032
5525.0,Expedición de Certificados Bachillerato del Estado de Hidalgo,Secretaría de Educación Pública,Bachillerato del Estado de Hidalgo,Circuito Lote 17 San Juan Tilcuautla 42160 San Juan Tilcuautla San Agustín Tlaxiaca,Social,30.0,0,2,1,139,0,100.0,1,1486.0,13709.0,-1.4152377778953988
7973.0,Equivalencia de Estudios de tipo Superior,Secretaría de Educación Pública,Secretaría de Educación Pública,Circuito Lote 17 Ex Hacienda La Concepción 42186 San Juan Tilcuautla San Agustín Tlaxiaca,Social,7200.0,1,5,12,133,0,100.0,1,587.0,3305.4179357022,9.538847369787462
7587.0,Acreditación de la Lengua Extranjera ITESHU.,Secretaría de Educación Pública,Instituto Tecnológico Superior de Huichapan,"Calle sin numero El Saucillo Huichapan, Hgo. 42411 Huichapan Huichapan",Social,34560.0,0,1,1,110,0,100.0,1,358.0,194.0,-1.5832294003495115
8751.0,"Validación de trabajos con maquinaria pesada, para su ejecución mediante cuotas de recuperación.",Secretaría de Infraestructura Pública y Desarrollo Urbano Sostenible,Centro Estatal de Maquinaria para el Desarrollo,Calle 102 Rancho San Cayetano 42186 San Fernando Mineral De La Reforma,Social,10080.0,1,0,1,104,0,100.0,0,106.0,211.0,-1.5183973602720873
669.0,Cambio de nombre del titular de contrato de agua potable.,Secretaría de Infraestructura Pública y Desarrollo Urbano Sostenible,Comisión de Agua y Alcantarillado del Sistema Valle del Mezquital,Calle 27 Segunda Demarcación 42660 Tepatepec Francisco I. Madero,Social,22864.51619047619,1,1,1,39,1,97.5,1,1151.0,39.0,-1.534552083570458
5526.0,Expedición de Historial Académico Bachillerato del Estado de Hidalgo,Secretaría de Educación Pública,Bachillerato del Estado de Hidalgo,Circuito Lote 17 San Juan Tilcuautla 42160 San Juan Tilcuautla San Agustín Tlaxiaca,Social,30.0,0,1,1,64,0,100.0,1,865.0,692.0,-1.4325196789191086
8373.0,Constitución de Sociedades Cooperativas y Sociedades de Responsabilidad Limitada Microindustrial o Artesanal.,Secretaría de Desarrollo Económico,Secretaría de Desarrollo Económico,Camino 305 Zona Plateada 42084 Pachuca De Soto Pachuca De Soto,Empresarial,15.0,1,3,1,39,0,100.0,0,872.0,1695.0,-1.422621933882192
1128.0,Autorizaciones provisionales para profesionistas,Secretaría de Educación Pública,Secretaría de Educación Pública,Circuito Lote 17 Circuito Ex Hacienda La Concepción 42186 San Juan Tilcuautla San Agustín Tlaxiaca,Social,60.0,2,9,2,24,0,100.0,1,5300.0,2807.0,-0.30496009775322364
9950.0,"Titulación Nivel Licenciatura, Grado Académico Maestría y Especialidad UNIDEH.",Secretaría de Educación Pública,Universidad Digital del Estado de Hidalgo,Boulevard Mza. 10 Santa Catarina 42163 San Miguel Tornacuxtla San Agustín Tlaxiaca,Social,30.0,0,4,1,50,0,100.0,1,8.0,306.0,-1.38067397584798
1541.0,Refrendo anual de registro de perito valuador,Secretaría de Hacienda,Instituto Catastral,Calle 105 Real de Minas 42090 Pachuca De Soto Pachuca De Soto,Social,172800.0,2,2,1,0,0,0.0,1,779.0,305.0,-2.1740477775659315
4808.0,Becas Institucionales UPMH,Secretaría de Educación Pública,Universidad Politécnica Metropolitana de Hidalgo,Boulevard 1009 San Javier 43860 Tolcayuca Tolcayuca,Social,87840.0,0,2,1,46,0,100.0,0,816.0,444.0,-1.8208562219918771
1690.0,Vinculación al Servicio Social y Prácticas Profesionales,Oficialía Mayor,Oficialía Mayor,Avenida 100 A Centro 42000 Pachuca De Soto Pachuca De Soto,Social,7200.0,1,1,1,226,0,100.0,0,3233.0,6018.0,-1.4885454042898034
6614.0,Ficha para Examen de Admisión UPP,Secretaría de Educación Pública,Universidad Politécnica de Pachuca,Carretera S/N Santa Bárbara 43830 Zempoala Zempoala,Social,80.0,0,2,9,281,250,52.91902072,1,1039.0,4524.0,6.537927602201952
7969.0,Expedición de Credencial Escolar Bachillerato del Estado de Hidalgo,Secretaría de Educación Pública,Bachillerato del Estado de Hidalgo,Circuito Lote 17 San Juan Tilcuautla 42160 San Juan Tilcuautla San Agustín Tlaxiaca,Social,30.0,0,1,1,41,0,100.0,1,381.0,687.0,-1.4325196789191086
10078.0,Inscripción registro de perito Topográfo (Catastral),Secretaría de Hacienda,Instituto Catastral,Calle 105 Real de Minas 42090 Pachuca De Soto Pachuca De Soto,Social,172800.0,2,1,1,0,0,0.0,1,2871.0670103092784,836.0,-2.191329678589641
682.0,Consulta Documental en temas de Población,Secretaría de Gobierno,Consejo Estatal de Población,Calle 308 Periodistas 42060 Pachuca De Soto Pachuca De Soto,Social,1440.0,0,1,1,23,0,100.0,0,375.0,4.0,-1.4610364742583664
1448.0,Atención jurídica en materia familiar.,Secretaría de Gobierno,Centro de Justicia Para Mujeres,Calle 118 San Carlos 42084 Pachuca De Soto Pachuca De Soto,Social,50.0,0,0,1,0,0,0.0,0,2691.0,3758.0,-1.472251577923598
8260.0,Historial Académico UPH,Secretaría de Educación Pública,Universidad Politécnica de Huejutla,Calle S/N Tepoxtequito 43000 Huejutla De Reyes Huejutla De Reyes,Social,30.0,0,1,2,100,0,100.0,1,81.0,66.0,-0.43834672764183846
626.0,Información de Predios con Potencial para el Desarrollo de Parques Industriales.,Secretaría de Desarrollo Económico,Corporación de Fomento de Infraestructura Industrial,Carretera S/N Las Colonias 42083 Pachuca De Soto Pachuca De Soto,Empresarial,22864.51619047619,0,0,1,0,0,0.0,0,472.0,210.0,-1.5718278704123347
10600.0,Constancia de Estudios (CEH),Secretaría de Educación Pública,Colegio del Estado de Hidalgo,Boulevard 3 Circuito de la Concepción 42162 San Agustín Tlaxiaca San Agustín Tlaxiaca,Social,7200.0,1,0,1,10,0,100.0,1,2871.0670103092784,74.0,-1.483464599381057
10617.0,"Capacitaciones, platicas o talleres sobre el cuidado y la conservación de la biodiversidad",Secretaría de Medio Ambiente y Recursos Naturales,Comisión Estatal de Biodiversidad de Hidalgo,Boulevard 2005 Coscotitlán 42064 Pachuca De Soto Pachuca De Soto,Ambos,1440.0,1,0,1,2,0,100.0,0,2871.0670103092784,266.0,-1.4806871953963652
8954.0,Estudio de prefactibilidad en polígonos para proyectos energéticos.,Secretaría de Desarrollo Económico,Agencia Estatal de Energía de Hidalgo,Boulevard 222 Zona Plateada 42084 Pachuca De Soto Pachuca De Soto,Ambos,36000.0,1,3,1,5,0,100.0,1,371.0,226.0,-1.5573194458956678
7534.0,Servicios de Equinoterapia UPP,Secretaría de Educación Pública,Universidad Politécnica de Pachuca,Ampliación S/N Santa Barbara 43830 Rancho Luna Zempoala,Social,60.0,0,3,1,3,0,100.0,1,503.0,727.0,-1.3980868149441739
1450.0,"Atención psicológica a mujeres en situación de violencia de género y, en su caso, a sus hijas e hijos menores de edad.",Secretaría de Gobierno,Centro de Justicia Para Mujeres,Calle 118 San Carlos 42084 Pachuca De Soto Pachuca De Soto,Social,50.0,0,0,1,0,0,0.0,0,1364.0,1005.0,-1.472251577923598
7386.0,Sanitarios con Biodigestor Para Población Indígena,Organismos No Sectorizados,Comisión Estatal para el Desarrollo Sostenible de los Pueblos Indígenas (CEDSPI),Calle 301 Real de Minas 42090 Pachuca De Soto Pachuca De Soto,Social,22864.51619047619,1,3,1,22,0,100.0,0,549.0,308.0,-1.5223509874554948
1383.0,Revalidación de Estudios de tipo Superior,Secretaría de Educación Pública,Secretaría de Educación Pública,Circuito Lote 17 Ex Hacienda La Concepción 42186 San Juan Tilcuautla San Agustín Tlaxiaca,Social,11520.0,1,5,12,9,0,100.0,1,542.0,1005.0,9.5199922873496
9885.0,Arrendamiento de salas y espacios en el Parque Científico y Tecnológico de Hidalgo (PCYTH),Organismos No Sectorizados,"Consejo de Ciencia, Tecnología e Innovación de Hidalgo (CITNOVA)",Boulevard 3 La Concepción 42162 San Agustín Tlaxiaca San Agustín Tlaxiaca,Ambos,1440.0,0,0,1,9,9,50.0,1,4.0,165.0,-1.45595566934962
1447.0,Atención jurídica en materia penal.,Secretaría de Gobierno,Centro de Justicia Para Mujeres,Calle 118 San Carlos 42084 Pachuca De Soto Pachuca De Soto,Social,50.0,0,0,1,0,0,0.0,0,1588.0,3305.4179357022,-1.472251577923598
7643.0,Titulación Nivel Posgrado (CEH),Secretaría de Educación Pública,Colegio del Estado de Hidalgo,Boulevard 3 De la Concepción 42162 San Agustín Tlaxiaca San Agustín Tlaxiaca,Social,345600.0,1,0,1,7,0,100.0,1,460.0,201.0,-2.960446057013502
10619.0,Monitoreo y opiniones técnica en materia de Biodiversidad,Secretaría de Medio Ambiente y Recursos Naturales,Comisión Estatal de Biodiversidad de Hidalgo,Boulevard 2005 Coscotitlán 42064 Pachuca De Soto Pachuca De Soto,Ambos,1440.0,1,0,1,4,0,100.0,0,2871.0670103092784,42.0,-1.4806871953963652
615.0,Asesoría para la Inversión de Desarrollos Industriales Específicamente en Parques Industriales y Logísticos.,Secretaría de Desarrollo Económico,Corporación de Fomento de Infraestructura Industrial,Carretera S/N Las Colonias 42083 Pachuca De Soto Pachuca De Soto,Empresarial,22864.51619047619,0,0,1,0,0,0.0,0,682.0,418.0,-1.5718278704123347
7583.0,Dictamen de Convalidación ITESHU.,Secretaría de Educación Pública,Instituto Tecnológico Superior de Huichapan,"Calle sin numero El Saucillo Huichapan, Hgo. 42411 Huichapan Huichapan",Social,15840.0,1,4,1,3,0,100.0,1,204.0,156.0,-1.4520471601619402
11098.0,Certificado Parcial de Estudios (CEH),Secretaría de Educación Pública,Colegio del Estado de Hidalgo,Boulevard 3 Circuito de la Concepción 42162 San Agustín Tlaxiaca San Agustín Tlaxiaca,Social,7200.0,1,0,1,10,0,100.0,1,2871.0670103092784,62.0,-1.483464599381057
10616.0,Jardines Polinizadores ó farmacias vivientes,Secretaría de Medio Ambiente y Recursos Naturales,Comisión Estatal de Biodiversidad de Hidalgo,Calle 2005 Coscotitlán 42064 Pachuca De Soto Pachuca De Soto,Ambos,1440.0,1,0,2,2,0,100.0,0,2871.0670103092784,206.0,-0.4865142441190952
426.0,Asesoría y Capacitación en Materia de Contraloría Social,Secretaría de Contraloría,Secretaría de Controlaría,Carretera Lote 4-B Fracción I Ex Hacienda La Concepción 42162 San Juan Tilcuautla San Agustín Tlaxiaca,Social,22864.51619047619,0,0,1,0,0,0.0,0,1558.0,1167.0,-1.5718278704123347
462.0,Centros de Atención Infantil (CAI),Organismos No Sectorizados,Sistema para el Desarrollo Integral de la Familia del Estado de Hidalgo,Calle 104 Ex. Hacienda de Guadalupe 42000 Pachuca De Soto Pachuca De Soto,Social,22864.51619047619,0,6,1,6299,0,100.0,0,2785.0,9358.0,-1.4681364642700767
499.0,Registro de Organizaciones de la Sociedad Civil de Asistencia Social,Organismos No Sectorizados,Sistema para el Desarrollo Integral de la Familia del Estado de Hidalgo,Calle 15 Centro 42000 Pachuca De Soto Pachuca De Soto,Social,22864.51619047619,4,4,1,2592,0,100.0,0,1580.0,2041.0,-1.5121755467746514
554.0,Servicio Social DIF,Organismos No Sectorizados,Sistema para el Desarrollo Integral de la Familia del Estado de Hidalgo,Calle 100 Centro 42000 Pachuca De Soto Pachuca De Soto,Social,22864.51619047619,0,2,1,822,0,100.0,0,867.0,1009.0,-1.5372640683649152
925.0,Prevención Social de la Violencia y la Delincuencia.,Secretaría de Seguridad Pública,Secretaría de Seguridad Pública,Calle S/N Fraccionamiento Colosio II 42039 Pachuca De Soto Pachuca De Soto,Ambos,8640.0,1,1,1,294,0,100.0,0,1101.0,1837.0,-1.4948304317690906
1177.0,Renovación anual del registro estatal de consultores en materia de protección civil,Secretaría de Gobierno,Subsecretaría de Protección Civil y Gestión de Riesgos,Calle 903 Revolución 42060 Pachuca De Soto Pachuca De Soto,Ambos,43200.0,0,0,1,0,0,0.0,1,1304.0,559.0,-1.638221466248943
1261.0,"Por la Suscripción al Periódico Oficial, por ejercicio fiscal vigente.",Secretaría de Gobierno,Secretaría de Gobierno,Calle 517 Centro 42000 Pachuca De Soto Pachuca De Soto,Ambos,480.0,0,0,1,10,0,100.0,1,621.0,250.0,-1.4517656510300954
1301.0,Expedición de Registro de Personal Docente de instituciones particulares de educación superior,Secretaría de Educación Pública,Secretaría de Educación Pública,Circuito Lote 17 Ex Hacienda La Concepción 42186 San Juan Tilcuautla San Agustín Tlaxiaca,Empresarial,14400.0,1,4,12,816,0,100.0,1,3223.0,3750.0,9.490140331367314
1477.0,Casa de la Mujer Hidalguense,Organismos No Sectorizados,Sistema para el Desarrollo Integral de la Familia del Estado de Hidalgo,Calle 103 Colosio I 42088 Pachuca De Soto Pachuca De Soto,Social,180.0,0,4,1,6701,0,100.0,0,7831.0,4658.0,-1.4036913721428619
1481.0,"Reporte de violencia o maltrato en contra de Niñas, Niños y Adolescentes",Organismos No Sectorizados,Sistema para el Desarrollo Integral de la Familia del Estado de Hidalgo,Calle 118 Centro 42000 Pachuca De Soto Pachuca De Soto,Social,22864.51619047619,0,0,1,7955,0,100.0,0,5817.0,8564.0,-1.5718278704123347
1776.0,Autorización Para el Uso y Aprovechamiento del Derecho de Vía Estatal,Secretaría de Infraestructura Pública y Desarrollo Urbano Sostenible,Secretaría de Infraestructura Pública y Desarrollo Urbano Sostenible,Boulevard No. 1120 Villa Aquiles Serdan 42030 Pachuca De Soto Pachuca De Soto,Ambos,35.0,1,7,1,50,8,86.20689655,1,2554.0,1680.0,-1.3312189159032206
1777.0,Expedición de Oficio de Afectación o no Afectación del Derecho de Vía,Secretaría de Infraestructura Pública y Desarrollo Urbano Sostenible,Secretaría de Infraestructura Pública y Desarrollo Urbano Sostenible,Boulevard No. 1120 Villa Aquiles Serdan 42000 Pachuca De Soto Pachuca De Soto,Ambos,25.0,1,2,1,52,0,100.0,0,534.0,831.0,-1.4399474809300632
1778.0,Expedición de Oficio de Afectación de Vialidades y Señalamiento por Accidentes,Secretaría de Infraestructura Pública y Desarrollo Urbano Sostenible,Secretaría de Infraestructura Pública y Desarrollo Urbano Sostenible,Boulevard No. 1120 Villa Aquiles Serdan 42030 Pachuca De Soto Pachuca De Soto,Ambos,20.0,1,2,1,45,23,66.17647059,1,843.0,1770.0,-1.4175629519855262
4856.0,Expedición Tarjeta Preferente Tuzobús para Personas con Discapacidad,Secretaría de Movilidad y Transporte,Sistema de Transporte Masivo de Hidalgo,Calle S/N Venta Prieta 42083 Pachuca De Soto Pachuca De Soto,Social,20.0,1,2,1,129,0,100.0,1,1265.0,920.0,-1.4175629519855262
5572.0,"Por la certificación, expedición y entrega de un ejemplar del Periódico Oficial del Estado.",Secretaría de Gobierno,Secretaría de Gobierno,Calle 517 Centro 42000 Pachuca De Soto Pachuca De Soto,Ambos,480.0,0,0,9,120,2,98.36065574,1,705.0,138.0,6.501617959188066
6583.0,Devolución Vehículos Recuperados,Procuraduría General de Justicia,Procuraduría General de Justicia,Calle Km 84.5 SPAUAH 42083 Pachuca De Soto Pachuca De Soto,Ambos,4320.0,0,5,3,0,0,0.0,0,5565.0,7102.0,0.5838669774324375
6717.0,Convocatoria del Instituto de Formación Profesional,Secretaría de Seguridad Pública,Secretaría de Seguridad Pública,Carretera Km. 0+500 San José Palma Gorda 42188 San José Palma Gorda Mineral De La Reforma,Social,64800.0,3,15,1,177,238,42.65060241,0,26668.0,20368.0,-1.5027375293579264
392.0,Inscripción al Padrón de Contratistas (Persona Moral),Secretaría de Contraloría,Secretaría de Controlaría,"Carretera 0 Venta Prieta, Ex Centro Minero 42083 Pachuca De Soto Pachuca De Soto",Empresarial,21600.0,0,0,1,0,0,0.0,1,12559.0,21436.0,-1.5439460540596377
406.0,Inscripción al Padrón de Contratistas (Persona Física),Secretaría de Contraloría,Secretaría de Controlaría,"Carretera 0 Venta Prieta, Ex Centro Minero 42083 Pachuca De Soto Pachuca De Soto",Empresarial,22864.51619047619,0,0,1,0,0,0.0,1,15072.0,13991.0,-1.5494651644798785
409.0,Revalidación del Registro de Contratistas (Persona Moral),Secretaría de Contraloría,Secretaría de Controlaría,"Carretera 301 Venta Prieta, Ex Centro Minero 42083 Pachuca De Soto Pachuca De Soto",Empresarial,22864.51619047619,0,0,1,0,0,0.0,1,9847.0,3496.0,-1.5494651644798785
412.0,Revalidación del Registro de Contratistas (Persona Física),Secretaría de Contraloría,Secretaría de Controlaría,"Carretera 0 Venta Prieta, Ex Centro Minero 42083 Pachuca De Soto Pachuca De Soto",Empresarial,21600.0,0,0,1,0,0,0.0,1,6835.0,4580.0,-1.5439460540596377
430.0,Prestación de servicios del Complejo Deportivo Revolución Mexicana del Instituto Hidalguense del Deporte,Secretaría de Educación Pública,Instituto Hidalguense del Deporte,Calle - Periodistas 42060 Pachuca De Soto Pachuca De Soto,Social,10.0,3,3,2,1500,200,88.23529412,1,5798.0,6429.0,-0.4108020938889621
435.0,Caja general del Sistema DIF Hidalgo,Organismos No Sectorizados,Sistema para el Desarrollo Integral de la Familia del Estado de Hidalgo,Calle 100 Centro 42000 Pachuca De Soto Pachuca De Soto,Social,10.0,0,0,1,1315,0,100.0,0,878.0,919.0,-1.4720769938269513
440.0,Capacitar con temas gerontológicos a los enlaces y/o personas que estén al frente de grupos de personas adultas mayores de los diferentes DIF Municipales.,Organismos No Sectorizados,Sistema para el Desarrollo Integral de la Familia del Estado de Hidalgo,Calle 100 Centro 42000 Pachuca De Soto Pachuca De Soto,Social,7200.0,0,1,1,1204,0,100.0,0,2008.0,215.0,-1.4861765841755148
470.0,Centros de Desarrollo Comunitario Urbanos (CDC),Organismos No Sectorizados,Sistema para el Desarrollo Integral de la Familia del Estado de Hidalgo,Calle 600 Morelos 42040 Pachuca De Soto Pachuca De Soto,Social,22864.51619047619,0,0,1,854,0,100.0,0,613.0,1293.0,-1.5718278704123347
475.0,"Acompañamiento, asistencia y seguimiento de proyectos de inversión",Secretaría de Desarrollo Económico,Secretaría de Desarrollo Económico,Camino 305 Zona Plateada 42084 Pachuca De Soto Pachuca De Soto,Empresarial,60.0,1,0,3,65,0,100.0,0,1028.0,550.0,0.5136818584924919
476.0,Comercialización de prendas no desempeñadas,Organismos No Sectorizados,Sistema para el Desarrollo Integral de la Familia del Estado de Hidalgo,Calle 104 El Palmar 42030 Pachuca De Soto Pachuca De Soto,Social,22864.51619047619,0,0,1,353,0,100.0,0,709.0,939.0,-1.5718278704123347
482.0,Credencialización para Personas con Discapacidad Permanente,Organismos No Sectorizados,Sistema para el Desarrollo Integral de la Familia del Estado de Hidalgo,Boulevard S/N El Palmar 42088 Pachuca De Soto Pachuca De Soto,Social,22864.51619047619,0,3,1,8408,0,100.0,0,1137.0,4.0,-1.5199821673412057
484.0,"Apoyo con Estudios de gabinete, laboratorio y medicamentos",Organismos No Sectorizados,Sistema para el Desarrollo Integral de la Familia del Estado de Hidalgo,Calle 100 Centro 42000 Pachuca De Soto Pachuca De Soto,Social,22864.51619047619,0,1,1,259,0,100.0,0,906.0,985.0,-1.5545459693886252
489.0,Apoyo de Gastos Funerarios,Organismos No Sectorizados,Sistema para el Desarrollo Integral de la Familia del Estado de Hidalgo,Calle 100 Centro 42000 Pachuca De Soto Pachuca De Soto,Social,22864.51619047619,0,3,1,612,0,100.0,0,532.0,756.0,-1.5199821673412057
491.0,Jornadas Médicas de Subespecialidad,Organismos No Sectorizados,Sistema para el Desarrollo Integral de la Familia del Estado de Hidalgo,Calle 100 Centro 42000 Pachuca De Soto Pachuca De Soto,Social,22864.51619047619,1,2,1,616,0,100.0,0,675.0,1184.0,-1.5396328884792043
494.0,Ayudas Técnicas,Organismos No Sectorizados,Sistema para el Desarrollo Integral de la Familia del Estado de Hidalgo,Boulevard S/N El Palmar 42080 Pachuca De Soto Pachuca De Soto,Social,22864.51619047619,0,0,1,1685,0,100.0,0,1113.0,17.0,-1.5718278704123347
500.0,Servicio de Atención Psicológica,Organismos No Sectorizados,Sistema para el Desarrollo Integral de la Familia del Estado de Hidalgo,Calle 100 Centro 42000 Pachuca De Soto Pachuca De Soto,Social,22864.51619047619,0,0,1,9689,0,100.0,0,2940.0,9075.0,-1.5718278704123347
502.0,Servicio de Estacionamiento Plaza Independencia Reloj Monumental,Organismos No Sectorizados,Sistema para el Desarrollo Integral de la Familia del Estado de Hidalgo,Calle S/N Centro 42000 Pachuca De Soto Pachuca De Soto,Social,22864.51619047619,0,0,1,2671,0,100.0,0,1132.0,3305.4179357022,-1.5718278704123347
553.0,Licencia de Uso de Suelo,Secretaría de Infraestructura Pública y Desarrollo Urbano Sostenible,Secretaría de Infraestructura Pública y Desarrollo Urbano Sostenible,Boulevard km. 93.5 Venta Prieta 42080 Pachuca De Soto Pachuca De Soto,Ambos,30.0,2,8,1,16,0,100.0,1,23401.0,63.0,-1.3162840119817185
560.0,Taller Laboratorio de Órtesis y Prótesis,Organismos No Sectorizados,Sistema para el Desarrollo Integral de la Familia del Estado de Hidalgo,Boulevard S/N El Palmar 42088 Pachuca De Soto Pachuca De Soto,Social,22864.51619047619,0,2,1,1230,0,100.0,0,844.0,1461.0,-1.5372640683649152
564.0,Consulta Médica en el Servicio de Urgencias en el Hospital del Niño DIF Hidalgo,Organismos No Sectorizados,Sistema para el Desarrollo Integral de la Familia del Estado de Hidalgo,Boulevard S/N Venta Prieta 42083 Pachuca De Soto Pachuca De Soto,Social,22864.51619047619,0,1,1,4250,0,100.0,0,734.0,8102.0,-1.5545459693886252
587.0,Por actualización o reexpedición de órdenes de escrituración,Secretaría de Infraestructura Pública y Desarrollo Urbano Sostenible,Comisión Estatal de Vivienda,Boulevard 117 El Palmar I 42088 Pachuca De Soto Pachuca De Soto,Social,30.0,1,4,1,0,0,0.0,1,381.0,335.0,-1.3830427959622686
590.0,Autorización de Fusión,Secretaría de Infraestructura Pública y Desarrollo Urbano Sostenible,Secretaría de Infraestructura Pública y Desarrollo Urbano Sostenible,Boulevard km. 93.5 Venta Prieta 42080 Pachuca De Soto Pachuca De Soto,Ambos,20.0,1,7,1,2,0,100.0,1,1017.0,1112.0,-1.3311534468669783
592.0,Autorización de Subdivisión,Secretaría de Infraestructura Pública y Desarrollo Urbano Sostenible,Secretaría de Infraestructura Pública y Desarrollo Urbano Sostenible,Boulevard km. 93.5 Venta Prieta 42080 Pachuca De Soto Pachuca De Soto,Ambos,25.0,2,6,1,2,2,50.0,1,4864.0,3309.0,-1.350825991017057
602.0,Autorización de Fraccionamiento,Secretaría de Infraestructura Pública y Desarrollo Urbano Sostenible,Secretaría de Infraestructura Pública y Desarrollo Urbano Sostenible,Boulevard km. 93.5 Venta Prieta 42080 Pachuca De Soto Pachuca De Soto,Ambos,30.0,1,14,1,2,0,100.0,1,4844.0,534.0,-1.2102237857251716
606.0,Por trámite de avalúo y traslado de Dominio de la Comisión Estatal de Vivienda,Secretaría de Infraestructura Pública y Desarrollo Urbano Sostenible,Comisión Estatal de Vivienda,Boulevard 117 El Palmar I 42088 Pachuca De Soto Pachuca De Soto,Social,30.0,1,5,1,3,0,100.0,1,3524.0,2421.0,-1.3657608949385591
609.0,Entrega de paquetes de Conejos.,Secretaría de Agricultura y Desarrollo Rural,Secretaría de Agricultura y Desarrollo Rural,"Carretera S/N Venta Prieta, Ex Centro Minero 42080 Pachuca De Soto Pachuca De Soto",Ambos,2880.0,1,1,2,35,0,100.0,0,3917.0,1298.0,-0.4755173705746725
616.0,Albergue del Hospital del Niño DIF Hidalgo,Organismos No Sectorizados,Sistema para el Desarrollo Integral de la Familia del Estado de Hidalgo,Boulevard S/N Venta Prieta 42083 Pachuca De Soto Pachuca De Soto,Social,22864.51619047619,0,0,1,531,0,100.0,0,946.0,662.0,-1.5718278704123347
617.0,Autorización de Relotificación de Fraccionamiento,Secretaría de Infraestructura Pública y Desarrollo Urbano Sostenible,Secretaría de Infraestructura Pública y Desarrollo Urbano Sostenible,Boulevard km. 93.5 Venta Prieta 42080 Pachuca De Soto Pachuca De Soto,Ambos,20.0,1,8,1,2,0,100.0,1,1223.0,461.0,-1.3138715458432686
618.0,Alerta AMBER en Hidalgo,Procuraduría General de Justicia,Procuraduría General de Justicia,Carretera km. 84.5 La Herradura 42083 Pachuca De Soto Pachuca De Soto,Social,10.0,0,4,7,0,0,0.0,0,2409.0,3610.0,4.562088317931508
620.0,Autorización de Protocolización,Secretaría de Infraestructura Pública y Desarrollo Urbano Sostenible,Secretaría de Infraestructura Pública y Desarrollo Urbano Sostenible,Boulevard km. 93.5 Venta Prieta 42080 Pachuca De Soto Pachuca De Soto,Ambos,20.0,1,4,1,1,0,100.0,0,1084.0,679.0,-1.4053618558705634
621.0,Autorización de Venta de Lotes,Secretaría de Infraestructura Pública y Desarrollo Urbano Sostenible,Secretaría de Infraestructura Pública y Desarrollo Urbano Sostenible,Boulevard km. 93.5 Venta Prieta 42080 Pachuca De Soto Pachuca De Soto,Ambos,25.0,1,10,1,103,1,99.03846154,1,2898.0,1916.0,-1.2793295668079299
622.0,Autorización de Régimen de Propiedad en Condominio,Secretaría de Infraestructura Pública y Desarrollo Urbano Sostenible,Secretaría de Infraestructura Pública y Desarrollo Urbano Sostenible,Boulevard km. 93.5 Venta Prieta 42080 Pachuca De Soto Pachuca De Soto,Ambos,30.0,1,11,1,31,0,100.0,1,3307.0,2471.0,-1.2620694887963007
629.0,Inscripción UTTT,Secretaría de Educación Pública,Universidad Tecnológica de Tula-Tepeji,Avenida 1000 El 61 42830 El Carmen (La Mesita) Tula De Allende,Social,15.0,0,3,1,2058,0,100.0,1,820.0,2625.0,-1.3978904078354466
632.0,Búsqueda de documentos en archivo y expedición de copias,Secretaría de Infraestructura Pública y Desarrollo Urbano Sostenible,Comisión Estatal de Vivienda,Boulevard 117 El Palmar I 42088 Pachuca De Soto Pachuca De Soto,Social,15.0,1,1,1,24,0,100.0,1,562.0,281.0,-1.4348230299971545
633.0,Expedición de constancias de Propiedad y/o Posesión,Secretaría de Infraestructura Pública y Desarrollo Urbano Sostenible,Comisión Estatal de Vivienda,Boulevard 117 El Palmar I 42088 Pachuca De Soto Pachuca De Soto,Social,30.0,1,4,1,0,0,0.0,1,684.0,11990.0,-1.3830427959622686
639.0,Dictamen de Estudio de impacto Urbano y Vial,Secretaría de Infraestructura Pública y Desarrollo Urbano Sostenible,Secretaría de Infraestructura Pública y Desarrollo Urbano Sostenible,Boulevard km. 93.5 Venta Prieta 42080 Pachuca De Soto Pachuca De Soto,Ambos,30.0,1,4,1,11,0,100.0,1,3793.0,2945.0,-1.3830427959622686
640.0,Reposición de Acta Entrega,Secretaría de Infraestructura Pública y Desarrollo Urbano Sostenible,Comisión Estatal de Vivienda,Boulevard 117 El Palmar I 42088 Pachuca De Soto Pachuca De Soto,Social,30.0,1,3,1,124,13,90.51094891,1,612.0,304.0,-1.4003246969859782
642.0,Copias Certificadas y Simples,Secretaría de Infraestructura Pública y Desarrollo Urbano Sostenible,Secretaría de Infraestructura Pública y Desarrollo Urbano Sostenible,Boulevard km. 93.5 Venta Prieta 42080 Pachuca De Soto Pachuca De Soto,Ambos,20.0,1,1,1,0,0,0.0,1,706.0,1325.0,-1.4348448530092361
646.0,Copia de Plano,Secretaría de Infraestructura Pública y Desarrollo Urbano Sostenible,Comisión Estatal de Vivienda,Boulevard 117 El Palmar I 42088 Pachuca De Soto Pachuca De Soto,Social,30.0,1,1,1,1,0,100.0,1,608.0,502.0,-1.4348884990333974
648.0,Elaboración de Croquis de Localización por Lote,Secretaría de Infraestructura Pública y Desarrollo Urbano Sostenible,Comisión Estatal de Vivienda,Boulevard 117 El Palmar I 42088 Pachuca De Soto Pachuca De Soto,Social,30.0,1,1,1,14,0,100.0,1,612.0,1143.0,-1.4348884990333974
659.0,Marcado de lotes,Secretaría de Infraestructura Pública y Desarrollo Urbano Sostenible,Comisión Estatal de Vivienda,Boulevard 117 El Palmar I 42088 Pachuca De Soto Pachuca De Soto,Social,30.0,1,1,1,0,0,0.0,1,656.0,86.0,-1.4348884990333974
662.0,Entrega física del lote por segunda vez,Secretaría de Infraestructura Pública y Desarrollo Urbano Sostenible,Comisión Estatal de Vivienda,Boulevard 117 El Palmar I 42088 Pachuca De Soto Pachuca De Soto,Social,30.0,1,1,1,5,0,100.0,1,528.0,147.0,-1.4348884990333974
668.0,Levantamiento Topográfico,Secretaría de Infraestructura Pública y Desarrollo Urbano Sostenible,Comisión Estatal de Vivienda,Boulevard 117 El Palmar I 42088 Pachuca De Soto Pachuca De Soto,Social,30.0,1,1,1,24,0,100.0,1,718.0,2901.0,-1.4348884990333974
674.0,Capacitación Acuícola y Pesquera,Secretaría de Agricultura y Desarrollo Rural,Secretaría de Agricultura y Desarrollo Rural,Carretera S/N Venta Prieta 42080 Pachuca De Soto Pachuca De Soto,Ambos,43200.0,1,0,2,28,0,100.0,0,1861.0,759.0,-0.6687800410184183
706.0,Admisión UTVM,Secretaría de Educación Pública,Universidad Tecnológica del Valle del Mezquital,Carretera S/N El Nith 42300 Ixmiquilpan Ixmiquilpan,Social,1440.0,0,1,1,1196,0,100.0,1,767.0,375.0,-1.4386737683259105
738.0,Solicitud de baja temporal ó toma muerta del servicio de agua potable.,Secretaría de Infraestructura Pública y Desarrollo Urbano Sostenible,Comisión de Agua y Alcantarillado del Sistema Valle del Mezquital,Calle 27 Segunda Demarcación 42660 Tepatepec Francisco I. Madero,Social,22864.51619047619,1,0,1,39,1,97.5,0,585.0,9.0,-1.5741966905266236
740.0,Director Responsable y Corresponsable Modalidad Registro de DRyC,Secretaría de Infraestructura Pública y Desarrollo Urbano Sostenible,Secretaría de Infraestructura Pública y Desarrollo Urbano Sostenible,Boulevard km. 93.5 Venta Prieta 42080 Pachuca De Soto Pachuca De Soto,Social,30.0,2,5,1,48,0,100.0,1,3681.0,4144.0,-1.3681297150528482
751.0,Instalación física de toma de agua potable.,Secretaría de Infraestructura Pública y Desarrollo Urbano Sostenible,Comisión de Agua y Alcantarillado del Sistema Valle del Mezquital,Calle 27 Segunda Demarcación 42660 Tepatepec Francisco I. Madero,Social,22864.51619047619,0,1,1,21,21,50.0,0,590.0,6.0,-1.5545459693886252
764.0,"Asesoría de la Incubadora de Empresas del ICATHI, para iniciar o fortalecer un negocio",Secretaría de Trabajo y Previsión Social,Instituto de Capacitación para el Trabajo del Estado de Hidalgo,Calle Lote 17 San Juan Tilcuautla 42160 San Agustín Tlaxiaca San Agustín Tlaxiaca,Ambos,60.0,0,1,1,83,22,79.04761905,1,950.0,495.0,-1.4326506169915936
771.0,Inscripción COBAEH,Secretaría de Educación Pública,Colegio de Bachilleres del Estado de Hidalgo,"Circuito Lote 17, San Juan Tilcuautla 42160 San Juan Tilcuautla San Agustín Tlaxiaca",Social,10.0,0,6,1,13307,0,100.0,1,1597.0,22859.0,-1.3460228817522366
778.0,Constancia de Persona Concesionaria y/o Permisionaria,Secretaría de Movilidad y Transporte,Sistema de Transporte Convencional de Hidalgo,Avenida 205 Sistema de Transporte Convencional 42083 Pachuca De Soto Pachuca De Soto,Social,22864.51619047619,1,2,1,0,0,0.0,1,284.0,3305.4179357022,-1.517270182546748
795.0,Inscripción UTVM,Secretaría de Educación Pública,Universidad Tecnológica del Valle del Mezquital,Carretera s/n El Nith 42300 Ixmiquilpan Ixmiquilpan,Social,1440.0,0,2,1,1482,0,100.0,1,690.0,2447.0,-1.4213918673022006
796.0,Reinscripción UTVM,Secretaría de Educación Pública,Universidad Tecnológica del Valle del Mezquital,Carretera s/n El Nith 42300 Ixmiquilpan Ixmiquilpan,Social,1440.0,0,1,1,5294,0,100.0,1,613.0,385.0,-1.4386737683259105
827.0,Otorgamiento o Renovación de Permisos del Servicio Privado y Complementario de Transporte de Personas y Bienes,Secretaría de Movilidad y Transporte,Sistema de Transporte Convencional de Hidalgo,Calle 205 Sistema de Transporte Convencional 42083 Pachuca De Soto Pachuca De Soto,Social,22864.51619047619,1,10,1,0,0,0.0,1,434.0,3305.4179357022,-1.3790149743570712
862.0,Mediación y Conciliación en Materia Penal,Procuraduría General de Justicia,Procuraduría General de Justicia,Calle S/N Colonias 42082 Pachuca De Soto Pachuca De Soto,Ambos,15.0,0,2,3,8548,8013,51.61524063,0,3527.0,5646.0,0.5508108877629271
913.0,Inscripción UTT,Secretaría de Educación Pública,Universidad Tecnológica de Tulancingo,Calle 301 Las Presas 43642 Tulancingo De Bravo Tulancingo De Bravo,Social,2880.0,0,1,13,674,0,100.0,1,846.0,243.0,10.48511661952204
917.0,Admisión UTT,Secretaría de Educación Pública,Universidad Tecnológica de Tulancingo,Calle 301 Las Presas 43642 Tulancingo De Bravo Tulancingo De Bravo,Social,2880.0,0,3,13,1482,0,100.0,1,896.0,715.0,10.519680421569458
944.0,Inscripción UPP,Secretaría de Educación Pública,Universidad Politécnica de Pachuca,Carretera S/N Santa Barbara 43830 Rancho Luna Zempoala,Social,30.0,1,4,2,114,0,100.0,1,1117.0,3553.0,-0.38886984468499836
947.0,Reinscripción UPP,Secretaría de Educación Pública,Universidad Politécnica de Pachuca,Carretera S/N Santa Barbara 43830 Rancho Luna Zempoala,Social,15.0,0,2,1,4400,0,100.0,1,706.0,636.0,-1.4151723088591563
954.0,Certificado de Normas Técnicas de Competencia Laboral en CONALEPH,Secretaría de Educación Pública,Colegio de Educación Profesional Técnica del Estado de Hidalgo,Calle Lt 17 San Juan Tilcuautla 42160 San Juan Tilcuautla San Agustín Tlaxiaca,Social,22864.51619047619,0,2,3,136,0,100.0,1,718.0,193.0,0.4734445401220807
960.0,Autorización para el trabajo de mayores de 15 años y menores de 16,Secretaría de Trabajo y Previsión Social,Secretaría de Trabajo y Previsión Social,Carretera 1955 CANACINTRA 0 La Reforma (CANACINTRA) [Parque Industrial] Mineral De La Reforma,Social,22864.51619047619,2,4,1,0,0,0.0,0,1401.0,1242.0,-1.5074379065460737
979.0,Inscripción a cursos de inglés,Secretaría de Educación Pública,Instituto Hidalguense de Educación,Boulevard S/N Venta Prieta 42083 Pachuca De Soto Pachuca De Soto,Social,40.0,1,2,1,43,0,100.0,1,2634.0,1499.0,-1.4176502440338496
988.0,Certificado de no Propiedad (Registro Público de la Propiedad y del Comercio),Secretaría de Gobierno,Dirección General del Instituto de la Función Registral,Avenida 907 Las Terrazas 42094 Pachuca De Soto Pachuca De Soto,Ambos,8640.0,2,1,1,47334,0,100.0,1,1187.0,809.0,-1.4748365459509227
989.0,Certificado de Única Propiedad (Registro Público de la Propiedad y del Comercio),Secretaría de Gobierno,Dirección General del Instituto de la Función Registral,Avenida 907 Las Terrazas 42094 Pachuca De Soto Pachuca De Soto,Ambos,8640.0,2,1,7,47334,0,100.0,1,706.0,262.0,4.4902011617126965
991.0,Informes sobre Inscripción de Testamentos (Registro Público de la Propiedad y del Comercio),Secretaría de Gobierno,Dirección General del Instituto de la Función Registral,Avenida 907 Las Terrazas 42094 Pachuca De Soto Pachuca De Soto,Ambos,21600.0,2,1,7,47334,0,100.0,1,525.0,815.0,4.433635914399114
993.0,Inscripción de Accesión de Terrenos Rústicos (Registro Público de la Propiedad y del Comercio),Secretaría de Gobierno,Dirección General del Instituto de la Función Registral,Avenida 907 Las Terrazas 42094 Pachuca De Soto Pachuca De Soto,Ambos,22864.51619047619,1,7,7,47334,0,100.0,1,1909.0,209.0,4.534177030235421
997.0,"Inscripción de Actos Mercantiles, Rectificación (Registro Público de la Propiedad y del Comercio)",Secretaría de Gobierno,Dirección General del Instituto de la Función Registral,Avenida 907 Las Terrazas 42094 Pachuca De Soto Pachuca De Soto,Ambos,21600.0,1,3,7,47334,0,100.0,1,435.0,236.0,4.470568536560822
1003.0,Inscripción de Contratos que transmiten la Propiedad de Muebles con Limitaciones. (Registro Público de la Propiedad y del Comercio),Secretaría de Gobierno,Dirección General del Instituto de la Función Registral,Avenida 907 Las Terrazas 42094 Pachuca De Soto Pachuca De Soto,Ambos,21600.0,1,2,7,47334,0,100.0,1,441.0,252.0,4.453286635537112
1014.0,Inscripción de Escrituras Constitutivas de Personas Morales o Modificaciones de Capital (Registro Público de la Propiedad y del Comercio),Secretaría de Gobierno,Dirección General del Instituto de la Función Registral,Avenida 907 Las Terrazas 42094 Pachuca De Soto Pachuca De Soto,Ambos,21600.0,1,1,7,47334,0,100.0,1,1407.0,2610.0,4.436004734513402
1023.0,Impartición de Justicia en Conflictos Laborales del Sector Privado,Secretaría de Trabajo y Previsión Social,Secretaría de Trabajo y Previsión Social,Carretera 1955 CANACINTRA 0 La Reforma (CANACINTRA) [Parque Industrial] Mineral De La Reforma,Social,259200.0,0,0,1,0,0,0.0,0,6708.0,8887.0,-2.60333829407445
1024.0,Impartición de justicia de conflictos laborales del sector público,Secretaría de Trabajo y Previsión Social,Secretaría de Trabajo y Previsión Social,Carretera 1955 CANACINTRA 0 La Reforma (CANACINTRA) [Parque Industrial] Mineral De La Reforma,Social,518400.0,0,1,1,0,0,0.0,0,874.0,2366.0,-3.7173613393224003
1025.0,Celebración de Convenios Fuera de Juicio de los trabajadores al Servicio de los Gobiernos Estatal y Municipal.,Secretaría de Trabajo y Previsión Social,Secretaría de Trabajo y Previsión Social,Carretera 1955 CANACINTRA 0 La Reforma (CANACINTRA) [Parque Industrial] Mineral De La Reforma,Social,22864.51619047619,0,1,1,0,0,0.0,0,823.0,258.0,-1.5545459693886252
1028.0,"Registro de Sindicatos, Expedición de la Toma de Nota y Registro de Condiciones Generales de Trabajo de los Sindicatos al Servicio de los Gobiernos Estatal y Municipal del Estado de Hidalgo.",Secretaría de Trabajo y Previsión Social,Secretaría de Trabajo y Previsión Social,Carretera 1955 CANACINTRA 0 La Reforma (CANACINTRA) [Parque Industrial] Mineral De La Reforma,Social,518400.0,0,1,1,0,0,0.0,0,1082.0,1421.0,-3.7173613393224003
1030.0,Tramitación de la Declaración de Beneficiarios de trabajadores al Servicio de los Gobiernos Estatal y Municipal.,Secretaría de Trabajo y Previsión Social,Secretaría de Trabajo y Previsión Social,Carretera 1955 CANACINTRA 0 La Reforma (CANACINTRA) [Parque Industrial] Mineral De La Reforma,Social,259200.0,1,0,1,0,0,0.0,0,520.0,231.0,-2.6057071141887387
1037.0,Acuerdo que autoriza o niega el reconocimiento de validez oficial de estudios de tipo superior. (RVOE),Secretaría de Educación Pública,Secretaría de Educación Pública,Circuito Lote 17 Ex Hacienda La Concepción 42186 San Agustín Tlaxiaca San Agustín Tlaxiaca,Empresarial,86400.0,1,5,2,9,0,100.0,1,1156.0,614.0,-0.7485586543460236
1040.0,Registro y cotejo de documentos de alumnos inscritos en nivel licenciatura y posgrado,Secretaría de Educación Pública,Secretaría de Educación Pública,Circuito Lote 17 Ex Hacienda la Concepción 42186 San Agustín Tlaxiaca San Agustín Tlaxiaca,Empresarial,1440.0,1,3,1,4209,0,100.0,1,551.0,3305.4179357022,-1.40647878639278
1043.0,Expedición de certificado de defunción,Secretaría de Salud,Secretaría de Salud,Avenida 405 Ex Hacienda de Guadalupe 42090 Pachuca De Soto Pachuca De Soto,Social,60.0,1,0,1,13,0,100.0,0,1592.0,16128.0,-1.474664044062048
1058.0,Inscripción de Poderes Civiles y Sustituciones (Registro Público de la Propiedad y del Comercio),Secretaría de Gobierno,Dirección General del Instituto de la Función Registral,Avenida 907 Las Terrazas 42094 Pachuca De Soto Pachuca De Soto,Ambos,22864.51619047619,1,2,7,0,0,0.0,1,467.0,1437.0,4.4477675251168725
1060.0,Regularización de la propiedad,Secretaría de Infraestructura Pública y Desarrollo Urbano Sostenible,Comisión Estatal de Vivienda,Boulevard 117 El Palmar I 42088 Pachuca De Soto Pachuca De Soto,Social,20.0,1,0,1,0,0,0.0,1,824.0,1303.0,-1.4521267540329454
1071.0,Inscripción por Constitución del Patrimonio Familiar. (Registro Público de la Propiedad y del Comercio),Secretaría de Gobierno,Dirección General del Instituto de la Función Registral,Avenida 907 Las Terrazas 42094 Pachuca De Soto Pachuca De Soto,Ambos,22864.51619047619,1,2,1,47334,0,100.0,1,305.0,647.0,-1.517270182546748
1074.0,Ratificación de firmas. (Registro Público de la Propiedad y del Comercio),Secretaría de Gobierno,Dirección General del Instituto de la Función Registral,Avenida 907 Las Terrazas 42094 Pachuca De Soto Pachuca De Soto,Ambos,22864.51619047619,1,2,1,47334,0,100.0,1,312.0,1209.0,-1.517270182546748
1081.0,Reinscripción ITESHU.,Secretaría de Educación Pública,Instituto Tecnológico Superior de Huichapan,Calle S/N El Saucillo 42411 Huichapan Huichapan,Social,19.0,0,2,1,3274,0,100.0,1,730.0,1066.0,-1.4151897672688212
1090.0,Inscripción de alumnos a educación primaria. (de 2° a 6° grado),Secretaría de Educación Pública,Instituto Hidalguense de Educación,Boulevard S/N Venta Prieta 42083 Pachuca De Soto Pachuca De Soto,Social,1440.0,0,3,1,380,0,100.0,0,532.0,5657.0,-1.4264726722109473
1096.0,Sustitución del Cargo de Albacea. (Registro Público de la Propiedad y del Comercio),Secretaría de Gobierno,Dirección General del Instituto de la Función Registral,Avenida 907 Las Terrazas 42094 Pachuca De Soto Pachuca De Soto,Ambos,22864.51619047619,1,2,1,47334,0,100.0,1,379.0,111.0,-1.517270182546748
1121.0,Equivalencia de Estudios de Educación Media Superior,Secretaría de Educación Pública,Secretaría de Educación Pública,Circuito Lote 17 Ex-Hacienda La Concepción 42160 San Juan Tilcuautla San Agustín Tlaxiaca,Social,7200.0,1,5,12,1484,0,100.0,1,2576.0,5810.0,9.538847369787462
1125.0,Revalidación de Estudios de Educación Media Superior,Secretaría de Educación Pública,Secretaría de Educación Pública,Circuito Lote 17 Ex Hacienda La Concepción 42160 San Juan Tilcuautla San Agustín Tlaxiaca,Social,7200.0,1,5,12,135,0,100.0,1,855.0,2171.0,9.538847369787462
1133.0,CURP (Clave Única de Registro de Población),Secretaría de Educación Pública,Instituto Hidalguense de Educación,Boulevard s/n Venta Prieta 42083 Pachuca De Soto Pachuca De Soto,Social,2.0,0,1,1,265,0,100.0,0,910.0,10110.0,-1.454760175983912
1134.0,Registro de una institución de educación media superior y superior,Secretaría de Educación Pública,Secretaría de Educación Pública,Circuito Lote 17 Ex Hacienda La Concepción 42186 San Agustín Tlaxiaca San Agustín Tlaxiaca,Social,2880.0,1,7,2,7,0,100.0,1,628.0,542.0,-0.34946325849995846
1135.0,Registro Profesional Estatal,Secretaría de Educación Pública,Secretaría de Educación Pública,Circuito Lote 17 Ex Hacienda La Concepción 42186 San Agustín Tlaxiaca San Agustín Tlaxiaca,Social,60.0,5,7,2,19643,0,100.0,1,10214.0,14106.0,-0.3466303601435091
1139.0,Carta de No Inconveniente para Incorporación a una Institución Educativa,Secretaría de Educación Pública,Secretaría de Educación Pública,Circuito Lote 17 Ex Hacienda La Concepción 42186 San Agustín Tlaxiaca San Agustín Tlaxiaca,Empresarial,43200.0,1,6,1,1,0,100.0,1,870.0,3305.4179357022,-1.5368988802209735
1140.0,Informe de antecedentes profesionales,Secretaría de Educación Pública,Secretaría de Educación Pública,Circuito Lote 17 Ex Hacienda La Concepción 42186 San Agustín Tlaxiaca San Agustín Tlaxiaca,Social,2880.0,1,1,2,93,0,100.0,1,580.0,272.0,-0.45315466464221615
1142.0,Registro como unidad receptora de servicio social,Secretaría de Educación Pública,Secretaría de Educación Pública,Circuito Lote 17 Ex Hacienda La Concepción 42186 San Juan Tilcuautla San Agustín Tlaxiaca,Ambos,1440.0,1,2,12,227,0,100.0,0,746.0,3170.0,9.489779070701024
1143.0,Registro de Colegio de Profesionistas y Federación,Secretaría de Educación Pública,Secretaría de Educación Pública,Circuito Lote 17 Ex Hacienda La Concepción 42186 San Juan Tilcuautla San Agustín Tlaxiaca,Social,7200.0,1,3,2,5,0,100.0,1,876.0,470.0,-0.43744594503265793
1145.0,Ampliaciones de autorizaciones para profesionistas,Secretaría de Educación Pública,Secretaría de Educación Pública,Circuito Lote 17 Ex Hacienda La Concepción 42186 San Agustín Tlaxiaca San Agustín Tlaxiaca,Social,60.0,2,3,2,24,0,100.0,1,674.0,147.0,-0.4086515038954819
1147.0,Servicio Médico Hospitalario,Secretaría de Salud,Secretaría de Salud,Carretera 101 Ciudad de los Niños 42070 Pachuca De Soto Pachuca De Soto,Social,2880.0,0,3,1,110466,0,100.0,1,12896.0,21256.0,-1.4103949937577778
1159.0,Por la actualización de opiniones técnicas de factibilidad,Secretaría de Gobierno,Subsecretaría de Protección Civil y Gestión de Riesgos,Calle 115 Revolución 42060 Pachuca De Soto Pachuca De Soto,Ambos,43200.0,0,0,1,0,0,0.0,1,1914.0,443.0,-1.638221466248943
1169.0,Por la impartición de cursos de capacitación a personas físicas o morales del sector privado,Secretaría de Gobierno,Subsecretaría de Protección Civil y Gestión de Riesgos,Calle 115 Revolución 42060 Pachuca De Soto Pachuca De Soto,Ambos,43200.0,0,0,1,0,0,0.0,1,1026.0,537.0,-1.638221466248943
1180.0,Atención Integral a personas adultas mayores de 60 años en el Centro Estatal de Atención Geriátrica Integral (CESAGI),Secretaría de Salud,Secretaría de Salud,Calle 707 Nueva Francisco I. Madero 42070 Pachuca De Soto Pachuca De Soto,Social,120.0,0,0,1,9,2,81.81818182,1,3076.0,4941.0,-1.4501943941602737
1181.0,Atención Integral a Mayores de 20 años con Enfermedades Crónico-Degenerativas (UNEME EC),Secretaría de Salud,Secretaría de Salud,Avenida 7 y 17 Colosio I 42086 Pachuca De Soto Pachuca De Soto,Social,2880.0,1,2,1,1,0,100.0,0,2166.0,1606.0,-1.4524084208282328
1203.0,Permiso de Libros de Control de Estupefacientes y Psicotrópicos,Secretaría de Salud,Secretaría de Salud,Cerrada 115 Cubitos 42090 Pachuca De Soto Pachuca De Soto,Ambos,7200.0,0,4,1,89,0,100.0,0,1370.0,3305.4179357022,-1.4343308811043858
1207.0,Certificado de Calidad del Agua de Sistemas Públicos y Privados,Secretaría de Salud,Secretaría de Salud,Cerrada 115 Cubitos 42090 Pachuca De Soto Pachuca De Soto,Ambos,86400.0,0,2,1,0,0,0.0,1,1053.0,368.0,-1.792208488580134
1209.0,Titulación UPT,Secretaría de Educación Pública,Universidad Politécnica de Tulancingo,Calle 100 Huapalcalco 43629 Tulancingo De Bravo Tulancingo De Bravo,Social,25.0,0,6,12,423,0,100.0,1,795.0,1045.0,9.589814113261486
1213.0,Solicitud de Licencia Sanitaria para servicios urbanos de fumigación y control de plagas.,Secretaría de Salud,Secretaría de Salud,Cerrada 115 Cubitos 42090 Pachuca De Soto Pachuca De Soto,Ambos,86400.0,0,2,1,6,3,66.66666667,1,2694.0,1476.0,-1.792208488580134
1235.0,Reinscripción UTHH,Secretaría de Educación Pública,Universidad Tecnológica de la Huasteca Hidalguense,Carretera s/n Tepoxteco 43000 Huejutla De Reyes Huejutla De Reyes,Social,20.0,2,3,1,6704,0,100.0,1,1285.0,1077.0,-1.4026498710761053
1251.0,Asesorías Complementarias Intersemestrales CONALEPH,Secretaría de Educación Pública,Colegio de Educación Profesional Técnica del Estado de Hidalgo,Calle S/N Industrial 42083 El Saucillo Mineral De La Reforma,Social,22864.51619047619,1,1,1,1391,0,100.0,1,547.0,569.0,-1.534552083570458
1252.0,Asesorías Complementarias Semestrales CONALEPH,Secretaría de Educación Pública,Colegio de Educación Profesional Técnica del Estado de Hidalgo,Calle S/N Chacón 42083 El Saucillo Mineral De La Reforma,Social,22864.51619047619,1,1,1,294,0,100.0,1,689.0,371.0,-1.534552083570458
1253.0,Cursos de capacitación,Secretaría de Educación Pública,Colegio de Educación Profesional Técnica del Estado de Hidalgo,Calle Lt 17 San Juan tilcuautla 42160 San Agustín Tlaxiaca San Agustín Tlaxiaca,Social,22864.51619047619,0,0,3,0,0,0.0,1,256.0,0.0,0.4388807380746614
1255.0,Reposición de Credencial de CONALEPH,Secretaría de Educación Pública,Colegio de Educación Profesional Técnica del Estado de Hidalgo,Calle 4.5 Parque Industrial CANACINTRA 42083 El Saucillo Mineral De La Reforma,Social,22864.51619047619,1,1,1,1601,0,100.0,1,668.0,293.0,-1.534552083570458
1256.0,Reposición de Certificado de terminación de estudios CONALEPH,Secretaría de Educación Pública,Colegio de Educación Profesional Técnica del Estado de Hidalgo,Calle 4.5 Parque Industrial CANACINTRA 42083 Pachuquilla Mineral De La Reforma,Social,22864.51619047619,1,3,1,9,0,100.0,1,9846.0,1620.0,-1.4999882815230385
1270.0,"Opinión favorable para actividades relacionadas con armas, municiones, pólvoras y explosivos, artificios y substancias químicas relacionadas con explosivos.",Secretaría de Gobierno,Secretaría de Gobierno,Ampliación S/N centro 42000 Pachuca De Soto Pachuca De Soto,Ambos,388800.0,1,5,1,9,1,90.0,1,571.0,576.0,-3.0625873762735636
1295.0,Acuerdo de Actualización del Plan y Programa de Estudios,Secretaría de Educación Pública,Secretaría de Educación Pública,Circuito Lote 17 Ex Hacienda La Concepción 42186 San Agustín Tlaxiaca San Agustín Tlaxiaca,Empresarial,28800.0,1,4,1,22,0,100.0,1,631.0,221.0,-1.5086124074755234
1300.0,Expedición de la Carta de Opinión de Pertinencia de Planes y Programas de Estudios de tipo Superior solicitada ante la COEPEES,Secretaría de Educación Pública,Secretaría de Educación Pública,Circuito Lote 17 Ex Hacienda La Concepción 42186 San Agustín Tlaxiaca San Agustín Tlaxiaca,Social,172800.0,1,3,1,34,0,100.0,1,537.0,3305.4179357022,-2.1543970564279333
1342.0,Programa de Atención Médica Contra Accidentes Para Escolares en el Hospital del Niño DIF Hidalgo,Organismos No Sectorizados,Sistema para el Desarrollo Integral de la Familia del Estado de Hidalgo,Boulevard S/N Venta Prieta 42083 Pachuca De Soto Pachuca De Soto,Social,22864.51619047619,0,3,1,1123,0,100.0,0,840.0,814.0,-1.5199821673412057
1345.0,Becas ITESHU.,Secretaría de Educación Pública,Instituto Tecnológico Superior de Huichapan,Calle S/N El Saucillo 42411 El Saucillo Huichapan,Social,34560.0,2,1,1,104,0,100.0,0,1038.0,473.0,-1.6103297465105453
1347.0,Por la elaboración de constancia de seguridad por unidad de transporte de materiales peligrosos,Secretaría de Gobierno,Subsecretaría de Protección Civil y Gestión de Riesgos,Calle 115 Revolución 42060 Pachuca De Soto Pachuca De Soto,Ambos,43200.0,0,0,1,0,0,0.0,1,787.0,121.0,-1.638221466248943
1351.0,Inscripción a cursos de capacitación en línea del ICATHI,Secretaría de Trabajo y Previsión Social,Instituto de Capacitación para el Trabajo del Estado de Hidalgo,Calle Lote 17 San Juan Tilcuautla 42160 San Juan Tilcuautla San Agustín Tlaxiaca,Ambos,30.0,1,1,1,6190,0,100.0,1,919.0,4636.0,-1.4348884990333974
1387.0,"Autenticación de título, diploma o grado académico",Secretaría de Educación Pública,Secretaría de Educación Pública,Circuito Lote 17 Ex Hacienda La Concepción 42160 San Agustín Tlaxiaca San Agustín Tlaxiaca,Empresarial,7200.0,1,12,1,1913,0,100.0,1,683.0,815.0,-1.2760817870965409
1388.0,"Diseño, tendido y corte de tela para el ensamble de prendas de vestir en el ICATHI",Secretaría de Trabajo y Previsión Social,Instituto de Capacitación para el Trabajo del Estado de Hidalgo,Calle s/n El Cerrito 42180 Pachuquilla Mineral De La Reforma,Ambos,60.0,0,1,1,221120,0,100.0,1,459.0,528.0,-1.4326506169915936
1410.0,Atención médica.,Secretaría de Gobierno,Centro de Justicia Para Mujeres,Calle 118 San Carlos 42084 Pachuca De Soto Pachuca De Soto,Social,60.0,0,0,1,0,0,0.0,0,658.0,497.0,-1.4722952239477596
1417.0,Admisión UTHH,Secretaría de Educación Pública,Universidad Tecnológica de la Huasteca Hidalguense,Carretera s/n Tepoxteco 43000 Huejutla De Reyes Huejutla De Reyes,Social,1460.0,1,3,1,1467,0,100.0,1,1144.0,13.0,-1.406566078441103
1418.0,Cancelación de Hipoteca y Reserva de Dominio,Secretaría de Infraestructura Pública y Desarrollo Urbano Sostenible,Comisión Estatal de Vivienda,Boulevard 117 El Palmar I 42088 Pachuca De Soto Pachuca De Soto,Social,30.0,1,4,1,18,0,100.0,1,1828.0,2136.0,-1.3830427959622686
1419.0,"Representación Legal a Trabajadores, Sindicatos y Beneficiarios",Secretaría de Trabajo y Previsión Social,Secretaría de Trabajo y Previsión Social,Carretera 1955 CANACINTRA 0 La Reforma (CANACINTRA) [Parque Industrial] Mineral De La Reforma,Social,259200.0,0,1,1,0,0,0.0,0,1520.0,216.0,-2.5860563930507405
1428.0,Denuncia y/o queja a posibles violaciones o incumplimientos a las norma de trabajo,Secretaría de Trabajo y Previsión Social,Secretaría de Trabajo y Previsión Social,Carretera 1955 CANACINTRA 0 La Reforma (CANACINTRA) [Parque Industrial] Mineral De La Reforma,Social,21600.0,0,0,1,0,0,0.0,0,1595.0,4866.0,-1.5663087599920944
1430.0,Emisión de estado de cuenta,Secretaría de Infraestructura Pública y Desarrollo Urbano Sostenible,Comisión Estatal de Vivienda,Boulevard 117 El Palmar I 42088 Pachuca De Soto Pachuca De Soto,Social,30.0,1,2,1,117,30,79.59183673,1,722.0,340.0,-1.4176065980096877
1435.0,Reestructuración de crédito,Secretaría de Infraestructura Pública y Desarrollo Urbano Sostenible,Comisión Estatal de Vivienda,Boulevard 117 El Palmar I 42088 Pachuca De Soto Pachuca De Soto,Social,45.0,1,1,1,20,0,100.0,0,292.0,159.0,-1.4573166740020962
1439.0,Constancia de Viabilidad,Secretaría de Infraestructura Pública y Desarrollo Urbano Sostenible,Secretaría de Infraestructura Pública y Desarrollo Urbano Sostenible,Boulevard km. 93.5 Venta Prieta 42080 Pachuca De Soto Pachuca De Soto,Ambos,30.0,2,7,1,17,2,89.47368421,1,3040.0,2116.0,-1.333565913005428
1452.0,Atención de trabajo social,Secretaría de Gobierno,Centro de Justicia Para Mujeres,Calle 118 San Carlos 42084 Pachuca De Soto Pachuca De Soto,Social,50.0,0,0,1,0,0,0.0,0,823.0,600.0,-1.472251577923598
1455.0,Prestación de servicios de Marketing Deportivo del Instituto Hidalguense del Deporte,Secretaría de Educación Pública,Instituto Hidalguense del Deporte,Calle #104 Carlos Rovirosa 42082 Pachuca De Soto Pachuca De Soto,Ambos,15.0,1,0,1,13,0,100.0,1,609.0,152.0,-1.452104931020864
1478.0,Albergue Revolución,Organismos No Sectorizados,Sistema para el Desarrollo Integral de la Familia del Estado de Hidalgo,Calle s/n Periodistas (en el segundo piso del Mercado Revolución) 42060 Pachuca De Soto Pachuca De Soto,Social,22864.51619047619,0,0,1,2743,0,100.0,0,1759.0,2626.0,-1.5718278704123347
1489.0,Autorización de cambio de titular del Centro de Verificación Vehicular,Secretaría de Medio Ambiente y Recursos Naturales,Secretaría de Medio Ambiente y Recursos Naturales,Calle 100 Adolfo López Mateos 42094 Pachuca De Soto Pachuca De Soto,Social,22864.51619047619,2,0,1,5,3,62.5,1,439.0,3305.4179357022,-1.5542028047084562
1496.0,Permiso de Publicidad Modalidad A Productos y Servicios,Secretaría de Salud,Secretaría de Salud,Cerrada 115 Cubitos 42090 Pachuca De Soto Pachuca De Soto,Ambos,21600.0,1,4,1,10,0,100.0,1,905.0,886.0,-1.4771872700790882
1500.0,Solicitud de Visita de Verificación de materia prima y medicamentos que sean o contengan estupefacientes o psicotrópicos Modalidad A. Balance,Secretaría de Salud,Secretaría de Salud,Cerrada 115 Cubitos 42090 Pachuca De Soto Pachuca De Soto,Ambos,43200.0,0,1,1,2,0,100.0,0,536.0,273.0,-1.6433022711576897
1502.0,"Reportes, Quejas y Sugerencias del Servicio Tuzobús",Secretaría de Movilidad y Transporte,Sistema de Transporte Masivo de Hidalgo,Boulevard S/N Venta Prieta 42083 Pachuca De Soto Pachuca De Soto,Social,21600.0,1,2,2,1150,0,100.0,0,2577.0,3366.0,-0.539940826781694
1506.0,Expedición de Tarjetón para Personas Conductoras del Tuzobús,Secretaría de Movilidad y Transporte,Sistema de Transporte Masivo de Hidalgo,"Calle Km 1 Blvd. Camino a Téllez Km. 1, Jagüey de Téllez, Zempoala, Hidalgo, C.P. 43840 43840 Zempoala Zempoala",Social,1440.0,2,13,1,106,0,100.0,1,1054.0,463.0,-1.2360285962699722
1507.0,Renovación del Tarjetón para Personas Conductoras del Tuzobús,Secretaría de Movilidad y Transporte,Sistema de Transporte Masivo de Hidalgo,Calle Km 1 Jaguey de Téllez 43840 Zempoala Zempoala,Social,1440.0,1,9,1,43,0,100.0,1,1484.0,194.0,-1.3027873802505219
1509.0,Centro de Expresión Juvenil,Organismos No Sectorizados,Sistema para el Desarrollo Integral de la Familia del Estado de Hidalgo,Avenida s/n Periodistas 42060 Pachuca De Soto Pachuca De Soto,Social,11520.0,0,0,1,4558,0,100.0,0,1578.0,4424.0,-1.5223135676370854
1521.0,Inscripción 1er Semestre Bachillerato del Estado de Hidalgo,Secretaría de Educación Pública,Bachillerato del Estado de Hidalgo,Calle Lote 17 San Juan Tilcuautla 42160 San Juan Tilcuautla San Agustín Tlaxiaca,Social,30.0,0,5,1,2211,0,100.0,1,1165.0,4400.0,-1.3633920748242703
1528.0,Readmision UPH,Secretaría de Educación Pública,Universidad Politécnica de Huejutla,Calle s/n tepoxtequito 43000 Huejutla De Reyes Huejutla De Reyes,Social,30.0,1,1,2,15,0,100.0,1,328.0,84.0,-0.44071554775612715
1530.0,Examen de Recuperación UPH,Secretaría de Educación Pública,Universidad Politécnica de Huejutla,Calle s/n tepoxtequito 43000 Huejutla De Reyes Huejutla De Reyes,Social,30.0,0,1,1,200,0,100.0,1,211.0,103.0,-1.4325196789191086
1532.0,Bitácora de Operación de Equipos y Procesos Generadores de Emisiones a la Atmósfera,Secretaría de Medio Ambiente y Recursos Naturales,Secretaría de Medio Ambiente y Recursos Naturales,Calle 100 Adolfo López Mateos 42094 Pachuca De Soto Pachuca De Soto,Social,43200.0,0,2,1,10,9,52.63157895,1,1728.0,1035.0,-1.6036576642015241
1536.0,Autorización en materia de impacto ambiental del transporte de residuos de manejo especial generados en procesos industriales y de servicios.,Secretaría de Medio Ambiente y Recursos Naturales,Secretaría de Medio Ambiente y Recursos Naturales,Calle 100 Adolfo López Mateos 42094 Pachuca De Soto Pachuca De Soto,Ambos,86400.0,1,7,2,200,100,66.66666667,1,5508.0,4524.0,-0.7139948522986043
1540.0,Inscripción de registro de perito valuador (Catastral),Secretaría de Hacienda,Instituto Catastral,Calle 105 Real de Minas 42090 Pachuca De Soto Pachuca De Soto,Social,172800.0,2,2,1,0,0,0.0,1,1941.0,1038.0,-2.1740477775659315
1546.0,Puntos Topográficos con referencia de localización.,Secretaría de Hacienda,Instituto Catastral,Calle 105 Real de Minas 42090 Pachuca De Soto Pachuca De Soto,Social,4320.0,1,2,1,0,0,0.0,1,884.0,201.0,-1.4363307423750633
1550.0,Restitución fotogramétrica escala 1:1000.,Secretaría de Hacienda,Instituto Catastral,Calle 105 Real de Minas 42090 Pachuca De Soto Pachuca De Soto,Social,4320.0,1,0,1,0,0,0.0,1,650.0,120.0,-1.4708945444224828
1555.0,"Constancias de calificaciones, reportes de evaluación y certificación de educación básica",Secretaría de Educación Pública,Instituto Hidalguense de Educación,Boulevard s/n Venta Prieta 42083 Pachuca De Soto Pachuca De Soto,Social,5760.0,1,3,12,2849,0,100.0,1,8048.0,73483.0,9.510568595219327
1557.0,Autorización para impartir educación inicial y/o básica en el estado,Secretaría de Educación Pública,Instituto Hidalguense de Educación,Boulevard S/N Venta Prieta 42083 Pachuca De Soto Pachuca De Soto,Social,18720.0,3,2,2,62,0,100.0,1,3065.0,3177.0,-0.509745706119241
1558.0,Registro de Institución en el Catálogo de Centros de Trabajo de SEPH,Secretaría de Educación Pública,Instituto Hidalguense de Educación,Boulevard S/N Venta Prieta 42083 Pachuca De Soto Pachuca De Soto,Ambos,20.0,1,2,2,4920,0,100.0,0,411.0,1150.0,-0.4457527066407123
1559.0,Becas de Educación Básica para escuelas públicas y particulares,Secretaría de Educación Pública,Instituto Hidalguense de Educación,Boulevard S/N Venta Prieta 42083 Pachuca De Soto Pachuca De Soto,Social,21600.0,1,2,12,7065,0,100.0,0,14206.0,54288.0,9.401788685991004
1560.0,Preinscripciones de Educación Básica,Secretaría de Educación Pública,Instituto Hidalguense de Educación,Boulevard s/n Venta Prieta 42083 Pachuca De Soto Pachuca De Soto,Social,47520.0,0,1,12,115921,0,100.0,0,24966.0,63553.0,9.273745110454419
1572.0,Constitución de Grupos de Productores/as de Leche.,Secretaría de Agricultura y Desarrollo Rural,Secretaría de Agricultura y Desarrollo Rural,"Carretera s/n Venta Prieta, Ex Centro Minero 42080 Pachuca De Soto Pachuca De Soto",Ambos,14400.0,1,5,2,16,0,100.0,0,448.0,137.0,-0.4566699863141299
1573.0,Capacitación en Nutrición y Manejo de Ganado Lechero.,Secretaría de Agricultura y Desarrollo Rural,Secretaría de Agricultura y Desarrollo Rural,"Carretera s/n Venta Prieta, Ex Centro Minero 42080 Pachuca De Soto Pachuca De Soto",Ambos,1440.0,1,1,2,120,2,98.36065574,0,672.0,313.0,-0.4692323430953856
1574.0,Capacitación en Inseminación Artificial en Bovinos leche.,Secretaría de Agricultura y Desarrollo Rural,Secretaría de Agricultura y Desarrollo Rural,"Carretera S/N Venta Prieta, Ex Centro Minero 42080 Pachuca De Soto Pachuca De Soto",Ambos,1440.0,1,1,2,71,0,100.0,0,727.0,473.0,-0.4692323430953856
1584.0,Reinscripción UPE,Secretaría de Educación Pública,Universidad Politécnica de la Energía,Carretera S/N Ejido de Zaragoza 42820 San Miguel Vindho Tula De Allende,Social,30.0,1,1,1,1304,0,100.0,1,493.0,192.0,-1.4348884990333974
1589.0,Historial académico UPE,Secretaría de Educación Pública,Universidad Politécnica de la Energía,Carretera S/N Ejido de Zaragoza 42820 San Miguel Vindho Tula De Allende,Social,4320.0,0,1,1,135,0,100.0,1,572.0,200.0,-1.4512438232844846
1595.0,Autorización de Bitácora de Control para Residuos de Manejo Especial,Secretaría de Medio Ambiente y Recursos Naturales,Secretaría de Medio Ambiente y Recursos Naturales,Calle 100 Adolfo López Mateos 42094 Pachuca De Soto Pachuca De Soto,Ambos,86400.0,1,2,1,30,20,60.0,1,2514.0,2186.0,-1.7945773086944226
1599.0,Actualización al Padrón de Contratistas (Persona Física),Secretaría de Contraloría,Secretaría de Controlaría,"Carretera 0 Venta Prieta, Ex Centro Minero 42083 Pachuca De Soto Pachuca De Soto",Ambos,22864.51619047619,0,0,1,0,0,0.0,1,3338.0,1639.0,-1.5494651644798785
1613.0,Elaboración de Contrato,Secretaría de Infraestructura Pública y Desarrollo Urbano Sostenible,Comisión Estatal de Vivienda,Boulevard 117 El Palmar I 42088 Pachuca De Soto Pachuca De Soto,Social,30.0,1,3,1,80,0,100.0,1,428.0,315.0,-1.4003246969859782
1614.0,Constancia de No Afectación,Secretaría de Infraestructura Pública y Desarrollo Urbano Sostenible,Comisión Estatal de Vivienda,Boulevard 117 El Palmar I 42088 Pachuca De Soto Pachuca De Soto,Social,30.0,0,6,1,182,0,100.0,1,1647.0,1210.0,-1.3461101738005607
1621.0,Constancia No Comprendida,Secretaría de Infraestructura Pública y Desarrollo Urbano Sostenible,Secretaría de Infraestructura Pública y Desarrollo Urbano Sostenible,Boulevard km. 93.5 Venta Prieta 42080 Pachuca De Soto Pachuca De Soto,Ambos,20.0,1,1,1,1,0,100.0,1,617.0,352.0,-1.4348448530092361
1622.0,Constancia de No Invasión a Fraccionamiento,Secretaría de Infraestructura Pública y Desarrollo Urbano Sostenible,Secretaría de Infraestructura Pública y Desarrollo Urbano Sostenible,Boulevard km. 93.5 Venta Prieta 42080 Pachuca De Soto Pachuca De Soto,Ambos,20.0,1,1,1,0,0,0.0,1,632.0,249.0,-1.4348448530092361
1623.0,Constancia de Verificación de la Poligonal de Fraccionamiento,Secretaría de Infraestructura Pública y Desarrollo Urbano Sostenible,Secretaría de Infraestructura Pública y Desarrollo Urbano Sostenible,Boulevard km. 93.5 Venta Prieta 42080 Pachuca De Soto Pachuca De Soto,Ambos,20.0,1,1,1,0,0,0.0,1,758.0,254.0,-1.4348448530092361
1635.0,Examen de admisión UTMIR,Secretaría de Educación Pública,Universidad Tecnológica de Mineral de la Reforma,Calle 1000 Paseos de Chavarría 42186 Pachuquilla Mineral De La Reforma,Social,25.0,0,0,2,366,0,100.0,1,1182.0,1651.0,-0.4556068056534673
1654.0,Inscripción Nivel Licenciatura Bilingüe UPMH,Secretaría de Educación Pública,Universidad Politécnica Metropolitana de Hidalgo,Boulevard 1009 San Javier 43860 Tolcayuca Tolcayuca,Social,31680.0,2,5,9,957,0,100.0,1,878.0,361.0,6.447114228693483
1656.0,Nube de puntos derivado de vuelo con Dron,Secretaría de Hacienda,Instituto Catastral,Calle 105 Real de Minas 42090 Pachuca De Soto Pachuca De Soto,Social,4320.0,1,3,1,0,0,0.0,1,597.0,3305.4179357022,-1.4190488413513538
1684.0,Otorgamiento o Renovación de Concesiones para el Servicio de Transporte Público,Secretaría de Movilidad y Transporte,Sistema de Transporte Convencional de Hidalgo,Calle 205 Sistema de Transporte Convencional 42083 Pachuca De Soto Pachuca De Soto,Social,22864.51619047619,1,10,1,0,0,0.0,1,8405.0,3305.4179357022,-1.3790149743570712
1694.0,Pago de arrendamiento,Oficialía Mayor,Oficialía Mayor,Calle 100 B Ex Hacienda de Guadalupe 42050 Pachuca De Soto Pachuca De Soto,Social,14400.0,1,0,1,288,0,100.0,0,828.0,801.0,-1.5372524427099485
1705.0,Inscripción ITESHU.,Secretaría de Educación Pública,Instituto Tecnológico Superior de Huichapan,Calle sin numero Huichapan 42411 Huichapan Huichapan,Social,20.0,0,6,1,575,0,100.0,1,1255.0,4618.0,-1.346066527776399
1706.0,Declaración de Impuestos Estatales,Secretaría de Hacienda,Secretaría de Hacienda,Calle No. 1 Centro 42500 Actopan Actopan,Ambos,1440.0,2,2,1,221437,0,100.0,0,4307.0,7177.0,-1.4484922134632345
1707.0,Declaración de ISR Enajenación de Bienes Inmuebles Impuestos Federales Coordinados,Secretaría de Hacienda,Secretaría de Hacienda,Calle No. 1 Centro 42500 Actopan Actopan,Ambos,120.0,2,6,1,16181,0,100.0,0,793.0,2178.0,-1.37360333417905
1708.0,Devolución por Concepto de Pago de lo Indebido Estatal,Secretaría de Hacienda,Secretaría de Hacienda,Calle No. 1 Centro 42500 Actopan Actopan,Ambos,14400.0,1,2,1,97,61,61.39240506,0,437.0,1440.0,-1.5026886406625288
1715.0,Pago de Créditos Fiscales Estatales,Secretaría de Hacienda,Secretaría de Hacienda,Calle No. 1 Centro 42500 Actopan Actopan,Ambos,20.0,2,1,1,647,0,100.0,0,1531.0,2173.0,-1.4595763790559808
1717.0,Pago de Créditos Fiscales Federales Coordinados,Secretaría de Hacienda,Secretaría de Hacienda,Calle No. 1 Centro 42500 Actopan Actopan,Ambos,20.0,2,1,1,0,0,0.0,0,843.0,1037.0,-1.4595763790559808
1718.0,Compensación por concepto de pago de lo indebido estatal,Secretaría de Hacienda,Secretaría de Hacienda,Calle No. 1 Centro 42500 Actopan Actopan,Ambos,86400.0,1,0,1,87,0,100.0,0,1031.0,1100.0,-1.8515038166742985
1721.0,Declaración de ISAN,Secretaría de Hacienda,Secretaría de Hacienda,Calle No. 1 Centro 42500 Actopan Actopan,Ambos,60.0,2,2,1,476,0,100.0,0,576.0,574.0,-1.4424690621289182
1730.0,Movimientos y Actualización al Padrón Estatal de Contribuyentes,Secretaría de Hacienda,Secretaría de Hacienda,Calle No. 1 Centro 42500 Actopan Actopan,Ambos,20.0,1,5,3,4649,0,100.0,0,1568.0,2962.0,0.6002659477076867
1735.0,Alta de vehículo particular,Secretaría de Hacienda,Secretaría de Hacienda,Calle No. 1 Centro 42500 Actopan Actopan,Ambos,20.0,2,8,1,67874,0,100.0,1,127797.0,162973.0,-1.3162403659575572
1736.0,Baja de vehículo particular,Secretaría de Hacienda,Secretaría de Hacienda,Calle No. 1 Centro 42500 Actopan Actopan,Ambos,20.0,1,2,1,14448,0,100.0,1,4945.0,33963.0,-1.4175629519855262
1738.0,Expedición de Placas de Demostración para Vehículos de Agencia,Secretaría de Hacienda,Secretaría de Hacienda,Calle No. 1 Centro 42500 Actopan Actopan,Empresarial,20.0,2,1,9,5,0,100.0,1,1345.0,1959.0,6.516169937094636
1742.0,Baja de vehículo de transporte público.,Secretaría de Hacienda,Secretaría de Hacienda,Calle No. 1 Centro 42500 Actopan Actopan,Ambos,20.0,1,3,1,1626,0,100.0,1,1286.0,690.0,-1.4002810509618167
1746.0,Reposición de Tarjeta de Circulación por Pérdida o Actualización Datos,Secretaría de Hacienda,Secretaría de Hacienda,Calle No. 1 Centro 42500 Actopan Actopan,Ambos,1440.0,1,3,1,1535,0,100.0,1,4187.0,24480.0,-1.40647878639278
1747.0,Inscripción al Registro Estatal de Contribuyentes,Secretaría de Hacienda,Secretaría de Hacienda,Calle No. 1 Centro 42500 Actopan Actopan,Ambos,1440.0,1,1,3,0,0,0.0,0,4251.0,17750.0,0.5249406081818845
1780.0,Laboratorio de Constatación de Leche.,Secretaría de Agricultura y Desarrollo Rural,Secretaría de Agricultura y Desarrollo Rural,Boulevard s/n San Miguel la Higa 42188 San Miguel La Higa Mineral De La Reforma,Ambos,1440.0,0,1,2,78,0,100.0,1,576.0,246.0,-0.4445008170486404
4806.0,Equivalencia de Estudios UPMH,Secretaría de Educación Pública,Universidad Politécnica Metropolitana de Hidalgo,Boulevard 1009 San Javier 43860 Tolcayuca Tolcayuca,Social,44640.0,1,4,9,14,0,100.0,1,1272.0,407.0,6.37563590047048
4904.0,Reinscripción UPMH,Secretaría de Educación Pública,Universidad Politécnica Metropolitana de Hidalgo,Boulevard 1009 San Javier 43860 Tolcayuca Tolcayuca,Social,2880.0,0,3,9,7750,0,100.0,1,3518.0,519.0,6.542988616460383
5041.0,Inscripción De las Demás Zonas por división (Registro Público de la Propiedad y del Comercio),Secretaría de Gobierno,Dirección General del Instituto de la Función Registral,Avenida 907 Las Terrazas 42000 Pachuca De Soto Pachuca De Soto,Ambos,22864.51619047619,1,5,1,47334,0,100.0,1,365.0,114.0,-1.4654244794756186
5055.0,"Certificaciones. (Registro Público de la Propiedad y del Comercio, Registro de Crédito Agrícola)",Secretaría de Gobierno,Dirección General del Instituto de la Función Registral,Avenida 907 Las Terrazas 42000 Pachuca De Soto Pachuca De Soto,Ambos,22864.51619047619,1,1,1,47334,0,100.0,1,399.0,198.0,-1.534552083570458
5056.0,Cancelación de Inscripción. (Registro Público de la Propiedad y del Comercio),Secretaría de Gobierno,Dirección General del Instituto de la Función Registral,Avenida 907 Las Terrazas 42000 Pachuca De Soto Pachuca De Soto,Ambos,22864.51619047619,1,2,1,47334,0,100.0,1,373.0,223.0,-1.517270182546748
5206.0,Servicios de Psicología para Mujeres Jóvenes.,Secretaría de Gobierno,Ciudad de las Mujeres,Calle Sin número Tlaxinacalpan 42850 Tepeji Del Río De Ocampo Tepeji Del Río De Ocampo,Social,60.0,1,0,1,714,0,100.0,0,371.0,3305.4179357022,-1.474664044062048
5207.0,Orientación Vocacional para Mujeres Jóvenes.,Secretaría de Gobierno,Ciudad de las Mujeres,Calle Sin número Tlaxinacalpan 42850 Tepeji Del Río De Ocampo Tepeji Del Río De Ocampo,Social,22864.51619047619,1,0,1,577,0,100.0,0,284.0,3305.4179357022,-1.5741966905266236
5516.0,Expedición de Permiso de circulación.,Secretaría de Hacienda,Secretaría de Hacienda,Calle No. 1 Centro 42500 Actopan Actopan,Ambos,10.0,1,3,1,546,0,100.0,1,1363.0,22136.0,-1.4002374049376545
5517.0,Baja Administrativa de Vehículos,Secretaría de Hacienda,Secretaría de Hacienda,Calle No. 1 Centro 42500 Actopan Actopan,Ambos,10.0,1,1,1,3168,0,100.0,1,2775.0,10650.0,-1.4348012069850737
5518.0,Alta de vehículo de transporte público,Secretaría de Hacienda,Secretaría de Hacienda,Calle No. 1 Centro 42500 Actopan Actopan,Ambos,30.0,3,6,1,1782,0,100.0,1,2861.0,3305.4179357022,-1.353216634143426
5575.0,Ampliación de Periodo de Verificación Vehícular Extemporánea,Secretaría de Medio Ambiente y Recursos Naturales,Secretaría de Medio Ambiente y Recursos Naturales,Calle 100 Adolfo López Mateos 43094 Pachuca De Soto Pachuca De Soto,Social,22864.51619047619,0,3,1,20,10,66.66666667,0,3848.0,3305.4179357022,-1.5199821673412057
5805.0,Licitaciones Públicas,Oficialía Mayor,Oficialía Mayor,Calle 901 Jardin Colón 42000 Pachuca De Soto Pachuca De Soto,Social,0.0,0,0,1,583,0,100.0,0,5731.0,8789.0,-1.4720333478027898
5911.0,Visita Guiada al Parque Ecológico Cubitos,Secretaría de Medio Ambiente y Recursos Naturales,Secretaría de Medio Ambiente y Recursos Naturales,Calle 100 Adolfo López Mateos 42094 Pachuca De Soto Pachuca De Soto,Social,22864.51619047619,0,0,1,1500,1500,50.0,1,803.0,771.0,-1.5494651644798785
6110.0,Titulación (ITSOEH),Secretaría de Educación Pública,Instituto Tecnológico Superior del Occidente del Estado de Hidalgo,Carretera 0 cinta larga 42700 Mixquiahuala De Juárez Mixquiahuala De Juárez,Social,48960.0,0,1,1,372,0,100.0,1,612.0,412.0,-1.646079675142382
6112.0,Constancia de Residencia Profesional (ITSOEH),Secretaría de Educación Pública,Instituto Tecnológico Superior del Occidente del Estado de Hidalgo,Carretera 0 cinta larga 42700 Mixquiahuala De Juárez Mixquiahuala De Juárez,Social,21600.0,0,0,1,374,0,100.0,1,507.0,259.0,-1.5439460540596377
6251.0,Atención Jurídica en Materia Familiar y Penal a Mujeres en Situación de Violencia de Género.,Secretaría de Gobierno,Ciudad de las Mujeres,Calle Sin Número Tlaxinacalpan 42850 Tepeji Del Río De Ocampo Tepeji Del Río De Ocampo,Social,120.0,3,0,1,5857,0,100.0,0,822.0,3305.4179357022,-1.4796635604355963
6256.0,Atención de Trabajo Social a Mujeres en Situación de Violencia de Género,Secretaría de Gobierno,Ciudad de las Mujeres,Calle sin número Tlaxinacalpan 42850 Tepeji Del Río De Ocampo Tepeji Del Río De Ocampo,Social,45.0,6,0,1,1219,0,100.0,0,487.0,167.0,-1.4864426755972502
6609.0,Inscripción UPFIM,Secretaría de Educación Pública,Universidad Politécnica Francisco I. Madero,Calle s/n Domicilio Conocido 42660 Tepatepec Francisco I. Madero,Social,1440.0,0,3,11,850,0,100.0,1,612.0,1376.0,8.537619546494208
6613.0,Reinscripción UPFIM,Secretaría de Educación Pública,Universidad Politécnica Francisco I. Madero,Calle s/n Domicilio Conocido 42660 Tepatepec Francisco I. Madero,Social,1440.0,0,1,11,2419,0,100.0,1,757.0,1005.0,8.503055744446788
6668.0,Compulsa de documentos,Secretaría de Medio Ambiente y Recursos Naturales,Secretaría de Medio Ambiente y Recursos Naturales,Calle 100 Adolfo López Mateos 43094 Pachuca De Soto Pachuca De Soto,Ambos,22864.51619047619,0,0,1,1426,0,100.0,0,943.0,1308.0,-1.5718278704123347
6730.0,Donación de Planta Forestal para Reforestación,Secretaría de Medio Ambiente y Recursos Naturales,Secretaría de Medio Ambiente y Recursos Naturales,Calle 100 Adolfo López Mateos 43094 Pachuca De Soto Pachuca De Soto,Social,7200.0,0,0,1,10,8,55.55555556,0,4050.0,4816.0,-1.5034584851992243
6779.0,"Visita al Parque Nacional ""El Chico""",Secretaría de Medio Ambiente y Recursos Naturales,Secretaría de Medio Ambiente y Recursos Naturales,Carretera km. 7.5 Mineral del Chico 0 Pachuca De Soto Pachuca De Soto,Social,22864.51619047619,0,0,1,1700,1700,50.0,1,442.0,2957.0,-1.5494651644798785
6876.0,Inscripción UTMZ,Secretaría de Educación Pública,Universidad Tecnológica Minera de Zimapán,Calle 34 La Tahona 42344 Zimapán Zimapán,Social,22864.51619047619,0,4,1,233,0,100.0,1,709.0,1044.0,-1.4803375603850402
6879.0,Examen de Ingreso UTMZ,Secretaría de Educación Pública,Universidad Tecnológica Minera de Zimapán,Calle 34 La Tahona 0 Zimapán Zimapán,Social,22864.51619047619,0,1,1,233,0,100.0,1,630.0,411.0,-1.5321832634561692
6894.0,Solicitud de Examen de Admisión UPMH,Secretaría de Educación Pública,Universidad Politécnica Metropolitana de Hidalgo,Boulevard 1009 San Javier 43860 Tolcayuca Tolcayuca,Social,4320.0,0,3,9,1836,0,100.0,1,1224.0,2061.0,6.536703588981094
6895.0,Certificados de Estudios Parciales y Totales UPMH,Secretaría de Educación Pública,Universidad Politécnica Metropolitana de Hidalgo,Boulevard 1009 San Javier 43860 Tolcayuca Tolcayuca,Social,12960.0,0,3,9,19,0,100.0,1,1104.0,261.0,6.498993424105373
6919.0,Historial Académico UTSH,Secretaría de Educación Pública,Universidad Tecnológica de la Sierra Hidalguense,Carretera Km. 100 Zacualtipán 43200 Zacualtipán De Ángeles Zacualtipán De Ángeles,Social,22864.51619047619,0,1,1,463,0,100.0,1,499.0,310.0,-1.5321832634561692
6923.0,Reposición de credencial UTSH,Secretaría de Educación Pública,Universidad Tecnológica de la Sierra Hidalguense,Carretera Km. 100 Zacualtipán 43200 Zacualtipán De Ángeles Zacualtipán De Ángeles,Social,22864.51619047619,0,1,1,188,0,100.0,1,469.0,88.0,-1.5321832634561692
6930.0,Reinsripción UTMZ,Secretaría de Educación Pública,Universidad Tecnológica Minera de Zimapán,Calle 34 La Tahona 42350 Zimapán Zimapán,Social,7200.0,0,1,1,1347,0,100.0,1,483.0,99.0,-1.4638138782430583
6932.0,Constancia Escolar UTMZ,Secretaría de Educación Pública,Universidad Tecnológica Minera de Zimapán,Calle 34 La Tahona 42350 Zimapán Zimapán,Social,1440.0,0,1,1,269,0,100.0,1,436.0,90.0,-1.4386737683259105
7033.0,Titulación UTHH,Secretaría de Educación Pública,Universidad Tecnológica de la Huasteca Hidalguense,Carretera s/n Tepoxteco 43000 Huejutla De Reyes Huejutla De Reyes,Social,259200.0,0,3,2,1323,0,100.0,1,587.0,1038.0,-1.5349569337935944
7078.0,"Prestación de servicios del Polideportivo, Gimnasio Presidente Miguel Alemán y el estadio de béisbol G. Alfonso Corona del Rosal del Instituto Hidalguense del Deporte",Secretaría de Educación Pública,Instituto Hidalguense del Deporte,Calle 104 Carlos Rovirosa 42082 Pachuca De Soto Pachuca De Soto,Social,10.0,1,0,1,650,20,97.01492537,1,2905.0,1940.0,-1.452083108008784
7111.0,Publicaciones e impresiones (Materia Catastral Intructivo de Valuación),Secretaría de Hacienda,Instituto Catastral,Calle 105 Real de Minas 42090 Pachuca De Soto Pachuca De Soto,Social,4320.0,0,1,1,0,0,0.0,1,1198.0,650.0,-1.4512438232844846
7140.0,Preinscripción a Preparatoria Abierta,Secretaría de Educación Pública,Instituto Hidalguense de Educación para Adultos,Circuito s.n. San Juan Tilcuautla 42160 San Agustín Tlaxiaca San Agustín Tlaxiaca,Social,30.0,0,2,1,2398,0,100.0,1,861.0,9547.0,-1.4152377778953988
7147.0,Inscripción a Preparatoria Abierta,Secretaría de Educación Pública,Instituto Hidalguense de Educación para Adultos,Circuito s.n. San Juan Tilcuautla 42160 San Agustín Tlaxiaca San Agustín Tlaxiaca,Social,20.0,0,6,1,2657,0,100.0,1,795.0,1460.0,-1.346066527776399
7150.0,Certificación de Preparatoria Abierta,Secretaría de Educación Pública,Instituto Hidalguense de Educación para Adultos,Circuito s.n. San Juan Tilcuautla 42160 San Juan Tilcuautla San Agustín Tlaxiaca,Social,21600.0,0,6,1,657,0,100.0,1,747.0,1444.0,-1.4402546479173801
7163.0,Constancia de No Infracción.,Secretaría de Movilidad y Transporte,Sistema de Transporte Convencional de Hidalgo,Calle 205 Colonias 42083 Pachuca De Soto Pachuca De Soto,Social,30.0,1,2,2,0,0,0.0,1,126.0,16.0,-0.4234336467324175
7174.0,Constancia de Inscripción de Preparatoria Abierta,Secretaría de Educación Pública,Instituto Hidalguense de Educación para Adultos,Circuito s.n. San Juan Tilcuautla 42160 San Agustín Tlaxiaca San Agustín Tlaxiaca,Social,2880.0,2,2,1,135,0,100.0,1,519.0,287.0,-1.4324145350100657
7175.0,Historial Académico de Preparatoria Abierta,Secretaría de Educación Pública,Instituto Hidalguense de Educación para Adultos,Circuito s.n. San Juan Tilcuautla 42160 San Agustín Tlaxiaca San Agustín Tlaxiaca,Social,10.0,1,3,1,497,0,100.0,1,541.0,1170.0,-1.4002374049376545
7180.0,Solicitud de exámenes ordinarios de Preparatoria Abierta,Secretaría de Educación Pública,Instituto Hidalguense de Educación para Adultos,Circuito s.n. San Juan Tilcuautla 42160 San Agustín Tlaxiaca San Agustín Tlaxiaca,Social,15.0,0,3,1,35498,0,100.0,1,577.0,704.0,-1.3978904078354466
7181.0,Solicitud de exámenes extemporáneos de Preparatoria Abierta,Secretaría de Educación Pública,Instituto Hidalguense de Educación para Adultos,Circuito s.n. San Juan Tilcuautla 42160 San Agustín Tlaxiaca San Agustín Tlaxiaca,Social,15.0,0,3,1,212,0,100.0,1,520.0,245.0,-1.3978904078354466
7261.0,Inscripción a Nivel Posgrado UPMH,Secretaría de Educación Pública,Universidad Politécnica Metropolitana de Hidalgo,Boulevard 1009 San Javier 43860 Tolcayuca Tolcayuca,Social,2880.0,2,6,9,54,0,100.0,1,955.0,193.0,6.590096679302934
7278.0,Servicios de Laboratorio UTTT,Secretaría de Educación Pública,Universidad Tecnológica de Tula-Tepeji,Calle 1000 El 61 42830 El Carmen (La Mesita) Tula De Allende,Ambos,21600.0,2,2,1,52,12,81.25,1,438.0,187.0,-1.5141198922407966
7280.0,Servicios de Evaluación y certificación /Entidad de Certificación y Evaluación UTTT,Secretaría de Educación Pública,Universidad Tecnológica de Tula-Tepeji,Avenida 1000 El 61 42830 El Carmen (La Mesita) Tula De Allende,Ambos,43200.0,0,1,1,3,0,100.0,1,395.0,213.0,-1.6209395652252334
7281.0,Consultoría y Estudio Técnico UTTT,Secretaría de Educación Pública,Universidad Tecnológica de Tula-Tepeji,Avenida 1000 El 61 42830 El Carmen (La Mesita) Tula De Allende,Ambos,28800.0,1,3,1,11,2,84.61538462,1,410.0,297.0,-1.525894308499233
7291.0,Reinscripción UTVAM,Secretaría de Educación Pública,Universidad Tecnológica de la Zona Metropolitana del Valle de México,Boulevard 5 Los Héroes Tizayuca 43816 Tizayuca Tizayuca,Social,2880.0,0,2,14,943,0,100.0,1,494.0,284.0,11.49657147182302
7293.0,Expedición de Historial Académico UTVAM,Secretaría de Educación Pública,Universidad Tecnológica de la Zona Metropolitana del Valle de México,Boulevard 5 Los Héroes Tizayuca 43816 Tizayuca Tizayuca,Social,2880.0,0,2,14,54,0,100.0,1,502.0,183.0,11.49657147182302
7328.0,Constancia de Estudios UPT,Secretaría de Educación Pública,Universidad Politécnica de Tulancingo,Calle 100 Huapalcalco 43629 Tulancingo De Bravo Tulancingo De Bravo,Social,10.0,0,1,9,937,0,100.0,1,616.0,290.0,6.520951223347375
7329.0,Historial Académico UPT,Secretaría de Educación Pública,Universidad Politécnica de Tulancingo,Calle 100 Huapalcalco 43629 Tulancingo De Bravo Tulancingo De Bravo,Social,10.0,0,1,9,321,0,100.0,1,386.0,300.0,6.520951223347375
7335.0,Entrega de apoyos a población vulnerable,Organismos No Sectorizados,Sistema para el Desarrollo Integral de la Familia del Estado de Hidalgo,Calle 100 Centro 42000 Pachuca De Soto Pachuca De Soto,Social,22864.51619047619,0,0,1,345,0,100.0,0,1227.0,383.0,-1.5718278704123347
7365.0,"Expedición de información catastral, sin certificación.",Secretaría de Hacienda,Instituto Catastral,Calle 105 Real de Minas 42090 Pachuca De Soto Pachuca De Soto,Social,4320.0,1,1,1,0,0,0.0,1,3058.0,2031.0,-1.4536126433987733
7389.0,Equivalencia de Estudios UPP,Secretaría de Educación Pública,Universidad Politécnica de Pachuca,Carretera S/N Santa Barbara 43830 Rancho Luna Zempoala,Social,50.0,1,4,9,13,0,100.0,1,631.0,1151.0,6.57025352220757
7394.0,Certificado Parcial de Estudios y/o Carta de Pasante UPP,Secretaría de Educación Pública,Universidad Politécnica de Pachuca,Carretera S/N Santa Barbara 43830 Rancho Luna Zempoala,Social,70.0,0,2,10,8,0,100.0,1,727.0,564.0,7.532144199503384
7397.0,Reposición de credencial escolar UPE,Secretaría de Educación Pública,Universidad Politécnica de la Energía,Carretera S/N Ejido de Zaragoza 42820 San Miguel Vindho Tula De Allende,Social,4320.0,0,2,1,33,0,100.0,1,345.0,110.0,-1.433961922260775
7429.0,Constancia de no Adeudo UPP,Secretaría de Educación Pública,Universidad Politécnica de Pachuca,Carretera S/N Santa Barbara 43830 Rancho Luna Zempoala,Social,4320.0,2,2,2,50,0,100.0,1,565.0,248.0,-0.4445266112120824
7432.0,Certificado de Estudios ITESHU.,Secretaría de Educación Pública,Instituto Tecnológico Superior de Huichapan,Calle sin numero El Saucillo 42411 El Saucillo Huichapan,Social,5760.0,0,2,1,230,0,100.0,1,604.0,375.0,-1.4402469497400618
7433.0,Constancia Escolar ITESHU.,Secretaría de Educación Pública,Instituto Tecnológico Superior de Huichapan,"Calle sin numero El Saucillo Huichapan, Hgo. 42411 Huichapan Huichapan",Social,1440.0,0,1,1,235,0,100.0,1,613.0,923.0,-1.4386737683259105
7434.0,Examen de Egreso de Licenciatura UPT,Secretaría de Educación Pública,Universidad Politécnica de Tulancingo,Calle 100 Huapalcalco 43629 Tulancingo De Bravo Tulancingo De Bravo,Social,20.0,0,1,12,452,0,100.0,1,440.0,169.0,9.503426431155024
7437.0,Constancia Escolar UPP,Secretaría de Educación Pública,Universidad Politécnica de Pachuca,Carretera S/N Santa Bárbara 43830 Rancho Luna Zempoala,Social,1440.0,0,3,9,200,0,100.0,1,518.0,666.0,6.549273643939668
7442.0,Equivalencia de Estudios UPT,Secretaría de Educación Pública,Universidad Politécnica de Tulancingo,Calle 100 Huapalcalco 43629 Tulancingo De Bravo Tulancingo De Bravo,Social,15.0,0,3,9,13,0,100.0,1,396.0,175.0,6.555493202382713
7444.0,Certificación UPT,Secretaría de Educación Pública,Universidad Politécnica de Tulancingo,Calle 100 Huapalcalco 43629 Tulancingo De Bravo Tulancingo De Bravo,Social,45.0,0,2,9,79,0,100.0,1,606.0,217.0,6.538080363286519
7445.0,Credencial Escolar UPT,Secretaría de Educación Pública,Universidad Politécnica de Tulancingo,Calle 100 Huapalcalco 43629 Tulancingo De Bravo Tulancingo De Bravo,Social,15.0,0,1,9,118,0,100.0,1,413.0,181.0,6.520929400335292
7446.0,Examen Toefl UPT,Secretaría de Educación Pública,Universidad Politécnica de Tulancingo,Calle 100 Huapalcalco 43629 Tulancingo De Bravo Tulancingo De Bravo,Social,20.0,0,1,12,728,0,100.0,1,490.0,501.0,9.503426431155024
7447.0,Examen de Competencia Profesional UPT,Secretaría de Educación Pública,Universidad Politécnica de Tulancingo,Calle 100 Huapalcalco 43629 Tulancingo De Bravo Tulancingo De Bravo,Social,20.0,0,1,12,1036,0,100.0,1,391.0,171.0,9.503426431155024
7448.0,Examen Extraordinario UPT,Secretaría de Educación Pública,Universidad Politécnica de Tulancingo,Calle 100 Huapalcalco 43629 Tulancingo De Bravo Tulancingo De Bravo,Social,20.0,0,1,12,2446,0,100.0,1,538.0,352.0,9.503426431155024
7449.0,Recurso de Revocación Estatal,Secretaría de Hacienda,Secretaría de Hacienda,Calle 118-A Centro 42000 Pachuca De Soto Pachuca De Soto,Ambos,129600.0,0,3,13,16,0,100.0,0,188.0,254.0,9.944235297459748
7463.0,Historial Académico UPP,Secretaría de Educación Pública,Universidad Politécnica de Pachuca,Carretera S/N Santa Barbara 43830 Rancho Luna Zempoala,Social,70.0,0,1,9,30,0,100.0,1,501.0,527.0,6.520689347202404
7467.0,Titulación Nivel Licenciatura/Ingeniería y Posgrado UPP,Secretaría de Educación Pública,Universidad Politécnica de Pachuca,Carretera S/N Santa Barbara 43830 Rancho Luna Zempoala,Social,40.0,4,7,11,200,0,100.0,1,576.0,1471.0,8.603382313514532
7477.0,Recurso de Revocación Federal,Secretaría de Hacienda,Secretaría de Hacienda,Calle 118-A Centro 42000 Pachuca De Soto Pachuca De Soto,Ambos,129600.0,0,3,1,66,0,100.0,0,158.0,68.0,-1.9858401178674907
7479.0,Curso Propedéutico UPP,Secretaría de Educación Pública,Universidad Politécnica de Pachuca,Carretera S/N Santa Barbara 43830 Rancho Luna Zempoala,Social,20.0,0,2,1,450,0,100.0,1,588.0,1236.0,-1.4151941318712373
7488.0,Copias de documentos que obren en la Procuraduría Fiscal del Estado.,Secretaría de Hacienda,Secretaría de Hacienda,Calle 118-A Centro 42000 Pachuca De Soto Pachuca De Soto,Social,4320.0,1,1,1,0,0,0.0,1,218.0,526.0,-1.4536126433987733
7501.0,Certificado Parcial UTTT,Secretaría de Educación Pública,Universidad Tecnológica de Tula-Tepeji,Avenida 1000 El 61 42830 El Carmen (La Mesita) Tula De Allende,Social,30.0,0,1,1,3,0,100.0,1,436.0,287.0,-1.4325196789191086
7502.0,Reposición de credencial UTTT,Secretaría de Educación Pública,Universidad Tecnológica de Tula-Tepeji,Avenida 1000 El 61 42830 El Carmen (La Mesita) Tula De Allende,Social,5.0,0,1,1,138,0,100.0,1,339.0,1470.0,-1.4324105638587048
7524.0,Curso semipresencial ITESHU.,Secretaría de Educación Pública,Instituto Tecnológico Superior de Huichapan,Calle S/N El Saucillo 42411 Huichapan Huichapan,Social,2880.0,0,1,1,680,0,100.0,1,249.0,198.0,-1.444958795805197
7528.0,Exámenes Generales de Egreso de la Licenciatura (EGEL) ITESHU.,Secretaría de Educación Pública,Instituto Tecnológico Superior de Huichapan,Calle S/N El Saucillo 42411 Huichapan Huichapan,Social,300.0,0,1,1,130,0,100.0,1,278.0,1575.0,-1.4336981215714748
7538.0,Congresos - Simposios ITESHU.,Secretaría de Educación Pública,Instituto Tecnológico Superior de Huichapan,Calle S/N El Saucillo 42411 El Saucillo Huichapan,Social,4320.0,0,1,1,490,0,100.0,1,212.0,135.0,-1.4512438232844846
7570.0,Servicios Tecnológicos tipo I (ITSOEH),Secretaría de Educación Pública,Instituto Tecnológico Superior del Occidente del Estado de Hidalgo,Carretera 2000 Mixquiahuala -Tula km 2.5 42700 Mixquiahuala De Juárez Mixquiahuala De Juárez,Social,47520.0,0,0,1,0,0,0.0,1,550.0,195.0,-1.657076548686804
7582.0,Asesoría Técnica ITESHU.,Secretaría de Educación Pública,Instituto Tecnológico Superior de Huichapan,"Calle sin numero Domicilio Conocido s/n, El Saucillo Huichapan, Hgo. 42411 Huichapan Huichapan",Ambos,14400.0,1,1,1,32,0,100.0,1,220.0,134.0,-1.4976078357537823
7584.0,Dictamen de equivalencia ITESHU.,Secretaría de Educación Pública,Instituto Tecnológico Superior de Huichapan,"Calle sin numero Domicilio Conocido s/n, El Saucillo Huichapan, Hgo. 42411 Huichapan Huichapan",Social,15840.0,1,4,1,0,0,0.0,1,194.0,80.0,-1.4520471601619402
7585.0,"Curso de extensión, actualización o educación continua ITESHU.",Secretaría de Educación Pública,Instituto Tecnológico Superior de Huichapan,"Calle sin numero El Saucillo Huichapan, Hgo. 42411 Huichapan Huichapan",Social,4320.0,1,1,1,739,0,100.0,1,236.0,188.0,-1.4536126433987733
7586.0,Evaluación de segunda oportunidad ITESHU.,Secretaría de Educación Pública,Instituto Tecnológico Superior de Huichapan,"Calle sin numero El Saucillo Huichapan, Hgo. 42411 Huichapan Huichapan",Social,360.0,0,1,1,3350,0,100.0,1,598.0,408.0,-1.433959997716445
7588.0,Titulación ITESHU.,Secretaría de Educación Pública,Instituto Tecnológico Superior de Huichapan,"Calle sin numero El Saucillo Huichapan, Hgo. 42411 Huichapan Huichapan",Social,85.0,1,8,1,341,0,100.0,1,851.0,666.0,-1.3141552450003189
7591.0,Capacitación y Certificación a entrenadores Instituto Hidalguense del Deporte,Secretaría de Educación Pública,Instituto Hidalguense del Deporte,Calle 104 Carlos Rovirosa 42082 Pachuca De Soto Pachuca De Soto,Social,10.0,0,3,1,200,50,80.0,1,1899.0,1593.0,-1.397868584823366
7619.0,Reposición de Credencial UTVAM,Secretaría de Educación Pública,Universidad Tecnológica de la Zona Metropolitana del Valle de México,Boulevard 5 Los Héroes Tizayuca 43816 Tizayuca Tizayuca,Social,2880.0,0,2,14,7,0,100.0,1,552.0,65.0,11.49657147182302
7622.0,Inscripción (CEH),Secretaría de Educación Pública,Colegio del Estado de Hidalgo,Circuito 3 De La Concepción 42162 San Agustín Tlaxiaca San Agustín Tlaxiaca,Social,1440.0,0,1,1,26,0,100.0,0,592.0,247.0,-1.4610364742583664
7626.0,Registro de Admisión (CEH),Secretaría de Educación Pública,Colegio del Estado de Hidalgo,Boulevard 3 De la Concepción 42162 San Agustín Tlaxiaca San Agustín Tlaxiaca,Social,1440.0,2,2,1,20,0,100.0,1,452.0,239.0,-1.4261295075307785
7628.0,"Componente Rehabilitación, Modernización y Tecnificación de Distritos de Riego.",Secretaría de Agricultura y Desarrollo Rural,Secretaría de Agricultura y Desarrollo Rural,"Carretera s/n Venta Prieta, Ex Centro Minero Edificio 1A, Pachuca de Soto, Hgo. 42080 Pachuca De Soto Pachuca De Soto",Ambos,14400.0,1,3,2,18,0,100.0,0,682.0,203.0,-0.49123378836154924
7629.0,Componente Equipamiento de Distritos de Riego.,Secretaría de Agricultura y Desarrollo Rural,Secretaría de Agricultura y Desarrollo Rural,"Carretera sn Venta Prieta, Ex Centro Minero 42080 Pachuca De Soto Pachuca De Soto",Ambos,14400.0,1,3,2,8,0,100.0,0,848.0,226.0,-0.49123378836154924
7632.0,"Componente Rehabilitación, Modernización, Tecnificación, Equipamiento de Unidades de Riego y Proyectos Productivos en Zonas de Atención Prioritaria.",Secretaría de Agricultura y Desarrollo Rural,Secretaría de Agricultura y Desarrollo Rural,"Carretera sn Venta Prieta, Ex Centro Minero Edificio 1A, Pachuca de Soto, Hgo. 42080 Pachuca De Soto Pachuca De Soto",Ambos,14400.0,1,5,2,80,0,100.0,0,1252.0,434.0,-0.4566699863141299
7663.0,Certificación de copias de documentos históricos,Oficialía Mayor,Oficialía Mayor,Calle 807 Centro 42000 Pachuca De Soto Pachuca De Soto,Social,1440.0,0,0,1,25,0,100.0,0,424.0,394.0,-1.4783183752820763
7746.0,Acuerdo de autorización por cambio de domicilio,Secretaría de Educación Pública,Secretaría de Educación Pública,Circuito Lote 17 Ex Hacienda La Concepción 42160 San Juan Tilcuautla San Agustín Tlaxiaca,Empresarial,259200.0,1,2,1,1,0,100.0,1,502.0,139.0,-2.548780606208863
7805.0,Duplicado de certificado de estudios UTVM,Secretaría de Educación Pública,Universidad Tecnológica del Valle del Mezquital,Carretera S/N El Nith 42300 El Nith Ixmiquilpan,Social,30240.0,0,1,1,0,0,0.0,1,157.0,297.0,-1.5643743179116505
8129.0,Expedición de Certificado de Estudios UTVAM,Secretaría de Educación Pública,Universidad Tecnológica de la Zona Metropolitana del Valle de México,Boulevard 5 Los Héroes Tizayuca 43816 Tizayuca Tizayuca,Social,2880.0,0,2,14,45,0,100.0,1,422.0,97.0,11.49657147182302
8132.0,Historial Académico UTMZ,Secretaría de Educación Pública,Universidad Tecnológica Minera de Zimapán,Calle 34 La Tahona 42350 Plutarco Elías Calles (Santiago) Zimapán,Social,1440.0,1,0,1,35,0,100.0,0,92.0,144.0,-1.4806871953963652
8136.0,Curso de Lengua Extranjera a Público en General y Personal Docente y Administrativo UTVAM,Secretaría de Educación Pública,Universidad Tecnológica de la Zona Metropolitana del Valle de México,Boulevard 5 Los Héroes Tizayuca 43816 Tizayuca Tizayuca,Ambos,2880.0,1,3,1,60,0,100.0,1,407.0,184.0,-1.412763813872067
8142.0,Reposición de Credencial Escolar UPP,Secretaría de Educación Pública,Universidad Politécnica de Pachuca,Carretera S/N Santa Bárbara 43830 Zempoala Zempoala,Social,15.0,0,2,1,30,0,100.0,1,393.0,167.0,-1.4151723088591563
8154.0,Becas UPT,Secretaría de Educación Pública,Universidad Politécnica de Tulancingo,Calle 100 Huapalcalco 43629 Tulancingo De Bravo Tulancingo De Bravo,Social,8.0,1,1,12,110,33,76.92307692,0,254.0,361.0,9.47874728033727
8172.0,Aclaración de resultados de exámenes de Preparatoria Abierta por omisión y/o revisión administrativa,Secretaría de Educación Pública,Instituto Hidalguense de Educación para Adultos,Circuito s.n. San Juan Tilcuautla 42160 San Juan Tilcuautla San Agustín Tlaxiaca,Social,15.0,1,1,1,110,0,100.0,0,314.0,277.0,-1.4571857359296112
8176.0,Registro de Equivalencias Preparatoria Abierta,Secretaría de Educación Pública,Instituto Hidalguense de Educación para Adultos,Circuito s.n. San Juan Tilcuautla 42160 San Agustín Tlaxiaca San Agustín Tlaxiaca,Social,20.0,1,3,1,80,0,100.0,0,203.0,230.0,-1.422643756894273
8256.0,Titulación UPH,Secretaría de Educación Pública,Universidad Politécnica de Huejutla,Calle S/N Tepoxtequito 43000 Huejutla De Reyes Huejutla De Reyes,Social,172800.0,0,7,2,125,0,100.0,1,88.0,121.0,-1.0887276809415354
8293.0,Constancia de Estudios COBAEH,Secretaría de Educación Pública,Colegio de Bachilleres del Estado de Hidalgo,Circuito Lote 17 San Juan Tilcuautla 42160 San Juan Tilcuautla San Agustín Tlaxiaca,Social,2880.0,0,0,1,9653,0,100.0,1,646.0,1935.0,-1.4622406968289072
8294.0,Certificado de Estudios COBAEH,Secretaría de Educación Pública,Colegio de Bachilleres del Estado de Hidalgo,Circuito Lote 17 San Juan Tilcuautla 42160 San Juan Tilcuautla San Agustín Tlaxiaca,Social,30240.0,0,0,1,1495,0,100.0,1,896.0,4914.0,-1.5816562189353598
8295.0,Equivalencia de Estudios COBAEH,Secretaría de Educación Pública,Colegio de Bachilleres del Estado de Hidalgo,Circuito Lote 17 San Juan Tilcuautla 42160 San Juan Tilcuautla San Agustín Tlaxiaca,Social,17280.0,0,1,1,655,0,100.0,1,503.0,663.0,-1.5078090705980671
8298.0,Seguro Escolar COBAEH,Secretaría de Educación Pública,Colegio de Bachilleres del Estado de Hidalgo,Circuito Lote 17 San Juan Tilcuautla 42160 San Juan Tilcuautla San Agustín Tlaxiaca,Social,5.0,0,0,1,64343,0,100.0,1,434.0,480.0,-1.4496924648824139
8299.0,Historial académico UTVM,Secretaría de Educación Pública,Universidad Tecnológica del Valle del Mezquital,Carretera S/N El Nith 42300 El Nith Ixmiquilpan,Social,2.0,0,1,14,2485,0,100.0,0,468.0,303.0,11.4694881906206
8309.0,Equivalencias de estudios UTVM,Secretaría de Educación Pública,Universidad Tecnológica del Valle del Mezquital,Carretera S/N El Nith 42300 El Nith Ixmiquilpan,Social,30240.0,0,3,1,2,0,100.0,0,196.0,157.0,-1.5521732217966875
8314.0,Alimentación Escolar Modalidad Fría,Organismos No Sectorizados,Sistema para el Desarrollo Integral de la Familia del Estado de Hidalgo,Calle 100 Centro 42000 Pachuca De Soto Pachuca De Soto,Social,22864.51619047619,1,2,1,2229,0,100.0,0,635.0,3305.4179357022,-1.5396328884792043
8315.0,Alimentación Escolar Modalidad Caliente,Organismos No Sectorizados,Sistema para el Desarrollo Integral de la Familia del Estado de Hidalgo,Calle 100 Centro 42000 Pachuca De Soto Pachuca De Soto,Social,22864.51619047619,0,1,1,890,0,100.0,0,521.0,1281.0,-1.5545459693886252
8322.0,"Atención Alimentaria a Grupos Prioritarios, Personas Mayores",Organismos No Sectorizados,Sistema para el Desarrollo Integral de la Familia del Estado de Hidalgo,Calle 100 Centro 42000 Pachuca De Soto Pachuca De Soto,Social,22864.51619047619,0,0,1,841,0,100.0,0,880.0,3305.4179357022,-1.5718278704123347
8323.0,Atención Alimentaria en los Primeros 1000 Días,Organismos No Sectorizados,Sistema para el Desarrollo Integral de la Familia del Estado de Hidalgo,Calle 100 Centro 42000 Pachuca De Soto Pachuca De Soto,Social,22864.51619047619,1,2,1,2261,0,100.0,0,831.0,3305.4179357022,-1.5396328884792043
8328.0,Atención Alimentaria a Personas en Situación de Emergencia o Desastre,Organismos No Sectorizados,Sistema para el Desarrollo Integral de la Familia del Estado de Hidalgo,Calle 100 Centro 42000 Pachuca De Soto Pachuca De Soto,Social,22864.51619047619,0,0,1,303,0,100.0,0,741.0,364.0,-1.5718278704123347
8331.0,"Atención Alimentaria a Grupos Prioritarios, Personas con Discapacidad",Organismos No Sectorizados,Sistema para el Desarrollo Integral de la Familia del Estado de Hidalgo,Calle 100 Centro 42000 Pachuca De Soto Pachuca De Soto,Social,22864.51619047619,0,1,1,452,0,100.0,0,648.0,503.0,-1.5545459693886252
8340.0,Atención Psicológica a Mujeres en Situación de Violencia de Género,Secretaría de Gobierno,Ciudad de las Mujeres,Calle sin número Tlaxinacalpan 42850 Tepeji Del Río De Ocampo Tepeji Del Río De Ocampo,Social,60.0,0,0,1,1196,0,100.0,0,200.0,3305.4179357022,-1.4722952239477596
8361.0,Admisión ITESHU.,Secretaría de Educación Pública,Instituto Tecnológico Superior de Huichapan,"Calle sin numero El Saucillo Huichapan, Hidalgo. 42411 Huichapan Huichapan",Social,27.0,0,4,1,575,0,100.0,1,864.0,3304.0,-1.380660882040731
8688.0,Servicios de Sensibilización y desarrollo de habilidades para la vida de las juventudes,Secretaría de Gobierno,Ciudad de las Mujeres,Calle sin número Tlaxinacalpan 42850 Tepeji Del Río De Ocampo Tepeji Del Río De Ocampo,Social,22864.51619047619,0,0,1,2769,0,100.0,0,135.0,35.0,-1.5718278704123347
8718.0,Aviso de Actualización de Datos o Baja del Establecimiento de Insumos para la Salud que Opera con Licencia Sanitaria.,Secretaría de Salud,Secretaría de Salud,Cerrada 115 Cubitos 42090 Pachuca De Soto Pachuca De Soto,Ambos,20.0,0,0,1,24,0,100.0,0,112.0,331.0,-1.4721206398511129
8719.0,Aviso de Actualización de Datos para Servicios Urbanos de Fumigación y Control de Plagas Urbanas del Establecimiento que Opera con Licencia Sanitaria.,Secretaría de Salud,Secretaría de Salud,Cerrada 115 Cubitos 42090 Pachuca De Soto Pachuca De Soto,Ambos,0.0,0,0,1,24,0,100.0,0,129.0,122.0,-1.4720333478027898
8720.0,Aviso de Funcionamiento de Crematorio,Secretaría de Salud,Secretaría de Salud,Cerrada 115 Cubitos 42090 Pachuca De Soto Pachuca De Soto,Ambos,21600.0,1,7,1,0,0,0.0,0,89.0,232.0,-1.4477042729404155
8722.0,Aviso de Funcionamiento de Panteón.,Secretaría de Salud,Secretaría de Salud,Cerrada 115 Cubitos 42090 Pachuca De Soto Pachuca De Soto,Ambos,21600.0,1,6,1,0,0,0.0,0,220.0,1569.0,-1.4649861739641254
8727.0,Licencia Sanitaria de Unidades Móviles para Traslado de Cadáveres,Secretaría de Salud,Secretaría de Salud,Cerrada 115 Cubitos 42090 Pachuca De Soto Pachuca De Soto,Ambos,21600.0,0,3,1,10,0,100.0,0,131.0,400.0,-1.5144630569209656
8739.0,Solicitud de Modificación a la Licencia Sanitaria de Establecimientos de Insumos para la Salud Modalidad G.- Farmacia o Botica (con venta de medicamentos controlados),Secretaría de Salud,Secretaría de Salud,Cerrada 115 Cubitos 42090 Pachuca De Soto Pachuca De Soto,Ambos,86400.0,0,2,1,15,12,55.55555556,1,442.0,3305.4179357022,-1.792208488580134
8740.0,Solicitud de Modificación a la Licencia Sanitaria para Servicios Urbanos de Fumigación y Control de plagas.,Secretaría de Salud,Secretaría de Salud,Cerrada 115 Cubitos 42090 Pachuca De Soto Pachuca De Soto,Ambos,86400.0,0,3,1,1,0,100.0,1,389.0,197.0,-1.7749265875564237
8858.0,Credencial Escolar y duplicado COBAEH,Secretaría de Educación Pública,Colegio de Bachilleres del Estado de Hidalgo,Circuito Lote 17 San Juan Tilcuautla 42160 San Juan Tilcuautla San Agustín Tlaxiaca,Social,31680.0,0,0,1,16728,0,100.0,1,410.0,1133.0,-1.5879412464146472
8860.0,Asesoría para el Desarrollo de Productos y la Comercialización en Agronegocios.,Secretaría de Agricultura y Desarrollo Rural,Secretaría de Agricultura y Desarrollo Rural,Carretera s/n Venta Prieta 42080 Pachuca De Soto Pachuca De Soto,Ambos,1440.0,1,2,2,53,3,94.64285714,0,1020.0,443.0,-0.4519504420716759
8862.0,Asesoría para el trámite de la membresía GS1 para la trazabilidad en productos agropecuarios,Secretaría de Agricultura y Desarrollo Rural,Secretaría de Agricultura y Desarrollo Rural,Carretera s/n Venta Prieta 42080 Pachuca De Soto Pachuca De Soto,Ambos,1440.0,4,3,2,10,0,100.0,0,244.0,128.0,-0.44177500139083264
8863.0,Asesoría presencial y a distancia para la Constitución de Sociedades Agropecuarias y Pesqueras.,Secretaría de Agricultura y Desarrollo Rural,Secretaría de Agricultura y Desarrollo Rural,Carretera s/n Venta prieta 42083 Pachuca De Soto Pachuca De Soto,Ambos,1440.0,0,2,2,40,5,88.88888889,0,536.0,182.0,-0.4495816219573871
8865.0,Asistencia Técnica y Capacitación Pecuaria.,Secretaría de Agricultura y Desarrollo Rural,Secretaría de Agricultura y Desarrollo Rural,Carretera s/n Venta Prieta 42080 Pachuca De Soto Pachuca De Soto,Ambos,7200.0,1,1,2,55,0,100.0,0,335.0,286.0,-0.49437245301253363
8867.0,Siembra de Crías de Peces.,Secretaría de Agricultura y Desarrollo Rural,Secretaría de Agricultura y Desarrollo Rural,Carretera s/n Venta prieta 42080 Pachuca De Soto Pachuca De Soto,Empresarial,43200.0,1,0,2,29,0,100.0,0,480.0,758.0,-0.6687800410184183
8905.0,Clínica Universitaria de Rehabilitación Integral (C.U.R.e.I.) Servicios de Terapia Física UPP,Secretaría de Educación Pública,Universidad Politécnica de Pachuca,Carretera S/N de Santa Barbara 43830 Zempoala Zempoala,Social,1440.0,0,3,9,25,0,100.0,1,348.0,907.0,6.549273643939668
8933.0,Inscripción al Catálogo de Empresas del Sector Energético del Estado de Hidalgo.,Secretaría de Desarrollo Económico,Agencia Estatal de Energía de Hidalgo,Boulevard 222 Zona Plateada 42084 Pachuca De Soto Pachuca De Soto,Ambos,25920.0,1,3,1,13,0,100.0,1,509.0,394.0,-1.5133242535406592
8934.0,"Reinscripción: 2°,3°,4°,5° y 6° Semestre Bachillerato del Estado de Hidalgo",Secretaría de Educación Pública,Bachillerato del Estado de Hidalgo,Circuito Lote 17 San Juan Tilcuautla 42160 San Juan Tilcuautla San Agustín Tlaxiaca,Social,30.0,0,1,1,9456,0,100.0,1,290.0,172.0,-1.4325196789191086
8939.0,Titulación UPMH,Secretaría de Educación Pública,Universidad Politécnica Metropolitana de Hidalgo,Boulevard 1009 San Javier 43860 Tolcayuca Tolcayuca,Social,367200.0,1,4,4,2,0,100.0,1,458.0,530.0,-0.0030750112761587377
8956.0,Opinión de Cumplimiento de Obligaciones Fiscales Estatales,Secretaría de Hacienda,Secretaría de Hacienda,Calle No. 1 Centro 42500 Actopan Actopan,Ambos,4320.0,0,0,1,18100,0,100.0,1,2215.0,41457.0,-1.468525724308194
8984.0,Reposición de certificado o constancia del ICATHI,Secretaría de Trabajo y Previsión Social,Instituto de Capacitación para el Trabajo del Estado de Hidalgo,Calle Lote 17 San Juan Tilcuautla 42160 San Agustín Tlaxiaca San Agustín Tlaxiaca,Social,30.0,0,1,1,304,0,100.0,1,426.0,1145.0,-1.4325196789191086
9011.0,Tienda en línea Margarita Michelena.,Secretaría de Cultura,Consejo Estatal para la Cultura y las Artes de Hidalgo,Avenida S/N Centro 42000 Pachuca De Soto Pachuca De Soto,Social,2880.0,0,0,1,0,0,0.0,1,306.0,318.0,-1.4622406968289072
9036.0,Cesión de Derechos - Comisión Estatal de Vivienda,Secretaría de Infraestructura Pública y Desarrollo Urbano Sostenible,Comisión Estatal de Vivienda,Boulevard 117 El Palmar I 42088 Pachuca De Soto Pachuca De Soto,Social,30.0,1,3,1,48,0,100.0,1,317.0,3512.0,-1.4003246969859782
9037.0,Órdenes de escrituración - Comisión Estatal de Vivienda,Secretaría de Infraestructura Pública y Desarrollo Urbano Sostenible,Comisión Estatal de Vivienda,Boulevard 117 El Palmar I 42088 Pachuca De Soto Pachuca De Soto,Social,30.0,1,4,1,2,0,100.0,1,103.0,2060.0,-1.3830427959622686
9074.0,Constancia escolar UICEH,Secretaría de Educación Pública,Universidad Intercultural del Estado de Hidalgo,Carretera s/n El desdavì 43487 El Desdavi Tenango De Doria,Social,1440.0,0,1,1,20,0,100.0,1,15.0,73.0,-1.4386737683259105
9075.0,"Asesoría técnica, especializada en agricultura sustentable.",Secretaría de Agricultura y Desarrollo Rural,Secretaría de Agricultura y Desarrollo Rural,Calle 148 La Reforma 42700 Mixquiahuala De Juárez Mixquiahuala De Juárez,Ambos,1440.0,0,1,2,140,0,100.0,0,42.0,319.0,-0.46686352298109673
9077.0,Credencialización UICEH,Secretaría de Educación Pública,Universidad Intercultural del Estado de Hidalgo,Carretera s/n El Desdavì 43487 El Desdavi Tenango De Doria,Social,60.0,0,1,1,300,0,100.0,1,6.0,52.0,-1.4326506169915936
9918.0,Garantias del Interes Fiscal (Federal),Secretaría de Hacienda,Secretaría de Hacienda,Boulevard 801 Canutillo 42075 Pachuca De Soto Pachuca De Soto,Ambos,129600.0,1,0,1,20,10,66.66666667,0,60.0,165.0,-2.0400546410529086
9919.0,Garantias del Interes Fiscal (Estatal),Secretaría de Hacienda,Secretaría de Hacienda,Boulevard 801 Canutillo 42070 Pachuca De Soto Pachuca De Soto,Ambos,129600.0,1,0,1,0,0,0.0,0,48.0,243.0,-2.0400546410529086
9920.0,Remates en línea,Secretaría de Hacienda,Secretaría de Hacienda,Boulevard 801 Canutillo 42075 Pachuca De Soto Pachuca De Soto,Ambos,43200.0,0,0,1,12,0,100.0,0,11.0,196.0,-1.6605841721813994
9948.0,Historial Académico UNIDEH,Secretaría de Educación Pública,Universidad Digital del Estado de Hidalgo,Boulevard Mza. 10 Santa Catarina 42163 San Miguel Tornacuxtla San Agustín Tlaxiaca,Social,22864.51619047619,0,1,1,150,0,100.0,1,4.0,223.0,-1.5321832634561692
9957.0,Dictamen de Equivalencia (ITSOEH),Secretaría de Educación Pública,Instituto Tecnológico Superior del Occidente del Estado de Hidalgo,Carretera 2000 Carretera Mixquiahuala- Tula km.2.5 42700 Mixquiahuala De Juárez Mixquiahuala De Juárez,Social,86400.0,1,3,1,7,0,100.0,1,2.0,113.0,-1.7772954076707133
9974.0,Préstamo con maquinaria especializada para la nivelación de tierras agrícolas.,Secretaría de Agricultura y Desarrollo Rural,Secretaría de Agricultura y Desarrollo Rural,"Carretera s/n Venta Prieta, Ex Centro Minero. 42080 Pachuca De Soto Pachuca De Soto",Ambos,1440.0,1,1,2,5,0,100.0,0,2871.0670103092784,405.0,-0.4692323430953856
10035.0,Publicaciones e impresiones (Materia Catastral Compendio Catastral),Secretaría de Hacienda,Instituto Catastral,Calle 105 Real de Minas 42090 Pachuca De Soto Pachuca De Soto,Social,4320.0,0,1,1,0,0,0.0,1,2871.0670103092784,84.0,-1.4512438232844846
10079.0,Refrendo anual perito topográfo,Secretaría de Hacienda,Instituto Catastral,Calle 105 Real de Minas 42090 Pachuca De Soto Pachuca De Soto,Social,172800.0,2,1,1,0,0,0.0,1,2871.0670103092784,249.0,-2.191329678589641
10080.0,Becas para la Transformación de Estudiantes de Instituciones de Educación Superior,Secretaría de Educación Pública,Secretaría de Educación Pública,Circuito Lote 17 San Juan Tilcuautla 42160 San Juan Tilcuautla San Agustín Tlaxiaca,Social,7200.0,3,11,12,12057,0,100.0,0,2871.0670103092784,22100.0,9.615438429768686
10106.0,Copia de Ortofoto a color escala 1:1000,Secretaría de Hacienda,Instituto Catastral,Calle 105 Real de Minas 42090 Pachuca De Soto Pachuca De Soto,Social,4320.0,1,2,1,0,0,0.0,1,2871.0670103092784,174.0,-1.4363307423750633
10408.0,Autorización de Centro de Asesoría Particular de Preparatoria Abierta,Secretaría de Educación Pública,Instituto Hidalguense de Educación para Adultos,Circuito S/N La Concepción 42160 San Juan Tilcuautla San Agustín Tlaxiaca,Social,21600.0,0,9,1,4,0,100.0,1,2871.0670103092784,436.0,-1.3884089448462513
10519.0,Admisión UPFIM,Secretaría de Educación Pública,Universidad Politécnica Francisco I. Madero,Calle s/n Domicilio Conocido 42660 Tepatepec Francisco I. Madero,Social,1440.0,0,1,11,1110,0,100.0,1,2871.0670103092784,3305.4179357022,8.503055744446788
10522.0,Constancia Escolar UPFIM,Secretaría de Educación Pública,Universidad Politécnica Francisco I. Madero,Calle s/n Domicilio Conocido 42660 Tepatepec Francisco I. Madero,Social,480.0,0,1,1,310,0,100.0,1,2871.0670103092784,314.0,-1.4344837500063858
10523.0,Certificado Parcial UPFIM,Secretaría de Educación Pública,Universidad Politécnica Francisco I. Madero,Calle s/n Domicilio Conocido 42660 Tepatepec Francisco I. Madero,Social,21600.0,0,2,11,420,0,100.0,1,2871.0670103092784,72.0,8.432347260760478
10524.0,Cursos de Educación Continua UPFIM,Secretaría de Educación Pública,Universidad Politécnica Francisco I. Madero,Calle s/n Tepatepec 42660 Tepatepec Francisco I. Madero,Social,1440.0,0,1,11,30,0,100.0,1,2871.0670103092784,100.0,8.503055744446788
10549.0,Titulación en la UICEH,Secretaría de Educación Pública,Universidad Intercultural del Estado de Hidalgo,Carretera S/N EL DESDAVI 43487 El Desdavi Tenango De Doria,Social,518400.0,0,8,1,3,0,100.0,1,2871.0670103092784,105.0,-3.5740253262239765
10562.0,Examen TOEFL UPFIM,Secretaría de Educación Pública,Universidad Politécnica Francisco I. Madero,Calle s/n Domicio conocido 42660 Tepatepec Francisco I. Madero,Social,22864.51619047619,0,1,1,486,0,100.0,1,2871.0670103092784,247.0,-1.5321832634561692
10587.0,Asesoría Jurídica en Derechos Humanos,Secretaría de Gobierno,Secretaría de Gobierno,Avenida 201 REAL DE MINAS 42090 Pachuca De Soto Pachuca De Soto,Social,22864.51619047619,0,0,1,0,0,0.0,0,2871.0670103092784,653.0,-1.5718278704123347
10588.0,Escrituras Públicas para personas que han tenido en posesión un predio,Secretaría de Gobierno,Secretaría de Gobierno,Avenida 1010 Periodistas 42060 Pachuca De Soto Pachuca De Soto,Social,345600.0,0,5,1,691,0,100.0,0,2871.0670103092784,1303.0,-2.894030437713122
10605.0,Modificación de Tipo de Perito en el Padrón,Secretaría de Hacienda,Instituto Catastral,Calle 105 Real de Minas 42090 Pachuca De Soto Pachuca De Soto,Social,4320.0,1,3,1,0,0,0.0,1,2871.0670103092784,38.0,-1.4190488413513538
10606.0,Atención al empoderamiento.,Secretaría de Gobierno,Centro de Justicia Para Mujeres,Calle 118 San Carlos 42084 Pachuca De Soto Pachuca De Soto,Social,30.0,0,0,1,0,0,0.0,0,2871.0670103092784,125.0,-1.4721642858752746
10618.0,Uso de la Plataforma Naturalista,Secretaría de Medio Ambiente y Recursos Naturales,Comisión Estatal de Biodiversidad de Hidalgo,Boulevard 2005 Coscotitlán 42064 Pachuca De Soto Pachuca De Soto,Ambos,1440.0,1,0,1,2,0,100.0,0,2871.0670103092784,31.0,-1.4806871953963652
10662.0,Credencial de Identificación Escolar (CEH),Secretaría de Educación Pública,Colegio del Estado de Hidalgo,Boulevard 3 De La Concepción 42162 San Agustín Tlaxiaca San Agustín Tlaxiaca,Social,7200.0,2,0,1,10,0,100.0,1,2871.0670103092784,806.0,-1.4858334194953453
10793.0,Becas Institucionales UPP,Secretaría de Educación Pública,Universidad Politécnica de Pachuca,Carretera S/N de Santa Bárbara 43380 Zempoala Zempoala,Social,11520.0,3,0,2,30,0,100.0,0,2871.0670103092784,292.0,-0.5352470767026818
10806.0,Transformando con la Juventud,Secretaría de Desarrollo Económico,Secretaría de Desarrollo Económico,Calle 305 Zona Plateada 42084 Pachuca De Soto Pachuca De Soto,Social,15.0,1,3,4,759,190,79.97892518,0,2871.0670103092784,6459.0,1.5598969199496184
10814.0,Tu Experiencia Transforma,Secretaría de Desarrollo Económico,Secretaría de Desarrollo Económico,Calle 305 Zona Plateada 42084 Pachuca De Soto Pachuca De Soto,Social,15.0,1,3,4,134,83,61.75115207,0,2871.0670103092784,1790.0,1.5598969199496184
10825.0,Acompañamiento a los municipios para la implementación de estrategias que impulsen el desarrollo económico local,Secretaría de Desarrollo Económico,Secretaría de Desarrollo Económico,Calle 305 Zona Plateada 42084 Pachuca De Soto Pachuca De Soto,Empresarial,21600.0,1,0,1,0,0,0.0,0,2871.0670103092784,119.0,-1.5686775801063835
10838.0,"Expedición, Renovación o Reposición por Robo o Extravío del Tarjetón para Personas que Conducen Unidades Autorizadas por el Sistema de Transporte Convencional",Secretaría de Movilidad y Transporte,Sistema de Transporte Convencional de Hidalgo,Avenida 205 Colonias 42083 Pachuca De Soto Pachuca De Soto,Social,23.0,1,7,2,0,0,0.0,1,2871.0670103092784,3305.4179357022,-0.33699358939695606
10850.0,"Suministro e instalación de mojonera de hormigon de 40 cms. de largo y 10 cms. de diametro con una varilla al centro de 1/2"", para identificación de vertices que delimitan perimetrales de predio",Secretaría de Hacienda,Instituto Catastral,Calle 105 Real de Minas 42090 Pachuca De Soto Pachuca De Soto,Ambos,4320.0,1,4,1,0,0,0.0,1,2871.0670103092784,333.0,-1.4017669403276443
10878.0,Equivalencia de Estudios UPFIM,Secretaría de Educación Pública,Universidad Politécnica Francisco I. Madero,Calle sn Domicilio conocido 42660 Tepatepec Francisco I. Madero,Social,43200.0,0,3,11,15,0,100.0,1,2871.0670103092784,75.0,8.355353749594885
10913.0,Actualización del Registro de Proveedores (Persona Moral),Secretaría de Contraloría,Secretaría de Controlaría,"Carretera 0 Venta Prieta, Ex Centro Minero 42083 Pachuca De Soto Pachuca De Soto",Empresarial,22864.51619047619,0,0,1,0,0,0.0,1,2871.0670103092784,1163.0,-1.5494651644798785
10927.0,Gestión de Créditos,Secretaría de Agricultura y Desarrollo Rural,Secretaría de Agricultura y Desarrollo Rural,Carretera s/n Venta Prieta 42080 Pachuca De Soto Pachuca De Soto,Ambos,1440.0,0,2,2,79,0,100.0,0,2871.0670103092784,182.0,-0.4495816219573871
10970.0,Asignación de Servicio Social UPP,Secretaría de Educación Pública,Universidad Politécnica de Pachuca,Carretera s/n Rancho Luna 43830 Zempoala Zempoala,Social,30.0,1,3,2,150,0,100.0,0,2871.0670103092784,453.0,-0.4285144516411645
10972.0,Asesoría Legal En Materia Notarial,Secretaría de Gobierno,Dirección General del Archivo General de Notarías,Calle 517 Centro 42000 Pachuca De Soto Pachuca De Soto,Ambos,22864.51619047619,0,0,1,0,0,0.0,0,2871.0670103092784,49.0,-1.5718278704123347
10981.0,"Inscripción de la designación, aceptación o discernimiento del cargo de albacea. Declaración y reconocimiento de herederos en un solo documento.",Secretaría de Gobierno,Dirección General del Instituto de la Función Registral,Avenida 907 Las Terrazas 42094 Pachuca De Soto Pachuca De Soto,Ambos,22864.51619047619,1,2,1,0,0,0.0,1,2871.0670103092784,25.0,-1.517270182546748
11018.0,Expedición de constancias de documentos que obran en la Dirección General de Profesiones,Secretaría de Educación Pública,Secretaría de Educación Pública,Circuito S/N Ex Hacienda La Concepción 42186 San Juan Tilcuautla San Agustín Tlaxiaca,Social,4320.0,1,1,1,1,0,100.0,1,2871.0670103092784,70.0,-1.4536126433987733
11019.0,Verificación energética en centros de carga eléctrica con tarifa comercial hasta 25 kW.,Secretaría de Desarrollo Económico,Agencia Estatal de Energía de Hidalgo,Boulevard 222 Zona Plateada 42084 Pachuca De Soto Pachuca De Soto,Ambos,28800.0,1,3,1,0,0,0.0,1,2871.0670103092784,103.0,-1.525894308499233
11021.0,Verificación energética en centros de carga eléctrica con tarifa de uso domestico (DAC),Secretaría de Desarrollo Económico,Agencia Estatal de Energía de Hidalgo,Boulevard 222 Zona Plateada 42084 Pachuca De Soto Pachuca De Soto,Social,28800.0,1,0,1,0,0,0.0,1,2871.0670103092784,128.0,-1.577740011570362
11023.0,Inscripción Nivel Posgrado UPFIM,Secretaría de Educación Pública,Universidad Politécnica Francisco I. Madero,Calle s/n Domicilio Conocido 42660 Tepatepec Francisco I. Madero,Social,1440.0,1,6,11,10,0,100.0,1,2871.0670103092784,55.0,8.58709642945105
11055.0,Ayudas Comunitarias a Mujeres y Familias Indígenas,Organismos No Sectorizados,Comisión Estatal para el Desarrollo Sostenible de los Pueblos Indígenas (CEDSPI),Calle 301 Real de Minas 42090 Pachuca De Soto Pachuca De Soto,Social,22864.51619047619,1,2,1,0,0,0.0,0,2871.0670103092784,60.0,-1.5396328884792043
11056.0,Eco Estufas del Bienestar,Organismos No Sectorizados,Comisión Estatal para el Desarrollo Sostenible de los Pueblos Indígenas (CEDSPI),Calle 301 Real de Minas 42090 Pachuca De Soto Pachuca De Soto,Social,10.0,1,2,2,0,0,0.0,0,2871.0670103092784,148.0,-0.44570906061655063
11058.0,Mujer de Maíz,Organismos No Sectorizados,Comisión Estatal para el Desarrollo Sostenible de los Pueblos Indígenas (CEDSPI),Calle 301 Col. Real de Minas 42090 Pachuca De Soto Pachuca De Soto,Social,5760.0,1,2,2,0,0,0.0,0,2871.0670103092784,139.0,-0.470805524509537
11063.0,Seguridad Alimentaria,Organismos No Sectorizados,Comisión Estatal para el Desarrollo Sostenible de los Pueblos Indígenas (CEDSPI),Calle 301 Real de Minas 42090 Pachuca De Soto Pachuca De Soto,Social,10.0,1,1,2,0,0,0.0,0,2871.0670103092784,48.0,-0.46299096164026027
11065.0,Remodelación de Parques en Comunidades Indígenas,Organismos No Sectorizados,Comisión Estatal para el Desarrollo Sostenible de los Pueblos Indígenas (CEDSPI),Calle 301 Real de Minas 42090 Pachuca De Soto Pachuca De Soto,Social,22864.51619047619,1,3,1,0,0,0.0,0,2871.0670103092784,22.0,-1.5223509874554948
11066.0,Revalidación de Estudios Bachillerato del Estado de Hidalgo,Secretaría de Educación Pública,Bachillerato del Estado de Hidalgo,Circuito Lote 17 San Juan Tilcuautla 42160 San Juan Tilcuautla San Agustín Tlaxiaca,Social,30.0,0,1,1,3,0,100.0,1,2871.0670103092784,52.0,-1.4325196789191086
11075.0,Corredor Artesanal,Organismos No Sectorizados,Comisión Estatal para el Desarrollo Sostenible de los Pueblos Indígenas (CEDSPI),Calle 301 Real de Minas 42090 Pachuca De Soto Pachuca De Soto,Social,22864.51619047619,1,4,1,0,0,0.0,0,2871.0670103092784,3305.4179357022,-1.5050690864317848
11158.0,Impuesto sobre Tenencia y Refrendo Vehicular (transporte público),Secretaría de Hacienda,Secretaría de Hacienda,Calle 801 Canutillo 42075 Pachuca De Soto Pachuca De Soto,Ambos,1440.0,3,8,9,37376,0,100.0,1,2871.0670103092784,566.0,6.628576688715351
11163.0,Constancia de estudios UTMIR,Secretaría de Educación Pública,Universidad Tecnológica de Mineral de la Reforma,Calle 1000 Paseos de Chavarría 42186 Pachuquilla Mineral De La Reforma,Social,4320.0,0,0,3,203,0,100.0,1,2871.0670103092784,54.0,0.5198201782463457
11212.0,Asesoría en Materia de Mantenimiento y Conservación de Parques Industriales,Secretaría de Desarrollo Económico,Corporación de Fomento de Infraestructura Industrial,Carretera S/N Las Colonias 42083 Pachuca De Soto Pachuca De Soto,Empresarial,22864.51619047619,0,0,1,0,0,0.0,0,2871.0670103092784,4.0,-1.5718278704123347
11213.0,"Inscripción de la disolución, liquidación y de ambas cuando consten en un solo documento. (Registro Público de la Propiedad y del Comercio, personas morales)",Secretaría de Gobierno,Dirección General del Instituto de la Función Registral,Avenida 907 Las Terrazas 42094 Pachuca De Soto Pachuca De Soto,Ambos,22864.51619047619,1,2,1,47334,0,100.0,1,2871.0670103092784,12.0,-1.517270182546748
11219.0,Acciones en materia de transversalidad de la perspectiva de género,Secretaría de Gobierno,Instituto Hidalguense de las Mujeres,Calle 103 Centro 42000 Pachuca De Soto Pachuca De Soto,Empresarial,4320.0,1,0,1,40,0,100.0,0,2871.0670103092784,3305.4179357022,-1.4932572503549393
11220.0,Acciones en materia de protección de los derechos humanos de las mujeres,Secretaría de Gobierno,Instituto Hidalguense de las Mujeres,Calle 103 Centro 42000 Pachuca De Soto Pachuca De Soto,Social,4320.0,0,0,1,3373,0,100.0,0,2871.0670103092784,3305.4179357022,-1.4908884302406504
11221.0,Apoyos asistenciales otorgados a mujeres,Secretaría de Gobierno,Instituto Hidalguense de las Mujeres,Calle 103 Centro 42000 Pachuca De Soto Pachuca De Soto,Social,4320.0,1,3,1,162,0,100.0,0,2871.0670103092784,6.0,-1.4414115472838103
11222.0,Apoyos económicos para el bienestar físico de las mujeres,Secretaría de Gobierno,Instituto Hidalguense de las Mujeres,Calle 103 Centro 42000 Pachuca De Soto Pachuca De Soto,Social,1440.0,1,4,1,370,0,100.0,0,2871.0670103092784,5.0,-1.4115595913015264
11224.0,"Apoyos económicos para niñas y adolescentes embarazadas, madres o con plan de restitución de derechos",Secretaría de Gobierno,Instituto Hidalguense de las Mujeres,Calle 103 Centro 42000 Pachuca De Soto Pachuca De Soto,Social,4320.0,2,3,1,200,3,98.52216749,0,2871.0670103092784,6.0,-1.443780367398099
11301.0,Levantamiento topográfico.,Secretaría de Educación Pública,Instituto Hidalguense de Infraestructura Física Educativa,Avenida 1500 Fraccionamiento Constitución 42080 Pachuca De Soto Pachuca De Soto,Social,21600.0,1,1,1,6,0,100.0,1,2871.0670103092784,3305.4179357022,-1.529032973150217
11316.0,Constancia de estudios UTT,Secretaría de Educación Pública,Universidad Tecnológica de Tulancingo,Calle 301 Las Presas 43645 Tulancingo De Bravo Tulancingo De Bravo,Social,22864.51619047619,0,0,1,2040,0,100.0,1,2871.0670103092784,0.0,-1.5494651644798785
11218.0,Constancia de Estudios UTSH,Secretaría de Educación Pública,Universidad Tecnológica de la Sierra Hidalguense,Carretera Km. 100 Zacualtipán 43200 Zacualtipán De Ángeles Zacualtipán De Ángeles,Social,22864.51619047619,0,1,1,606,0,100.0,1,2871.0670103092784,2.0,-1.5321832634561692
11008.0,Verificación energética en centros de carga eléctrica con tarifa empresarial menor a 100 kW.,Secretaría de Desarrollo Económico,Agencia Estatal de Energía de Hidalgo,Boulevard 222 Zona Plateada 42084 Pachuca De Soto Pachuca De Soto,Empresarial,28800.0,1,3,1,0,0,0.0,1,2871.0670103092784,89.0,-1.525894308499233
442.0,"Talleres, Pláticas y Conferencias sobre Habilidades de vida para Niñas, Niños y Adolescentes",Organismos No Sectorizados,Sistema para el Desarrollo Integral de la Familia del Estado de Hidalgo,Boulevard s/n Periodistas 42060 Pachuca De Soto Pachuca De Soto,Social,22864.51619047619,0,2,1,1274,0,100.0,0,878.0,537.0,-1.5372640683649152
10928.0,Pago de multa por incomparecencia del patrón en el procedimiento de conciliación,Secretaría de Trabajo y Previsión Social,Centro de Conciliación Laboral del Estado de Hidalgo,Avenida 394 La Concepción 42160 San Juan Tilcuautla San Agustín Tlaxiaca,Ambos,22864.51619047619,0,0,1,690,0,100.0,1,2871.0670103092784,3305.4179357022,-1.5494651644798785
5061.0,"Por cada foja digitalizada, archivo informático y disco óptico que se utilice para entregar los documentos a que se refieren las fracciones I a III",Secretaría de Gobierno,Dirección General del Instituto de la Función Registral,Avenida 907 Las Terrazas 42000 Pachuca De Soto Pachuca De Soto,Ambos,22864.51619047619,1,1,1,47334,0,100.0,1,468.0,182.0,-1.534552083570458
8275.0,Certificado de Estudios UPH,Secretaría de Educación Pública,Universidad Politécnica de Huejutla,Calle S/N Tepoxtequito 43000 Huejutla De Reyes Huejutla De Reyes,Social,2880.0,0,1,2,125,0,100.0,1,103.0,3305.4179357022,-0.4507858445279274
6893.0,Constancia de Estudios UPMH,Secretaría de Educación Pública,Universidad Politécnica Metropolitana de Hidalgo,Boulevard 1009 San Javier 43860 Tolcayuca Tolcayuca,Social,180.0,0,1,9,1348,0,100.0,1,1236.0,402.0,6.520209240936624
6896.0,Reposición de la Credencial de la UPMH por pérdida,Secretaría de Educación Pública,Universidad Politécnica Metropolitana de Hidalgo,Boulevard 1009 San Javier 43860 Tolcayuca Tolcayuca,Social,4320.0,0,1,9,548,0,100.0,1,1187.0,165.0,6.502139786933675
7441.0,Reposición de credencial ITESHU.,Secretaría de Educación Pública,Instituto Tecnológico Superior de Huichapan,"Calle sin numero El Saucillo Huichapan, Hgo. 42411 Huichapan Huichapan",Social,1440.0,0,1,1,8,0,100.0,1,400.0,3305.4179357022,-1.4386737683259105
7536.0,Publicación de Artículo en Congreso ITESHU.,Secretaría de Educación Pública,Instituto Tecnológico Superior de Huichapan,Calle S/N El Saucillo 42411 Huichapan Huichapan,Social,125280.0,0,3,1,8,0,100.0,1,175.0,169.0,-1.944622329497173
773.0,Inspección Vehicular para Unidades Autorizadas por el Sistema de Transporte Convencional,Secretaría de Movilidad y Transporte,Sistema de Transporte Convencional de Hidalgo,Avenida 205 Colonias 42083 Pachuca De Soto Pachuca De Soto,Social,30.0,1,4,2,0,0,0.0,1,344.0,3305.4179357022,-0.38886984468499836
10977.0,Quejas administrativas en contra de las y los Notarios Públicos durante el ejercicio de su función,Secretaría de Gobierno,Dirección General del Archivo General de Notarías,Calle 517 Centro 42000 Pachuca De Soto Pachuca De Soto,Ambos,22864.51619047619,0,0,1,0,0,0.0,0,2871.0670103092784,37.0,-1.5718278704123347
973.0,Cotejo de documentos no autentificados que deben destinarse al apéndice (Registro Público de la Propiedad y del Comercio),Secretaría de Gobierno,Dirección General del Instituto de la Función Registral,Avenida 907 Las Terrazas 42094 Pachuca De Soto Pachuca De Soto,Ambos,21600.0,1,2,7,47334,0,100.0,1,457.0,147.0,4.453286635537112
7500.0,Constancia Escolar UTTT,Secretaría de Educación Pública,Universidad Tecnológica de Tula-Tepeji,Calle 1000 El 61 42830 Tula De Allende Tula De Allende,Social,10.0,0,1,1,975,0,100.0,1,390.0,267.0,-1.4324323868707851
8267.0,Trámite de Equivalencia de Estudios UPH,Secretaría de Educación Pública,Universidad Politécnica de Huejutla,Calle S/N Tepoxtequito 43000 Huejutla De Reyes Huejutla De Reyes,Social,86400.0,1,3,2,7,0,100.0,1,85.0,3305.4179357022,-0.783122456393443
1004.0,"Inscripción de convenios para fraccionar, lotificar o subdividir un predio (zonas urbanas, residenciales e industriales). (Registro Público de la Propiedad y del Comercio)",Secretaría de Gobierno,Dirección General del Instituto de la Función Registral,Avenida 907 Las Terrazas 42094 Pachuca De Soto Pachuca De Soto,Ambos,21600.0,1,4,7,47334,0,100.0,1,2308.0,1733.0,4.487850437584532
1005.0,Inscripción de créditos refaccionarios de habilitación o avío agrícola. (Registro Público de la Propiedad y del Comercio),Secretaría de Gobierno,Dirección General del Instituto de la Función Registral,Avenida 907 Las Terrazas 42094 Pachuca De Soto Pachuca De Soto,Ambos,21600.0,1,1,7,47334,0,100.0,1,391.0,212.0,4.436004734513402
820.0,"Reposición de Placas por robo, Extravío o Robo de Unidades Autorizadas por el Sistema de Transporte Convencional",Secretaría de Movilidad y Transporte,Sistema de Transporte Convencional de Hidalgo,Avenida 205 Colonias 42083 Pachuca De Soto Pachuca De Soto,Social,30.0,1,4,2,0,0,0.0,1,14026.0,3305.4179357022,-0.38886984468499836
8479.0,Reporte Ciudadano en Materia de Protección Civil,Secretaría de Gobierno,Subsecretaría de Protección Civil y Gestión de Riesgos,Avenida 903 Revolución 42060 Pachuca De Soto Pachuca De Soto,Ambos,28800.0,0,0,1,0,0,0.0,0,82.0,334.0,-1.5977338973885296
7349.0,Ingreso a Casa de Día del Sistema DIF Hidalgo,Organismos No Sectorizados,Sistema para el Desarrollo Integral de la Familia del Estado de Hidalgo,Calle 102 Centro 42000 Pachuca De Soto Pachuca De Soto,Social,22864.51619047619,0,4,1,1566,0,100.0,0,875.0,4668.0,-1.5027002663174962
497.0,Préstamos prendarios,Organismos No Sectorizados,Sistema para el Desarrollo Integral de la Familia del Estado de Hidalgo,Calle 104 El Palmar 42030 Pachuca De Soto Pachuca De Soto,Social,22864.51619047619,0,1,1,1318,0,100.0,0,1305.0,686.0,-1.5545459693886252
1650.0,Historial Académico UTMIR,Secretaría de Educación Pública,Universidad Tecnológica de Mineral de la Reforma,Calle 1000 Paseos de Chavarría 42186 Pachuquilla Mineral De La Reforma,Social,4320.0,0,1,3,19,0,100.0,1,570.0,161.0,0.5371020792700555
10607.0,"Proceso y trámite de Adopción de Niñas, Niños y Adolescentes",Organismos No Sectorizados,Sistema para el Desarrollo Integral de la Familia del Estado de Hidalgo,Calle 118 Centro 42000 Pachuca De Soto Pachuca De Soto,Social,22864.51619047619,0,0,1,7231,0,100.0,0,2871.0670103092784,3305.4179357022,-1.5718278704123347
11059.0,Por si las Lluvias,Organismos No Sectorizados,Comisión Estatal para el Desarrollo Sostenible de los Pueblos Indígenas (CEDSPI),Calle 301 Real de Minas 42090 Pachuca De Soto Pachuca De Soto,Social,10.0,1,2,2,0,0,0.0,0,2871.0670103092784,199.0,-0.44570906061655063
1702.0,Alta Provisional de Albacea de la Concesión del Servicio Público,Secretaría de Movilidad y Transporte,Sistema de Transporte Convencional de Hidalgo,Calle 205 Sistema de Transporte Convencional 42083 Pachuca De Soto Pachuca De Soto,Social,22864.51619047619,1,7,1,0,0,0.0,1,660.0,3305.4179357022,-1.4308606774281991
5205.0,Consejería en Salud Sexual y Reproductiva para Mujeres Jóvenes,Secretaría de Gobierno,Ciudad de las Mujeres,Calle Sin número Tlaxinacalpan 42850 Tepeji Del Río De Ocampo Tepeji Del Río De Ocampo,Social,50.0,0,0,1,181,0,100.0,0,327.0,3305.4179357022,-1.472251577923598
1655.0,Ortofoto a color escala 1:1000 derivado de vuelo con Dron.,Secretaría de Hacienda,Instituto Catastral,Calle 105 Real de Minas 42090 Pachuca De Soto Pachuca De Soto,Social,4320.0,1,3,1,0,0,0.0,1,1122.0,258.0,-1.4190488413513538
1658.0,Dictaminación de Avalúos (Catastral),Secretaría de Hacienda,Instituto Catastral,Calle 105 Real de Minas 42090 Pachuca De Soto Pachuca De Soto,Social,12960.0,1,8,1,0,0,0.0,1,1614.0,548.0,-1.3703495011085274
1551.0,"Copia de plano de la localidad, 60x90 cms (Catastral)",Secretaría de Hacienda,Instituto Catastral,Calle 105 Real de Minas 42090 Pachuca De Soto Pachuca De Soto,Social,4320.0,1,2,1,0,0,0.0,1,1556.0,910.0,-1.4363307423750633
1685.0,Concesiones y Permisos de Servicios Auxiliares y Conexos Autorizados por el Sistema de Transporte Convencional,Secretaría de Movilidad y Transporte,Sistema de Transporte Convencional de Hidalgo,Avenida 205 Sistema de Transporte Convencional 42083 Pachuca De Soto Pachuca De Soto,Social,22864.51619047619,1,11,1,0,0,0.0,1,396.0,3305.4179357022,-1.361733073333361
10521.0,Historial Académico UPFIM,Secretaría de Educación Pública,Universidad Politécnica Francisco I. Madero,Calle s/n Domicio Conocido 42660 Tepatepec Francisco I. Madero,Social,480.0,0,1,1,200,0,100.0,1,2871.0670103092784,3305.4179357022,-1.4344837500063858
1703.0,Extinción de Permisos de Servicio Privado y Complementario de Transporte de Personas y Bienes,Secretaría de Movilidad y Transporte,Sistema de Transporte Convencional de Hidalgo,Avenida 205 Colonias 42083 Pachuca De Soto Pachuca De Soto,Social,22864.51619047619,1,2,1,0,0,0.0,1,158.0,3305.4179357022,-1.517270182546748
7469.0,Transferencia por Sentencia de Adjudicación de la Concesión del Servicio de Transporte Público,Secretaría de Movilidad y Transporte,Sistema de Transporte Convencional de Hidalgo,Avenida 205 Colonias 42083 Pachuca De Soto Pachuca De Soto,Social,22864.51619047619,1,10,1,0,0,0.0,1,159.0,3305.4179357022,-1.3790149743570712
5343.0,Atención Temporal a Niñas y Niños acompañantes de usuarias,Secretaría de Gobierno,Ciudad de las Mujeres,Calle S/N Tlaxinacalpan 42850 Tepeji Del Río De Ocampo Tepeji Del Río De Ocampo,Social,22864.51619047619,4,0,1,5492,0,100.0,0,301.0,3305.4179357022,-1.5813031508694897
1192.0,"Aviso de Previsiones de Compra Venta de Estupefacientes para Farmacias, Droguerías y Boticas",Secretaría de Salud,Secretaría de Salud,Cerrada 115 Cubitos 42090 Pachuca De Soto Pachuca De Soto,Ambos,20.0,0,1,1,37,0,100.0,0,660.0,3305.4179357022,-1.4548387388274036
7566.0,Examen General de Egreso de la Licenciatura (ITSOEH)-IngenierÍas,Secretaría de Educación Pública,Instituto Tecnológico Superior del Occidente del Estado de Hidalgo,Carretera 2000 Mixquiahuala Tula km 2.5 42700 Mixquiahuala De Juárez Mixquiahuala De Juárez,Social,4320.0,0,2,1,353,0,100.0,1,402.0,298.0,-1.433961922260775
7577.0,Proceso de Incubación (ITSOEH),Secretaría de Educación Pública,Instituto Tecnológico Superior del Occidente del Estado de Hidalgo,Carretera 0 Cinta larga 42700 Mixquiahuala De Juárez Mixquiahuala De Juárez,Ambos,43200.0,0,0,1,0,0,0.0,1,381.0,119.0,-1.638221466248943
7554.0,Protocolo de Titulación a Nivel Licenciatura (ITSOEH),Secretaría de Educación Pública,Instituto Tecnológico Superior del Occidente del Estado de Hidalgo,Carretera 0 Cinta larga 42700 Mixquiahuala De Juárez Mixquiahuala De Juárez,Social,4320.0,0,4,1,378,0,100.0,1,371.0,187.0,-1.3993981202133554
7578.0,Cuota por Servicio de Extensión y Educación continua (ITSOEH),Secretaría de Educación Pública,Instituto Tecnológico Superior del Occidente del Estado de Hidalgo,Carretera 0 cinta larga 42700 Mixquiahuala De Juárez Mixquiahuala De Juárez,Ambos,43200.0,0,0,1,2539,0,100.0,1,362.0,161.0,-1.638221466248943
9858.0,Curso de Idiomas (ITSOEH),Secretaría de Educación Pública,Instituto Tecnológico Superior del Occidente del Estado de Hidalgo,Calle 2000 Cinta Larga 42700 Mixquiahuala De Juárez Mixquiahuala De Juárez,Social,10080.0,0,1,1,3767,0,100.0,1,32.0,378.0,-1.4763839332016326
447.0,Expedición de Constancias de No inhabilitación,Secretaría de Contraloría,Secretaría de Controlaría,Calle 301 Zona Plateada 42084 Pachuca De Soto Pachuca De Soto,Social,2880.0,1,0,1,3,1,75.0,1,82122.0,94109.0,-1.4646095169431956
9958.0,Curso de Asignatura de 120 horas o más,Secretaría de Educación Pública,Instituto Tecnológico Superior del Occidente del Estado de Hidalgo,Carretera 2000 Mixquiahuala de Juárez 42700 Mixquiahuala De Juárez Mixquiahuala De Juárez,Social,4320.0,0,1,1,54,0,100.0,1,2.0,3305.4179357022,-1.4512438232844846
8746.0,Permiso Sanitario para Traslado de Cadáveres o Restos Áridos Fuera del Territorio Estatal,Secretaría de Salud,Secretaría de Salud,Cerrada 115 Cubitos 42090 Pachuca De Soto Pachuca De Soto,Ambos,20.0,1,1,1,576,0,100.0,1,511.0,3305.4179357022,-1.4348448530092361
1596.0,Aprobación del Plan de Manejo de Residuos de Manejo Especial.,Secretaría de Medio Ambiente y Recursos Naturales,Secretaría de Medio Ambiente y Recursos Naturales,Calle 100 Adolfo Lopez Mateos 42094 Pachuca De Soto Pachuca De Soto,Ambos,86400.0,2,1,2,20,18,52.63157895,1,2230.0,1529.0,-0.8200550785551509
6664.0,Autorización para la Operación de sitios de Disposición Final para Residuos Provenientes de la Construcción,Secretaría de Medio Ambiente y Recursos Naturales,Secretaría de Medio Ambiente y Recursos Naturales,Calle 100 Adolfo López Mateos 43094 Pachuca De Soto Pachuca De Soto,Social,43200.0,1,1,1,30,25,54.54545455,0,1110.0,3305.4179357022,-1.6456710912719785
1476.0,Autorización para Prestar Servicios de Seguridad Privada en el Estado.,Secretaría de Seguridad Pública,Secretaría de Seguridad Pública,Boulevard S/N Fraccionamiento Colosio II 42039 Pachuca De Soto Pachuca De Soto,Ambos,14400.0,12,11,1,91,46,66.42335766,1,4222.0,3305.4179357022,-1.3508458467738629
481.0,Consulta externa de pediatría y especialidades en el Hospital del Niño DIF Hidalgo,Organismos No Sectorizados,Sistema para el Desarrollo Integral de la Familia del Estado de Hidalgo,Boulevard S/N Venta Prieta 42083 Pachuca De Soto Pachuca De Soto,Social,22864.51619047619,0,1,1,31900,0,100.0,0,14386.0,29439.0,-1.5545459693886252
876.0,Inicio de Carpetas de Investigación Presencial,Procuraduría General de Justicia,Procuraduría General de Justicia,Calle S/N Centro Civico 42083 Pachuca De Soto Pachuca De Soto,Ambos,120.0,0,0,1,0,0,0.0,0,17369.0,3305.4179357022,-1.47255710009273
986.0,Certificado de Inscripción (Registro Público de la Propiedad y del Comercio),Secretaría de Gobierno,Dirección General del Instituto de la Función Registral,Avenida 907 Rio de las Avenidas 42094 Pachuca De Soto Pachuca De Soto,Ambos,8640.0,2,1,7,47334,0,100.0,1,26672.0,24431.0,4.4902011617126965
825.0,Pago de Derechos Anuales de las Unidades Autorizadas por el Sistema de Transporte Convencional,Secretaría de Movilidad y Transporte,Sistema de Transporte Convencional de Hidalgo,Avenida 205 La Colonia 42083 Pachuca De Soto Pachuca De Soto,Social,30.0,1,2,2,0,0,0.0,1,254.0,3305.4179357022,-0.4234336467324175
332.0,Inscripción en el Padrón de Proveedores (Persona Física),Secretaría de Contraloría,Secretaría de Controlaría,"Carretera 0 Venta Prieta, Ex Centro Minero 42083 Pachuca De Soto Pachuca De Soto",Empresarial,22864.51619047619,0,0,1,0,0,0.0,0,14526.0,29440.0,-1.5718278704123347
1175.0,Registro Estatal de Consultores en Materia de Protección Civil,Secretaría de Gobierno,Subsecretaría de Protección Civil y Gestión de Riesgos,Calle 115 Revolución 42060 Pachuca De Soto Pachuca De Soto,Ambos,43200.0,0,0,1,0,0,0.0,1,3398.0,2033.0,-1.638221466248943
1168.0,Por la supervisión y emisión de opiniones técnicas de factibilidad de usos de suelo de impacto significativo,Secretaría de Gobierno,Subsecretaría de Protección Civil y Gestión de Riesgos,Calle 115 Revolución 42060 Pachuca De Soto Pachuca De Soto,Ambos,43200.0,0,0,1,0,0,0.0,1,4372.0,1375.0,-1.638221466248943
1608.0,Pago de bases Licitaciones Públicas Estatales,Secretaría de Infraestructura Pública y Desarrollo Urbano Sostenible,Secretaría de Infraestructura Pública y Desarrollo Urbano Sostenible,Boulevard Ex Centro Minero Edificio 2B Venta Prieta 42080 Pachuca De Soto Pachuca De Soto,Empresarial,10.0,1,1,1,1148,0,100.0,1,2479.0,1646.0,-1.4348012069850737
1166.0,"Por la supervisión y la emisión de opiniones técnicas de establecimientos comerciales, industriales, de espectáculos públicos y de servicios instalados o que pretendan instalarse en el territorio del Estado",Secretaría de Gobierno,Subsecretaría de Protección Civil y Gestión de Riesgos,Calle 115 Revolución 42090 Pachuca De Soto Pachuca De Soto,Ambos,43200.0,0,0,1,0,0,0.0,1,1317.0,224.0,-1.638221466248943
1409.0,Inscripción nivel licenciatura UPH,Secretaría de Educación Pública,Universidad Politécnica de Huejutla,Calle s/n Tepoxtequito 0 Huejutla De Reyes Huejutla De Reyes,Social,30.0,1,3,2,373,0,100.0,1,210.0,3305.4179357022,-0.4061517457087081
1693.0,Préstamo de documentos históricos,Oficialía Mayor,Oficialía Mayor,Calle 807 Centro 42000 Pachuca De Soto Pachuca De Soto,Social,30.0,0,0,1,302,0,100.0,0,832.0,740.0,-1.4721642858752746
761.0,Atención Ciudadana y Recepción de Quejas o Denuncias en contra de Servidores Públicos de la PGJH,Procuraduría General de Justicia,Procuraduría General de Justicia,Boulevard 511 Valle de San Javier 42083 Pachuca De Soto Pachuca De Soto,Ambos,60.0,0,2,1,0,0,0.0,0,5690.0,3305.4179357022,-1.4377314219003403
1590.0,Por la Expedición y Entrega de un ejemplar del Periódico Oficial.,Secretaría de Gobierno,Secretaría de Gobierno,Calle 517 Centro 42000 Pachuca De Soto Pachuca De Soto,Ambos,22864.51619047619,0,0,9,50,0,100.0,1,912.0,294.0,6.403918445738282
384.0,Inscripción en el Padrón de Proveedores (Persona Moral),Secretaría de Contraloría,Secretaría de Controlaría,"Carretera 0 Venta Prieta, Ex Centro Minero 42083 Pachuca De Soto Pachuca De Soto",Social,22864.51619047619,0,0,1,0,0,0.0,0,37600.0,44520.0,-1.5718278704123347
800.0,Certificación de Copias Expedidas por el Sistema de Transporte Convencional,Secretaría de Movilidad y Transporte,Sistema de Transporte Convencional de Hidalgo,Avenida 205 Colonias 42083 Pachuca De Soto Pachuca De Soto,Social,22864.51619047619,1,2,1,0,0,0.0,1,241.0,3305.4179357022,-1.517270182546748
804.0,Transferencia de Concesión del Servicio de Transporte Público,Secretaría de Movilidad y Transporte,Sistema de Transporte Convencional de Hidalgo,Avenida 205 Sistema de Transporte Convencional 42083 Pachuca De Soto Pachuca De Soto,Social,22864.51619047619,1,8,1,0,0,0.0,1,223.0,3305.4179357022,-1.4135787764044898
810.0,Sustitución Vehicular de Unidades Autorizadas por el Sistema de Transporte Convencional,Secretaría de Movilidad y Transporte,Sistema de Transporte Convencional de Hidalgo,Avenida 205 Sistema de Transporte Convencional 42083 Pachuca De Soto Pachuca De Soto,Social,22864.51619047619,1,9,1,0,0,0.0,1,425.0,3305.4179357022,-1.3962968753807803
822.0,Autorización de Cambio de Número de Motor para las Unidades Autorizadas por el Sistema de Transporte Convencional,Secretaría de Movilidad y Transporte,Sistema de Transporte Convencional de Hidalgo,Avenida 205 Sistema de Transporte Convencional 42083 Pachuca De Soto Pachuca De Soto,Social,22864.51619047619,1,3,1,0,0,0.0,1,197.0,3305.4179357022,-1.4999882815230385
971.0,Cancelación de Actos Jurídicos (Registro Público de la Propiedad y del Comercio),Secretaría de Gobierno,Dirección General del Instituto de la Función Registral,Avenida 907 Las Terrazas 42094 Pachuca De Soto Pachuca De Soto,Ambos,21600.0,1,2,7,47334,0,100.0,1,595.0,1321.0,4.453286635537112
976.0,Depósito de Testamento Ológrafo (Registro Público de la Propiedad y del Comercio),Secretaría de Gobierno,Dirección General del Instituto de la Función Registral,Avenida 907 Las Terrazas 42094 Pachuca De Soto Pachuca De Soto,Ambos,22864.51619047619,1,2,1,47334,0,100.0,1,1022.0,879.0,-1.517270182546748
980.0,Devolución de un documento sin inscripción por causas no imputables al Registro Público de la Propiedad.,Secretaría de Gobierno,Dirección General del Instituto de la Función Registral,Avenida 907 Las Terrazas 42084 Pachuca De Soto Pachuca De Soto,Ambos,7200.0,0,1,7,47334,0,100.0,1,1549.0,285.0,4.501223829420563
987.0,Certificado de no Inscripción (Registro Público de la Propiedad y del Comercio),Secretaría de Gobierno,Dirección General del Instituto de la Función Registral,Avenida 907 Las Terrazas 42094 Pachuca De Soto Pachuca De Soto,Ambos,8640.0,2,6,7,47334,0,100.0,1,683.0,2793.0,4.576610666831245
992.0,Inscripción de accesión de construcciones (Registro Público de la Propiedad y del Comercio),Secretaría de Gobierno,Dirección General del Instituto de la Función Registral,Avenida 907 Las Terrazas 42094 Pachuca De Soto Pachuca De Soto,Ambos,21600.0,1,7,7,47334,0,100.0,1,312.0,165.0,4.53969614065566
996.0,Inscripción de actas de asamblea de socios o juntas de administradores (Registro Público de la Propiedad y del Comercio),Secretaría de Gobierno,Dirección General del Instituto de la Función Registral,Avenida 907 Las Terrazas 42094 Pachuca De Soto Pachuca De Soto,Ambos,21600.0,1,2,7,47334,0,100.0,1,550.0,1474.0,4.453286635537112
998.0,Inscripción de apeo o deslinde. (Registro Público de la Propiedad y del Comercio),Secretaría de Gobierno,Dirección General del Instituto de la Función Registral,Avenida 907 Las Terrazas 42094 Pachuca De Soto Pachuca De Soto,Ambos,21600.0,1,3,7,47334,0,100.0,1,1178.0,3760.0,4.470568536560822
1000.0,Inscripción de aportaciones de bienes inmuebles. (Registro Público de la Propiedad y del Comercio),Secretaría de Gobierno,Dirección General del Instituto de la Función Registral,Avenida 907 Las Terrazas 42094 Pachuca De Soto Pachuca De Soto,Ambos,22864.51619047619,1,6,1,47334,0,100.0,1,450.0,396.0,-1.4481425784519093
1002.0,Inscripción de compra-venta a plazos con reserva de dominio. (Registro Público de la Propiedad y del Comercio),Secretaría de Gobierno,Dirección General del Instituto de la Función Registral,Avenida 907 Las Terrazas 42094 Pachuca De Soto Pachuca De Soto,Ambos,21600.0,1,7,7,47334,0,100.0,1,473.0,352.0,4.53969614065566
1006.0,Inscripción de cualquier clase de testamento. (Registro Público de la Propiedad y del Comercio),Secretaría de Gobierno,Dirección General del Instituto de la Función Registral,Avenida 907 Las Terrazas 42094 Pachuca De Soto Pachuca De Soto,Ambos,21600.0,1,3,7,47334,0,100.0,1,1611.0,3847.0,4.470568536560822
1007.0,Inscripción de cualquier otro título registrable conforme a la Ley. (Registro Público de la Propiedad y del Comercio),Secretaría de Gobierno,Dirección General del Instituto de la Función Registral,Avenida 907 Las Terrazas 42094 Pachuca De Soto Pachuca De Soto,Ambos,21600.0,1,2,7,47334,0,100.0,1,456.0,109.0,4.453286635537112
1009.0,Inscripción de disolución de la sociedad conyugal en lo referente a bienes inmuebles. (Registro Público de la Propiedad y del Comercio),Secretaría de Gobierno,Dirección General del Instituto de la Función Registral,Avenida 907 Las Terrazas 42094 Pachuca De Soto Pachuca De Soto,Ambos,21600.0,1,1,7,47334,0,100.0,1,470.0,923.0,4.436004734513402
1010.0,Inscripción de división de copropiedad. (Registro Público de la Propiedad y del Comercio),Secretaría de Gobierno,Dirección General del Instituto de la Función Registral,Avenida 907 Las Terrazas 42094 Pachuca De Soto Pachuca De Soto,Ambos,21600.0,1,6,7,47334,0,100.0,1,357.0,526.0,4.522414239631951
1011.0,Inscripción de documentos de valor determinado referente a sociedades de producción rural. (Registro Público de la Propiedad y del Comercio),Secretaría de Gobierno,Dirección General del Instituto de la Función Registral,Avenida 907 Las Terrazas 42094 Pachuca De Soto Pachuca De Soto,Ambos,21600.0,1,2,7,47334,0,100.0,1,500.0,165.0,4.453286635537112
1013.0,"Inscripción de emisión de obligaciones, acciones, cédula y certificado de participación.. (Registro Público de la Propiedad y del Comercio)",Secretaría de Gobierno,Dirección General del Instituto de la Función Registral,Avenida 907 Las Terrazas 42094 Pachuca De Soto Pachuca De Soto,Ambos,21600.0,1,2,7,47334,0,100.0,1,357.0,189.0,4.453286635537112
1045.0,Inscripción de fusión de sociedades. (Registro Público de la Propiedad y del Comercio),Secretaría de Gobierno,Dirección General del Instituto de la Función Registral,Avenida 907 Las Terrazas 42094 Pachuca De Soto Pachuca De Soto,Ambos,21600.0,1,2,7,47334,0,100.0,1,351.0,593.0,4.453286635537112
1046.0,Inscripción de informaciones posesorías. (Registro Público de la Propiedad y del Comercio),Secretaría de Gobierno,Dirección General del Instituto de la Función Registral,Avenida 907 Las Terrazas 42094 Pachuca De Soto Pachuca De Soto,Ambos,21600.0,1,4,7,47334,0,100.0,1,384.0,445.0,4.487850437584532
1048.0,Inscripción de la autorización para vender o gravar bienes de menores o incapaces. (Registro Público de la Propiedad y del Comercio),Secretaría de Gobierno,Dirección General del Instituto de la Función Registral,Avenida 907 Las Terrazas 42094 Pachuca De Soto Pachuca De Soto,Ambos,21600.0,1,2,7,47334,0,100.0,1,330.0,459.0,4.453286635537112
1050.0,Inscripción de la cancelación de créditos otorgados por Instituciones de crédito. (Registro Público de la Propiedad y del Comercio),Secretaría de Gobierno,Dirección General del Instituto de la Función Registral,Avenida 907 Las Terrazas 42094 Pachuca De Soto Pachuca De Soto,Ambos,21600.0,1,3,7,47334,0,100.0,1,407.0,111.0,4.470568536560822
1053.0,Inscripción de la modificación al Acta Constitutiva que no implique aumento de capital. (Registro Público de la Propiedad y del Comercio),Secretaría de Gobierno,Dirección General del Instituto de la Función Registral,Avenida 907 Las Terrazas 42094 Pachuca De Soto Pachuca De Soto,Ambos,21600.0,1,2,7,0,0,0.0,1,745.0,1533.0,4.453286635537112
1056.0,Inscripción de limitaciones o gravámenes a la propiedad de inmuebles. (Registro Público de la Propiedad y del Comercio),Secretaría de Gobierno,Dirección General del Instituto de la Función Registral,Avenida 907 Las Terrazas 42094 Pachuca De Soto Pachuca De Soto,Ambos,21600.0,1,2,7,0,0,0.0,1,536.0,502.0,4.453286635537112
1057.0,Inscripción de operaciones que limiten o graven bienes muebles. (Registro Público de la Propiedad y del Comercio),Secretaría de Gobierno,Dirección General del Instituto de la Función Registral,Avenida 907 Las Terrazas 42094 Pachuca De Soto Pachuca De Soto,Ambos,21600.0,1,2,7,0,0,0.0,1,406.0,225.0,4.453286635537112
1059.0,Inscripción de poderes. (Registro Público de la Propiedad y del Comercio),Secretaría de Gobierno,Dirección General del Instituto de la Función Registral,Avenida 907 Las Terrazas 42094 Pachuca De Soto Pachuca De Soto,Ambos,21600.0,1,2,7,0,0,0.0,1,419.0,254.0,4.453286635537112
1061.0,Inscripción de providencias precautorias de carácter mercantil. (Registro Público de la Propiedad y del Comercio),Secretaría de Gobierno,Dirección General del Instituto de la Función Registral,Avenida 907 Las Terrazas 42094 Pachuca De Soto Pachuca De Soto,Ambos,21600.0,1,2,7,0,0,0.0,1,394.0,299.0,4.453286635537112
1062.0,Inscripción de resoluciones de información Ad'perpetuam. (Registro Público de la Propiedad y del Comercio),Secretaría de Gobierno,Dirección General del Instituto de la Función Registral,Avenida 907 Las Terrazas 42094 Pachuca De Soto Pachuca De Soto,Ambos,21600.0,1,5,7,0,0,0.0,1,394.0,606.0,4.505132338608242
1063.0,Inscripción de revocación o renuncia de poderes. (Registro Público de la Propiedad y del Comercio),Secretaría de Gobierno,Dirección General del Instituto de la Función Registral,Avenida 907 Las Terrazas 42084 Pachuca De Soto Pachuca De Soto,Ambos,21600.0,1,2,7,0,0,0.0,1,427.0,485.0,4.453286635537112
1065.0,Inscripción de suspensión de pagos o declaración de concursos. (Registro Público de la Propiedad y del Comercio),Secretaría de Gobierno,Dirección General del Instituto de la Función Registral,Avenida 907 Las Terrazas 42094 Pachuca De Soto Pachuca De Soto,Ambos,22864.51619047619,1,2,1,0,0,0.0,1,332.0,122.0,-1.517270182546748
1066.0,Inscripción de todas las operaciones que impliquen transmisión de propiedad. (Registro Público de la Propiedad y del Comercio),Secretaría de Gobierno,Dirección General del Instituto de la Función Registral,Avenida 907 Las Terrazas 42094 Pachuca De Soto Pachuca De Soto,Ambos,22864.51619047619,1,6,1,0,0,0.0,1,598.0,638.0,-1.4481425784519093
1067.0,Inscripción del auto de ejecución de embargo. (Registro Público de la Propiedad y del Comercio),Secretaría de Gobierno,Dirección General del Instituto de la Función Registral,Avenida 907 Las Terrazas 42094 Pachuca De Soto Pachuca De Soto,Ambos,22864.51619047619,1,3,1,0,0,0.0,1,419.0,786.0,-1.4999882815230385
1070.0,Inscripción por asociación en participación. (Registro Público de la Propiedad y del Comercio),Secretaría de Gobierno,Dirección General del Instituto de la Función Registral,Avenida 907 Las Terrazas 42094 Pachuca De Soto Pachuca De Soto,Ambos,22864.51619047619,1,3,1,0,0,0.0,1,336.0,593.0,-1.4999882815230385
1073.0,Inscripción por Repudio de Herencia. (Registro Público de la Propiedad y del Comercio),Secretaría de Gobierno,Dirección General del Instituto de la Función Registral,Avenida 907 Las Terrazas 42094 Pachuca De Soto Pachuca De Soto,Ambos,22864.51619047619,1,2,1,47334,0,100.0,1,295.0,1232.0,-1.517270182546748
1137.0,Registro de Perito,Secretaría de Educación Pública,Secretaría de Educación Pública,Circuito Lote 17 San Juan Tilcuautla 42186 San Agustín Tlaxiaca San Agustín Tlaxiaca,Social,4320.0,2,5,2,2,0,100.0,1,538.0,1608.0,-0.3926809081409532
1171.0,Atención a Personas que Acuden a Realizar Donación de Sangre,Secretaría de Salud,Secretaría de Salud,Calle 1 Venta Prieta 42086 Pachuca De Soto Pachuca De Soto,Social,180.0,0,4,1,42791,30151,58.6644183,0,8630.0,3305.4179357022,-1.4036913721428619
1172.0,"Por la supervisión y emisión de opiniones técnicas diversas relacionadas con Gas L.P., estaciones de carburación, bodega y derivados del Petróleo",Secretaría de Gobierno,Subsecretaría de Protección Civil y Gestión de Riesgos,Calle 115 Revolución 42090 Pachuca De Soto Pachuca De Soto,Ambos,43200.0,0,0,1,0,0,0.0,1,1512.0,435.0,-1.638221466248943
1193.0,"Solicitud de Licencia Sanitaria para Farmacias, o Boticas con Venta de Medicamentos Controlados",Secretaría de Salud,Secretaría de Salud,Cerrada 115 Cubitos 42090 Pachuca De Soto Pachuca De Soto,Ambos,86400.0,0,2,1,31,10,75.6097561,1,5240.0,3305.4179357022,-1.792208488580134
1224.0,Autorización de Campañas o Jornadas Médicas para Prestación de Servicios de Salud.,Secretaría de Salud,Secretaría de Salud,Cerrada 115 Cubitos 42090 Pachuca De Soto Pachuca De Soto,Social,21600.0,3,2,1,23,3,88.46153846,0,784.0,3305.4179357022,-1.5388514182875417
1386.0,Autenticación y Registro de Certificados de Estudios de nivel licenciatura y posgrado,Secretaría de Educación Pública,Secretaría de Educación Pública,Circuito Lote 17 Ex Hacienda La Concepción 42160 San Agustín Tlaxiaca San Agustín Tlaxiaca,Empresarial,7200.0,1,13,1,1913,0,100.0,1,911.0,3305.4179357022,-1.2587998860728313
1499.0,Solicitud de Visita de Verificación de Medicamentos que Sean o Contengan Estupefacientes Modalidad A. Destrucción.,Secretaría de Salud,Secretaría de Salud,Cerrada 115 Adolfo Lopez Mateos 42090 Pachuca De Soto Pachuca De Soto,Ambos,43200.0,0,3,1,5,0,100.0,1,717.0,3305.4179357022,-1.5863757631778137
1527.0,Reinscripción nivel licenciatura UPH,Secretaría de Educación Pública,Universidad Politécnica de Huejutla,Calle s/n tepoxtequito 43000 Huejutla De Reyes Huejutla De Reyes,Social,30.0,1,1,2,450,0,100.0,1,327.0,3305.4179357022,-0.44071554775612715
1529.0,Exámen de Ingreso a nivel licenciatura UPH,Secretaría de Educación Pública,Universidad Politécnica de Huejutla,Calle SN Tepoxtequito 43000 Huejutla De Reyes Huejutla De Reyes,Social,1440.0,1,2,1,390,0,100.0,1,550.0,822.0,-1.4237606874164894
1548.0,Levantamiento Topográficos de Predios (Catastral),Secretaría de Hacienda,Instituto Catastral,Calle 105 Real de Minas 42090 Pachuca De Soto Pachuca De Soto,Ambos,5760.0,1,3,1,0,0,0.0,1,2067.0,1662.0,-1.4253338688306412
1609.0,Prorroga de Trámite Modalidad Autorización de Fraccionamiento,Secretaría de Infraestructura Pública y Desarrollo Urbano Sostenible,Secretaría de Infraestructura Pública y Desarrollo Urbano Sostenible,Boulevard km. 93.5 Venta Prieta 42080 Pachuca De Soto Pachuca De Soto,Ambos,25.0,1,9,1,1,0,100.0,1,424.0,358.0,-1.2966114678316394
1612.0,Cancelación de Derecho de Tanto,Secretaría de Infraestructura Pública y Desarrollo Urbano Sostenible,Comisión Estatal de Vivienda,Boulevard 117 El Palmar I 42088 Pachuca De Soto Pachuca De Soto,Social,30.0,1,2,1,9,0,100.0,1,472.0,477.0,-1.4176065980096877
1620.0,Proyecto de Lotificación,Secretaría de Infraestructura Pública y Desarrollo Urbano Sostenible,Comisión Estatal de Vivienda,Boulevard 117 El Palmar I 42088 Pachuca De Soto Pachuca De Soto,Social,30.0,1,3,1,0,0,0.0,1,662.0,2559.0,-1.4003246969859782
1688.0,Cambio de Nombre en la Tarjeta de Circulación por Conclusión de la Transferencia de los Derechos de la Concesión de Transporte Público,Secretaría de Movilidad y Transporte,Sistema de Transporte Convencional de Hidalgo,Avenida 205 Colonias 42083 Pachuca De Soto Pachuca De Soto,Social,1440.0,1,2,2,0,0,0.0,0,257.0,3305.4179357022,-0.4519504420716759
1695.0,Asignación o Cambio de Cromática y Asignación de Clave Mnemotécnica,Secretaría de Movilidad y Transporte,Sistema de Transporte Convencional de Hidalgo,Avenida 205 Colonias 42083 Pachuca De Soto Pachuca De Soto,Social,30.0,1,3,2,0,0,0.0,1,515.0,3305.4179357022,-0.4061517457087081
1701.0,Transferencia por Designación de Persona Beneficiaria de la Concesión del Servicio Transporte Público,Secretaría de Movilidad y Transporte,Sistema de Transporte Convencional de Hidalgo,Avenida 205 Colonias 42083 Pachuca De Soto Pachuca De Soto,Social,22864.51619047619,1,11,1,0,0,0.0,1,212.0,3305.4179357022,-1.361733073333361
1745.0,Copias certificadas de pagos de Control Vehicular,Secretaría de Hacienda,Secretaría de Hacienda,Calle No. 1 Centro 42500 Actopan Actopan,Ambos,28800.0,1,1,1,22323,0,100.0,1,4886.0,22795.0,-1.5604581105466524
5048.0,Inscripción de actos cuando se presenten en documentos separados. (Registro Público de la Propiedad y del Comercio),Secretaría de Gobierno,Dirección General del Instituto de la Función Registral,Avenida 907 Las Terrazas 42094 Pachuca De Soto Pachuca De Soto,Ambos,22864.51619047619,1,2,1,47334,0,100.0,1,407.0,124.0,-1.517270182546748
7292.0,Constancia de estudios UTVAM,Secretaría de Educación Pública,Universidad Tecnológica de la Zona Metropolitana del Valle de México,Boulevard 5 Los Héroes Tizayuca 43816 Tizayuca Tizayuca,Social,2880.0,0,2,14,194,0,100.0,1,656.0,224.0,11.49657147182302
7465.0,Centro Asistencial La Casita,Organismos No Sectorizados,Sistema para el Desarrollo Integral de la Familia del Estado de Hidalgo,Calle 107 Ampliación Felipe Ángeles 42094 Pachuca De Soto Pachuca De Soto,Social,22864.51619047619,0,0,1,466,0,100.0,0,629.0,352.0,-1.5718278704123347
7492.0,Pago de Créditos Fiscales derivado de multas estatales no fiscales,Secretaría de Hacienda,Secretaría de Hacienda,Calle 118-A Centro 42000 Pachuca De Soto Pachuca De Soto,Ambos,15.0,1,1,1,35,0,100.0,0,201.0,216.0,-1.4571857359296112
7520.0,Orientación en materia fiscal,Secretaría de Hacienda,Secretaría de Hacienda,Calle 118-A Centro 42000 Pachuca De Soto Pachuca De Soto,Ambos,129600.0,1,1,1,0,0,0.0,0,177.0,353.0,-2.0227727400291986
7889.0,Reposición por Robo o Extravìo del Tarjetón para Personas Conductoras del Tuzobús,Secretaría de Movilidad y Transporte,Sistema de Transporte Masivo de Hidalgo,Calle s/n Blvd. Camino a Téllez Km. 1 73840 Zempoala Zempoala,Social,1440.0,1,4,1,12,0,100.0,1,434.0,3305.4179357022,-1.38919688536907
8031.0,Credencial Institucional (ITSOEH),Secretaría de Educación Pública,Instituto Tecnológico Superior del Occidente del Estado de Hidalgo,Carretera 2000 Paseo del Agrarismo NO. 2000 42700 Mixquiahuala De Juárez Mixquiahuala De Juárez,Social,7200.0,0,2,1,0,0,0.0,1,333.0,212.0,-1.4465319772193488
8264.0,Reposición de Credencial UPH,Secretaría de Educación Pública,Universidad Politécnica de Huejutla,Calle S/N Tepoxtequito 43000 Huejutla De Reyes Huejutla De Reyes,Social,22864.51619047619,0,1,2,50,20,71.42857143,1,85.0,88.0,-0.5380103121788988
8857.0,Trámite para titulación UPE,Secretaría de Educación Pública,Universidad Politécnica de la Energía,Carretera S/N IGNACIO ZARAGOZA 42842 Tula De Allende Tula De Allende,Social,5760.0,0,5,1,97,0,100.0,1,431.0,183.0,-1.3884012466689328
8907.0,Constancia de terminación de estadía UPP,Secretaría de Educación Pública,Universidad Politécnica de Pachuca,Carretera S/N Santa Bárbara 43830 Zempoala Zempoala,Social,4320.0,3,11,2,12,0,100.0,0,156.0,3305.4179357022,-0.31372102804544055
9961.0,Designación de Persona Beneficiaria de la Concesión del Servicio de Transporte Público,Secretaría de Movilidad y Transporte,Sistema de Transporte Convencional de Hidalgo,Avenida 205 Colonias 42083 Pachuca De Soto Pachuca De Soto,Social,22864.51619047619,1,2,1,0,0,0.0,1,2871.0670103092784,3305.4179357022,-1.517270182546748
10479.0,Inscripción a la UICEH,Secretaría de Educación Pública,Universidad Intercultural del Estado de Hidalgo,Carretera 1 el desadavi 43487 El Desdavi Tenango De Doria,Social,90.0,0,5,1,208,251,45.31590414,1,2871.0670103092784,553.0,-1.36365395096924
10550.0,Reinscripción a la UICEH,Secretaría de Educación Pública,Universidad Intercultural del Estado de Hidalgo,Carretera 0 El Desdavi 43487 El Desdavi Tenango De Doria,Social,75.0,1,2,1,406,0,100.0,1,2871.0670103092784,202.0,-1.4178030051184154
10912.0,Expedición de Tarifario,Secretaría de Movilidad y Transporte,Sistema de Transporte Convencional de Hidalgo,Avenida 205 Colonias 42083 Pachuca De Soto Pachuca De Soto,Social,30.0,1,2,2,0,0,0.0,1,2871.0670103092784,1225.0,-0.4234336467324175
10976.0,Por informe de aviso de testamento,Secretaría de Gobierno,Dirección General del Archivo General de Notarías,Calle 517 Centro 42000 Pachuca De Soto Pachuca De Soto,Social,22864.51619047619,1,0,1,0,0,0.0,1,2871.0670103092784,40.0,-1.5518339845941673
10980.0,Trámite de pista para aterrizaje,Secretaría de Seguridad Pública,Secretaría de Seguridad Pública,Carretera kM. 84.5 Venta Prieta 42083 Pachuca De Soto Pachuca De Soto,Ambos,10.0,0,0,1,641,0,100.0,1,2871.0670103092784,167.0,-1.449714287894495
11024.0,Trámite de pernocta,Secretaría de Seguridad Pública,Secretaría de Seguridad Pública,Carretera S/N Venta Prieta 42083 Pachuca De Soto Pachuca De Soto,Social,10.0,1,4,1,243965,4035,98.37298387,1,2871.0670103092784,104.0,-1.3829555039139447
11074.0,Casa de la mujer indígena,Organismos No Sectorizados,Comisión Estatal para el Desarrollo Sostenible de los Pueblos Indígenas (CEDSPI),Calle 301 Real de Minas 42090 Pachuca De Soto Pachuca De Soto,Social,22864.51619047619,1,2,1,0,0,0.0,0,2871.0670103092784,38.0,-1.5396328884792043
11216.0,INSCRIPCIÓN O ANOTACIÓN QUE NO MODIFICA EL DERECHO INSCRITO. (REGISTRO PÚBLICO DE LA PROPIEDAD Y DEL COMERCIO),Secretaría de Gobierno,Dirección General del Instituto de la Función Registral,Avenida 907 Las Terrazas 42094 Pachuca De Soto Pachuca De Soto,Ambos,22864.51619047619,1,2,1,0,0,0.0,1,2871.0670103092784,15.0,-1.517270182546748
990.0,"Expedición de Copias Certificadas en Libros (del año 2015 y Años Anteriores), e Impresión de Folios a partir del año 2015 (Registro Público de la Propiedad y del Comercio)",Secretaría de Gobierno,Dirección General del Instituto de la Función Registral,Calle 907 Fraccionamiento 42094 Pachuca De Soto Pachuca De Soto,Ambos,7200.0,2,1,7,47334,0,100.0,1,2744.0,4754.0,4.496486189191984
1691.0,Visita al museo de documentos históricos,Oficialía Mayor,Oficialía Mayor,Calle 807 Centro 42000 Pachuca De Soto Pachuca De Soto,Social,60.0,0,0,1,390,0,100.0,0,477.0,311.0,-1.4722952239477596
1044.0,Inscripción de fusión de predios. (Registro Público de la Propiedad y del Comercio),Secretaría de Gobierno,Dirección General del Instituto de la Función Registral,Avenida 907 Las Terrazas 42094 Pachuca De Soto Pachuca De Soto,Ambos,21600.0,1,3,7,47334,0,100.0,1,461.0,645.0,4.470568536560822
1047.0,Inscripción de inmatriculación. (Registro Público de la Propiedad y del Comercio),Secretaría de Gobierno,Dirección General del Instituto de la Función Registral,Avenida 907 Las Terrazas 42094 Pachuca De Soto Pachuca De Soto,Ambos,21600.0,1,7,7,47334,0,100.0,1,1224.0,1458.0,4.53969614065566
1068.0,Inscripción del régimen de propiedad en condominio. (Registro Público de la Propiedad y del Comercio),Secretaría de Gobierno,Dirección General del Instituto de la Función Registral,Avenida 907 Las Terrazas 42094 Pachuca De Soto Pachuca De Soto,Ambos,22864.51619047619,1,4,1,0,0,0.0,1,429.0,367.0,-1.4827063804993288
1167.0,Atención a Solicitudes de Componentes de la Sangre para la Atención de Pacientes,Secretaría de Salud,Secretaría de Salud,Calle 1 Venta Prieta 42083 Pachuca De Soto Pachuca De Soto,Social,90.0,1,3,1,20753,0,100.0,1,699.0,3305.4179357022,-1.400586573130948
1547.0,Levantamiento Topográfico de poligonales (Catastral),Secretaría de Hacienda,Instituto Catastral,Calle 105 Real de Minas 42090 Pachuca De Soto Pachuca De Soto,Ambos,4320.0,1,4,1,0,0,0.0,1,2114.0,421.0,-1.4017669403276443
