Tramite,Secretaria,Dependencia,Tiempo_en_minutos,CONTEO_NETO,N_FORMATOS_FINAL,nivel_digitalizacion,costo,cluster,indice_z2
Transporte Público Masivo de Pasajeros Tuzobús.,Secretaría de Movilidad y Transporte,Sistema de Transporte Masivo de Hidalgo,5.0,1.0,0.0,Nivel 1,1.0,2,-0.31733214990621883
Impuesto sobre Tenencia y Refrendo Vehicular (para vehículo particular y de demostración),Secretaría de Hacienda,Secretaría de Hacienda,10.0,8.0,2.0,Nivel 4.1,1.0,0,-0.17700583146128052
Canje de Placas,Secretaría de Hacienda,Secretaría de Hacienda,20.0,10.0,3.0,,1.0,2,1.034716288323171
Servicio de laboratorio clínico en el Hospital del Niño DIF Hidalgo,Organismos No Sectorizados,Sistema para el Desarrollo Integral de la Familia del Estado de Hidalgo,1440.0,2.0,0.0,Nivel 1,0.0,1,-0.3881603833193521
Cambio de Propietario,Secretaría de Hacienda,Secretaría de Hacienda,1440.0,7.0,2.0,,1.0,2,1.033685884900203
Certificado de Existencia o Inexistencia de Gravamen (Registro Público de la Propiedad y del Comercio),Secretaría de Gobierno,Dirección General del Instituto de la Función Registral,8640.0,1.0,2.0,,1.0,2,0.7503272654965899
Asesoría Jurídica.,Secretaría de Gobierno,Dirección General del Instituto de Defensoría Pública,0.0,0.0,0.0,Nivel 1,0.0,1,-0.6539868457103444
Expedición de Constancia de NO Antecedentes Penales,Procuraduría General de Justicia,Procuraduría General de Justicia,60.0,5.0,1.0,Nivel 2,1.0,2,0.07156139220748095
Radiología e Imagenología del Hospital del Niño DIF Hidalgo,Organismos No Sectorizados,Sistema para el Desarrollo Integral de la Familia del Estado de Hidalgo,1440.0,1.0,0.0,Nivel 1,0.0,1,-0.48358330343310424
Patrocinio Jurídico.,Secretaría de Gobierno,Dirección General del Instituto de Defensoría Pública,1440.0,1.0,0.0,Nivel 1,0.0,1,-0.48358330343310424
Admisión COBAEH,Secretaría de Educación Pública,Colegio de Bachilleres del Estado de Hidalgo,10.0,3.0,0.0,Nivel 1,1.0,2,-0.1733168272390962
Legalización de Documentos,Secretaría de Gobierno,Secretaría de Gobierno,20.0,0.0,0.0,Nivel 1,1.0,2,-0.21690125288526685
Reinscripción COBAEH,Secretaría de Educación Pública,Colegio de Bachilleres del Estado de Hidalgo,10.0,0.0,0.0,Nivel 1,1.0,2,-0.26873974735284833
"Inscripción de Alfabetización, Primaria y Secundaria Abierta de Educación para Adultos",Secretaría de Educación Pública,Instituto Hidalguense de Educación para Adultos,120.0,4.0,1.0,Nivel 1,0.0,1,-0.3448765441671233
Bolsa de Trabajo y Abriendo Espacios,Secretaría de Trabajo y Previsión Social,Secretaría de Trabajo y Previsión Social,259200.0,0.0,0.0,,0.0,1,0.19790030296624989
Reinscripción UTTT,Secretaría de Educación Pública,Universidad Tecnológica de Tula-Tepeji,15.0,2.0,0.0,Nivel 1,1.0,2,-0.14327858362747986
Becas Institucionales UTVM,Secretaría de Educación Pública,Universidad Tecnológica del Valle del Mezquital,1440.0,0.0,0.0,Nivel 1,0.0,1,-0.48358330343310424
Apostillas,Secretaría de Gobierno,Secretaría de Gobierno,20.0,0.0,0.0,Nivel 1,1.0,2,-0.21690125288526685
Acreditación de Primaria y Secundaria Abierta de Educación para Adultos,Secretaría de Educación Pública,Instituto Hidalguense de Educación para Adultos,8640.0,2.0,0.0,Nivel 1,0.0,1,-0.17646814822286827
Certificación de Primaria y Secundaria Abierta de Educación para Adultos,Secretaría de Educación Pública,Instituto Hidalguense de Educación para Adultos,12960.0,1.0,0.0,Nivel 1,0.0,1,-0.2393890298290688
(Inscripción y Reinscripción) por módulo CONALEPH.,Secretaría de Educación Pública,Colegio de Educación Profesional Técnica del Estado de Hidalgo,1440.0,4.0,0.0,Nivel 1,1.0,2,0.34640324060502176
Reinscripción UPT,Secretaría de Educación Pública,Universidad Politécnica de Tulancingo,15.0,1.0,0.0,,1.0,2,-0.16530232942422568
Educación Continua UTTT,Secretaría de Educación Pública,Universidad Tecnológica de Tula-Tepeji,120.0,6.0,1.0,Nivel 2,1.0,2,0.12646946215353397
Conciliación prejudicial laboral,Secretaría de Trabajo y Previsión Social,Centro de Conciliación Laboral del Estado de Hidalgo,1440.0,0.0,0.0,,0.0,1,-0.4101841291160979
Por Búsqueda de Testamento y Expedición de Constancia,Secretaría de Gobierno,Dirección General del Archivo General de Notarías,1440.0,0.0,1.0,,1.0,2,0.14088559287035698
Reinscripción UTT,Secretaría de Educación Pública,Universidad Tecnológica de Tulancingo,1440.0,1.0,0.0,Nivel 4.2,1.0,0,-0.8196282145995166
Credencial Institucional UTT,Secretaría de Educación Pública,Universidad Tecnológica de Tulancingo,1440.0,0.0,0.0,Nivel 4.2,0.0,0,-1.3643733952371802
Evaluación Segunda Oportunidad (ITSOEH),Secretaría de Educación Pública,Instituto Tecnológico Superior del Occidente del Estado de Hidalgo,4320.0,1.0,0.0,,1.0,2,0.29069467502686963
Asesoria en materia de Seguridad y Salud en el Trabajo,Secretaría de Trabajo y Previsión Social,Secretaría de Trabajo y Previsión Social,259200.0,0.0,1.0,,0.0,1,0.20422484431504112
Autorregulación Ambiental,Secretaría de Medio Ambiente y Recursos Naturales,Secretaría de Medio Ambiente y Recursos Naturales,36000.0,4.0,2.0,,1.0,2,1.112368350164556
Póliza de Accidentes Personales Escolares en CONALEPH,Secretaría de Educación Pública,Colegio de Educación Profesional Técnica del Estado de Hidalgo,1440.0,2.0,0.0,Nivel 1,1.0,2,0.15658479731831149
Historial académico UTT,Secretaría de Educación Pública,Universidad Tecnológica de Tulancingo,1440.0,0.0,0.0,Nivel 4.2,0.0,0,-1.3643733952371802
Asesorías laborales sobre tus derechos y obligaciones como trabajador.,Secretaría de Trabajo y Previsión Social,Secretaría de Trabajo y Previsión Social,259200.0,0.0,0.0,,0.0,1,0.19790030296624989
Escuela de Fútbol Instituto Hidalguense del Deporte,Secretaría de Educación Pública,Instituto Hidalguense del Deporte,10.0,4.0,1.0,Nivel 2,1.0,2,-0.05057301692060093
Servicio de inscripción a cursos de Formación de Capital Humano,Secretaría de Desarrollo Económico,Instituto Hidalguense de Competitividad Empresarial,1440.0,0.0,0.0,,0.0,1,-0.4101841291160979
Constancia de Vehículo No Robado,Procuraduría General de Justicia,Procuraduría General de Justicia,4320.0,7.0,1.0,Nivel 3.1,1.0,2,0.571872547924739
Permiso provisional para conducir,Secretaría de Seguridad Pública,Secretaría de Seguridad Pública,15.0,4.0,1.0,Nivel 1,1.0,2,0.052864401008021714
Reinscripción UTSH,Secretaría de Educación Pública,Universidad Tecnológica de la Sierra Hidalguense,1440.0,1.0,0.0,,1.0,2,0.13456105152156567
"Descuento a adultos mayores, personas con capacidades diferentes, pensionados y jubilados.",Secretaría de Infraestructura Pública y Desarrollo Urbano Sostenible,Comisión de Agua y Alcantarillado del Sistema Valle del Mezquital,1440.0,0.0,1.0,,1.0,2,0.14088559287035698
Examen de admisión de CONALEPH,Secretaría de Educación Pública,Colegio de Educación Profesional Técnica del Estado de Hidalgo,1440.0,5.0,0.0,Nivel 1,1.0,2,0.34640324060502176
"Publicaciones en el Periódico Oficial, que se realizan por una Plana y Media Plana.",Secretaría de Gobierno,Secretaría de Gobierno,30.0,0.0,0.0,Nivel 1,1.0,2,-0.2008696612639812
Inscripción UTHH,Secretaría de Educación Pública,Universidad Tecnológica de la Huasteca Hidalguense,20.0,2.0,2.0,Nivel 1,1.0,2,0.28259564610702564
Expedición Tarjeta Preferente Tuzobús para la Persona Adulta Mayor,Secretaría de Movilidad y Transporte,Sistema de Transporte Masivo de Hidalgo,20.0,3.0,1.0,Nivel 1,1.0,2,-0.11515379142272336
Admisión UPT,Secretaría de Educación Pública,Universidad Politécnica de Tulancingo,15.0,2.0,0.0,Nivel 3.7,1.0,0,-0.7304719781635306
Reposición de la Tarjeta Preferente Tuzobús,Secretaría de Movilidad y Transporte,Sistema de Transporte Masivo de Hidalgo,20.0,2.0,1.0,Nivel 1,1.0,2,-0.11515379142272336
Por la Expedición de Copias Certificadas de Escrituras Resguardadas en el Archivo General de Notarías,Secretaría de Gobierno,Dirección General del Archivo General de Notarías,1440.0,0.0,1.0,,1.0,2,0.14088559287035698
Cursos musicales EMEH,Secretaría de Cultura,Escuela de Música del Estado de Hidalgo,1440.0,1.0,0.0,,1.0,2,0.13456105152156567
Inscripción UPT,Secretaría de Educación Pública,Universidad Politécnica de Tulancingo,10.0,3.0,2.0,Nivel 4.1,1.0,0,-0.5766337658476254
Titulación UTVM,Secretaría de Educación Pública,Universidad Tecnológica del Valle del Mezquital,259200.0,6.0,1.0,Nivel 1,1.0,2,0.9608122140361608
Reinscripción UTMIR,Secretaría de Educación Pública,Universidad Tecnológica de Mineral de la Reforma,5.0,0.0,0.0,Nivel 3.5,1.0,0,-0.7577271958082569
Solicitud de Examen de Admisión UTVAM,Secretaría de Educación Pública,Universidad Tecnológica de la Zona Metropolitana del Valle de México,2880.0,3.0,1.0,Nivel 1,1.0,2,0.21844940584207273
Solicitud de examen de admisión UTSH,Secretaría de Educación Pública,Universidad Tecnológica de la Sierra Hidalguense,1440.0,4.0,1.0,,1.0,2,0.4261269562708193
Prestación de servicios de la Alberca semiolímpica del Instituto Hidalguense del Deporte,Secretaría de Educación Pública,Instituto Hidalguense del Deporte,60.0,3.0,3.0,Nivel 2,1.0,2,0.558585919963314
Reposición de Credencial UPFIM,Secretaría de Educación Pública,Universidad Politécnica Francisco I. Madero,480.0,1.0,0.0,Nivel 1,1.0,2,0.25730032678752424
Constancia Escolar UTHH,Secretaría de Educación Pública,Universidad Tecnológica de la Huasteca Hidalguense,1455.0,1.0,0.0,,1.0,2,0.13539123689036306
Publicación en el Periódico Oficial de Avisos Judiciales que deberán publicarse por disposición de Ley.,Secretaría de Gobierno,Secretaría de Gobierno,20.0,0.0,0.0,Nivel 1,1.0,2,-0.21690125288526685
"Certificación en estándares de competencia del CONOCER, a través del ICATHI",Secretaría de Trabajo y Previsión Social,Instituto de Capacitación para el Trabajo del Estado de Hidalgo,30.0,2.0,0.0,Nivel 1,1.0,2,-0.10544674115022912
Inscripción UTSH,Secretaría de Educación Pública,Universidad Tecnológica de la Sierra Hidalguense,1440.0,6.0,0.0,,1.0,2,0.4198024149220281
Inscripción a los cursos de capacitación presenciales del ICATHI,Secretaría de Trabajo y Previsión Social,Instituto de Capacitación para el Trabajo del Estado de Hidalgo,60.0,1.0,1.0,Nivel 3.1,1.0,2,-0.2870791455099878
Titulación UPFIM,Secretaría de Educación Pública,Universidad Politécnica Francisco I. Madero,518400.0,8.0,0.0,Nivel 3.9,1.0,0,0.4858731546016931
Emisión de constancias de estudio UTVM,Secretaría de Educación Pública,Universidad Tecnológica del Valle del Mezquital,10.0,1.0,0.0,Nivel 1,1.0,2,-0.26873974735284833
Certificado de Estudios UPFIM,Secretaría de Educación Pública,Universidad Politécnica Francisco I. Madero,21600.0,1.0,0.0,Nivel 1,1.0,2,0.30870369603760256
Admisión- UICEH,Secretaría de Educación Pública,Universidad Intercultural del Estado de Hidalgo,1440.0,3.0,0.0,,1.0,2,0.22998397163531778
Historial Académico UPMH,Secretaría de Educación Pública,Universidad Politécnica Metropolitana de Hidalgo,180.0,1.0,0.0,Nivel 3.7,1.0,0,-0.40824641333485856
Titulación UTVAM,Secretaría de Educación Pública,Universidad Tecnológica de la Zona Metropolitana del Valle de México,2880.0,7.0,2.0,Nivel 3.1,1.0,2,0.869028429124154
Inscripción UTVAM,Secretaría de Educación Pública,Universidad Tecnológica de la Zona Metropolitana del Valle de México,2880.0,5.0,0.0,Nivel 4.3,1.0,0,-0.5522459583410907
Credencialización UTMIR,Secretaría de Educación Pública,Universidad Tecnológica de Mineral de la Reforma,15.0,0.0,0.0,Nivel 3.5,1.0,0,-0.67909654964327
Capacitación en elaboración de quesos y derivados lácteos.,Secretaría de Agricultura y Desarrollo Rural,Secretaría de Agricultura y Desarrollo Rural,14400.0,1.0,1.0,Nivel 2,0.0,1,-0.2980177903607344
Constancia de Uso de Suelo,Secretaría de Infraestructura Pública y Desarrollo Urbano Sostenible,Secretaría de Infraestructura Pública y Desarrollo Urbano Sostenible,25.0,3.0,1.0,Nivel 1,1.0,2,-0.09803208603009139
Inscripción a cursos de Educación Continua UTHH,Secretaría de Educación Pública,Universidad Tecnológica de la Huasteca Hidalguense,4320.0,1.0,1.0,Nivel 2,1.0,2,0.15022086774164836
Servicio de Diseño de Imagen Corporativa o Logotipo,Secretaría de Desarrollo Económico,Instituto Hidalguense de Competitividad Empresarial,1440.0,1.0,0.0,,1.0,2,0.13456105152156567
Titulación UTMZ,Secretaría de Educación Pública,Universidad Tecnológica Minera de Zimapán,216000.0,6.0,0.0,Nivel 1,1.0,2,0.9398714679759399
Certificado Parcial de Estudios UTMZ,Secretaría de Educación Pública,Universidad Tecnológica Minera de Zimapán,7200.0,1.0,0.0,Nivel 3.9,1.0,0,-0.4757520419445024
Cursos de Verano (asignaturas) ITESHU.,Secretaría de Educación Pública,Instituto Tecnológico Superior de Huichapan,21600.0,1.0,0.0,Nivel 1,1.0,2,0.30870369603760256
Constancia de estudios o Constancia de estudios con calificaciones UPE,Secretaría de Educación Pública,Universidad Politécnica de la Energía,4320.0,1.0,0.0,Nivel 1,1.0,2,0.21729550070986337
Expedición de finiquito o Constancia de no adeudo,Secretaría de Infraestructura Pública y Desarrollo Urbano Sostenible,Comisión Estatal de Vivienda,20.0,3.0,1.0,Nivel 1,1.0,2,-0.11515379142272336
Inscripción UTMIR,Secretaría de Educación Pública,Universidad Tecnológica de Mineral de la Reforma,15.0,5.0,0.0,Nivel 3.1,1.0,2,-0.10025848897478229
Derecho de Preferencia,Secretaría de Infraestructura Pública y Desarrollo Urbano Sostenible,Secretaría de Infraestructura Pública y Desarrollo Urbano Sostenible,25.0,4.0,1.0,Nivel 1,1.0,2,0.09178635725661884
Derecho de Preferencia,Secretaría de Infraestructura Pública y Desarrollo Urbano Sostenible,Comisión Estatal de Vivienda,25.0,4.0,1.0,,1.0,2,0.16518553157362514
Servicio: Asesoría especializada en Acompañamiento y Desarrollo Empresarial,Secretaría de Desarrollo Económico,Instituto Hidalguense de Competitividad Empresarial,1440.0,0.0,0.0,,0.0,1,-0.4101841291160979
Constancia Escolar UPH,Secretaría de Educación Pública,Universidad Politécnica de Huejutla,30.0,1.0,0.0,Nivel 2,1.0,2,-0.27426883558098747
Elaboración de Escrituras - Comisión Estatal de Vivienda,Secretaría de Infraestructura Pública y Desarrollo Urbano Sostenible,Comisión Estatal de Vivienda,40.0,4.0,1.0,Nivel 1,1.0,2,0.11310986777995764
Revalidación de Estudios de Educación Básica,Secretaría de Educación Pública,Instituto Hidalguense de Educación,2880.0,3.0,1.0,Nivel 2,1.0,2,0.14505023152506644
Escuelas de Iniciación Técnico Deportivas del Instituto Hidalguense del Deporte,Secretaría de Educación Pública,Instituto Hidalguense del Deporte,10.0,3.0,1.0,Nivel 2,1.0,2,-0.24039146020731111
Credencial Escolar UTMZ,Secretaría de Educación Pública,Universidad Tecnológica Minera de Zimapán,1440.0,1.0,0.0,Nivel 1,1.0,2,0.06116187720455936
Captación de Leche en Centros de Acopio.,Secretaría de Agricultura y Desarrollo Rural,Secretaría de Agricultura y Desarrollo Rural,1440.0,0.0,1.0,Nivel 2,0.0,1,-0.5506579364013192
"Publicación en el Periódico Oficial, que realizan los Municipios de instrumentos legales.",Secretaría de Gobierno,Secretaría de Gobierno,255.0,0.0,0.0,Nivel 1,1.0,2,0.20673948924480662
"Publicación en el Periódico Oficial, que realizan los Municipios de instrumentos legales.",Secretaría de Gobierno,Secretaría de Gobierno,255.0,0.0,0.0,,1.0,2,0.28013866356181294
Constancias de estudios con calificaciones de Primaria General,Secretaría de Educación Pública,Instituto Hidalguense de Educación,45.0,1.0,1.0,Nivel 2,0.0,1,-0.7810510280824041
Solicitud de Fichas de Ingreso UPE,Secretaría de Educación Pública,Universidad Politécnica de la Energía,2880.0,3.0,1.0,Nivel 1,1.0,2,0.21844940584207273
Capacitación,Secretaría de Hacienda,Instituto Catastral,172800.0,1.0,1.0,,1.0,2,0.7164650485042051
Solicitud de factibilidad para la contratación del servicio de agua potable.,Secretaría de Infraestructura Pública y Desarrollo Urbano Sostenible,Comisión de Agua y Alcantarillado del Sistema Valle del Mezquital,1440.0,3.0,1.0,,1.0,2,0.2363085129841091
Cédula de Validación Estatal Impulso NAFIN-Hidalgo,Secretaría de Desarrollo Económico,Secretaría de Desarrollo Económico,15.0,1.0,1.0,Nivel 3.1,0.0,1,-0.9239204916641168
Por expedición de primeros y segundos testimonios,Secretaría de Gobierno,Dirección General del Archivo General de Notarías,1440.0,0.0,1.0,,1.0,2,0.14088559287035698
Inscripción UPE,Secretaría de Educación Pública,Universidad Politécnica de la Energía,30.0,3.0,1.0,Nivel 1,1.0,2,-0.09912219980143777
Financiamiento para Estudios de Nivel Superior,Secretaría de Educación Pública,Instituto Hidalguense de Financiamiento a la Educación Superior,2880.0,5.0,1.0,Nivel 1,1.0,2,0.408267849128783
Talleres artísticos especializados del Centro de las Artes de Hidalgo.,Secretaría de Cultura,Consejo Estatal para la Cultura y las Artes de Hidalgo,14400.0,0.0,0.0,Nivel 1,1.0,2,0.3138020232451442
Expedición de Certificados Bachillerato del Estado de Hidalgo,Secretaría de Educación Pública,Bachillerato del Estado de Hidalgo,30.0,2.0,0.0,Nivel 1,1.0,2,-0.10544674115022912
Equivalencia de Estudios de tipo Superior,Secretaría de Educación Pública,Secretaría de Educación Pública,7200.0,5.0,1.0,Nivel 4.1,1.0,0,-0.25758531151225494
Acreditación de la Lengua Extranjera ITESHU.,Secretaría de Educación Pública,Instituto Tecnológico Superior de Huichapan,34560.0,1.0,0.0,Nivel 1,1.0,2,0.34638132839814795
"Validación de trabajos con maquinaria pesada, para su ejecución mediante cuotas de recuperación.",Secretaría de Infraestructura Pública y Desarrollo Urbano Sostenible,Centro Estatal de Maquinaria para el Desarrollo,10080.0,0.0,1.0,Nivel 1,0.0,1,-0.2532099750658744
Cambio de nombre del titular de contrato de agua potable.,Secretaría de Infraestructura Pública y Desarrollo Urbano Sostenible,Comisión de Agua y Alcantarillado del Sistema Valle del Mezquital,1440.0,1.0,1.0,,1.0,2,0.14088559287035698
Expedición de Historial Académico Bachillerato del Estado de Hidalgo,Secretaría de Educación Pública,Bachillerato del Estado de Hidalgo,30.0,1.0,0.0,Nivel 1,1.0,2,-0.2008696612639812
Constitución de Sociedades Cooperativas y Sociedades de Responsabilidad Limitada Microindustrial o Artesanal.,Secretaría de Desarrollo Económico,Secretaría de Desarrollo Económico,15.0,3.0,1.0,,0.0,1,-0.6083000485993457
Autorizaciones provisionales para profesionistas,Secretaría de Educación Pública,Secretaría de Educación Pública,60.0,9.0,2.0,Nivel 2,1.0,2,0.6791203208368647
"Titulación Nivel Licenciatura, Grado Académico Maestría y Especialidad UNIDEH.",Secretaría de Educación Pública,Universidad Digital del Estado de Hidalgo,30.0,4.0,0.0,,1.0,2,0.15777087645348747
Refrendo anual de registro de perito valuador,Secretaría de Hacienda,Instituto Catastral,172800.0,2.0,2.0,,1.0,2,1.2096374061477064
Becas Institucionales UPMH,Secretaría de Educación Pública,Universidad Politécnica Metropolitana de Hidalgo,87840.0,2.0,0.0,Nivel 1,0.0,1,-0.028160472852901075
Vinculación al Servicio Social y Prácticas Profesionales,Oficialía Mayor,Oficialía Mayor,7200.0,1.0,1.0,,0.0,1,-0.20678176374630497
Ficha para Examen de Admisión UPP,Secretaría de Educación Pública,Universidad Politécnica de Pachuca,80.0,2.0,0.0,Nivel 3.7,1.0,0,-0.6156422856239842
Expedición de Credencial Escolar Bachillerato del Estado de Hidalgo,Secretaría de Educación Pública,Bachillerato del Estado de Hidalgo,30.0,1.0,0.0,Nivel 1,1.0,2,-0.2008696612639812
Inscripción registro de perito Topográfo (Catastral),Secretaría de Hacienda,Instituto Catastral,172800.0,1.0,2.0,Nivel 1,1.0,2,1.0408153117169479
Consulta Documental en temas de Población,Secretaría de Gobierno,Consejo Estatal de Población,1440.0,1.0,0.0,Nivel 1,0.0,1,-0.48358330343310424
Atención jurídica en materia familiar.,Secretaría de Gobierno,Centro de Justicia Para Mujeres,50.0,0.0,0.0,,0.0,1,-0.6323051967478351
Historial Académico UPH,Secretaría de Educación Pública,Universidad Politécnica de Huejutla,30.0,1.0,0.0,Nivel 2,1.0,2,-0.27426883558098747
Información de Predios con Potencial para el Desarrollo de Parques Industriales.,Secretaría de Desarrollo Económico,Corporación de Fomento de Infraestructura Industrial,1440.0,0.0,0.0,,0.0,1,-0.4101841291160979
Constancia de Estudios (CEH),Secretaría de Educación Pública,Colegio del Estado de Hidalgo,7200.0,0.0,1.0,Nivel 1,1.0,2,0.2645642425743523
"Capacitaciones, platicas o talleres sobre el cuidado y la conservación de la biodiversidad",Secretaría de Medio Ambiente y Recursos Naturales,Comisión Estatal de Biodiversidad de Hidalgo,1440.0,0.0,1.0,Nivel 1,0.0,1,-0.4772587620843129
Estudio de prefactibilidad en polígonos para proyectos energéticos.,Secretaría de Desarrollo Económico,Agencia Estatal de Energía de Hidalgo,36000.0,3.0,1.0,Nivel 1,1.0,2,0.45140129503109044
Servicios de Equinoterapia UPP,Secretaría de Educación Pública,Universidad Politécnica de Pachuca,60.0,3.0,0.0,Nivel 1,1.0,2,-0.051182418111014316
"Atención psicológica a mujeres en situación de violencia de género y, en su caso, a sus hijas e hijos menores de edad.",Secretaría de Gobierno,Centro de Justicia Para Mujeres,50.0,0.0,0.0,,0.0,1,-0.6323051967478351
Sanitarios con Biodigestor Para Población Indígena,Organismos No Sectorizados,Comisión Estatal para el Desarrollo Sostenible de los Pueblos Indígenas (CEDSPI),1440.0,3.0,1.0,,0.0,1,-0.3084366676535545
Revalidación de Estudios de tipo Superior,Secretaría de Educación Pública,Secretaría de Educación Pública,11520.0,5.0,1.0,Nivel 4.1,1.0,0,-0.21991046232728645
Arrendamiento de salas y espacios en el Parque Científico y Tecnológico de Hidalgo (PCYTH),Organismos No Sectorizados,"Consejo de Ciencia, Tecnología e Innovación de Hidalgo (CITNOVA)",1440.0,0.0,0.0,Nivel 1,1.0,2,0.06116187720455936
Atención jurídica en materia penal.,Secretaría de Gobierno,Centro de Justicia Para Mujeres,50.0,0.0,0.0,,0.0,1,-0.6323051967478351
Titulación Nivel Posgrado (CEH),Secretaría de Educación Pública,Colegio del Estado de Hidalgo,345600.0,0.0,1.0,Nivel 1,1.0,2,0.6986335308504453
Monitoreo y opiniones técnica en materia de Biodiversidad,Secretaría de Medio Ambiente y Recursos Naturales,Comisión Estatal de Biodiversidad de Hidalgo,1440.0,0.0,1.0,Nivel 1,0.0,1,-0.4772587620843129
Asesoría para la Inversión de Desarrollos Industriales Específicamente en Parques Industriales y Logísticos.,Secretaría de Desarrollo Económico,Corporación de Fomento de Infraestructura Industrial,1440.0,0.0,0.0,,0.0,1,-0.4101841291160979
Dictamen de Convalidación ITESHU.,Secretaría de Educación Pública,Instituto Tecnológico Superior de Huichapan,15840.0,4.0,1.0,Nivel 1,1.0,2,0.6130082024136342
Certificado Parcial de Estudios (CEH),Secretaría de Educación Pública,Colegio del Estado de Hidalgo,7200.0,0.0,1.0,Nivel 1,1.0,2,0.2645642425743523
Jardines Polinizadores ó farmacias vivientes,Secretaría de Medio Ambiente y Recursos Naturales,Comisión Estatal de Biodiversidad de Hidalgo,1440.0,0.0,1.0,Nivel 2,0.0,1,-0.5506579364013192
Asesoría y Capacitación en Materia de Contraloría Social,Secretaría de Contraloría,Secretaría de Controlaría,1440.0,0.0,0.0,,0.0,1,-0.4101841291160979
Centros de Atención Infantil (CAI),Organismos No Sectorizados,Sistema para el Desarrollo Integral de la Familia del Estado de Hidalgo,1440.0,6.0,0.0,,0.0,1,-0.1249427657156355
Registro de Organizaciones de la Sociedad Civil de Asistencia Social,Organismos No Sectorizados,Sistema para el Desarrollo Integral de la Familia del Estado de Hidalgo,1440.0,4.0,4.0,,0.0,1,0.6720358102549826
Servicio Social DIF,Organismos No Sectorizados,Sistema para el Desarrollo Integral de la Familia del Estado de Hidalgo,1440.0,2.0,0.0,,0.0,1,-0.31476120900234583
Prevención Social de la Violencia y la Delincuencia.,Secretaría de Seguridad Pública,Secretaría de Seguridad Pública,8640.0,1.0,1.0,Nivel 1,0.0,1,-0.26556652698782907
Renovación anual del registro estatal de consultores en materia de protección civil,Secretaría de Gobierno,Subsecretaría de Protección Civil y Gestión de Riesgos,43200.0,0.0,0.0,Nivel 1,1.0,2,0.3642697290009026
"Por la Suscripción al Periódico Oficial, por ejercicio fiscal vigente.",Secretaría de Gobierno,Secretaría de Gobierno,480.0,0.0,0.0,Nivel 1,1.0,2,0.25730032678752424
Expedición de Registro de Personal Docente de instituciones particulares de educación superior,Secretaría de Educación Pública,Secretaría de Educación Pública,14400.0,4.0,1.0,Nivel 4.1,1.0,0,-0.20202298949267172
Casa de la Mujer Hidalguense,Organismos No Sectorizados,Sistema para el Desarrollo Integral de la Familia del Estado de Hidalgo,180.0,4.0,0.0,,0.0,1,-0.007157661719002728
"Reporte de violencia o maltrato en contra de Niñas, Niños y Adolescentes",Organismos No Sectorizados,Sistema para el Desarrollo Integral de la Familia del Estado de Hidalgo,1440.0,0.0,0.0,,0.0,1,-0.4101841291160979
Autorización Para el Uso y Aprovechamiento del Derecho de Vía Estatal,Secretaría de Infraestructura Pública y Desarrollo Urbano Sostenible,Secretaría de Infraestructura Pública y Desarrollo Urbano Sostenible,35.0,7.0,1.0,Nivel 1,1.0,2,0.31249332246343386
Expedición de Oficio de Afectación o no Afectación del Derecho de Vía,Secretaría de Infraestructura Pública y Desarrollo Urbano Sostenible,Secretaría de Infraestructura Pública y Desarrollo Urbano Sostenible,25.0,2.0,1.0,Nivel 1,0.0,1,-0.6427772666677549
Expedición de Oficio de Afectación de Vialidades y Señalamiento por Accidentes,Secretaría de Infraestructura Pública y Desarrollo Urbano Sostenible,Secretaría de Infraestructura Pública y Desarrollo Urbano Sostenible,20.0,2.0,1.0,Nivel 1,1.0,2,-0.11515379142272336
Expedición Tarjeta Preferente Tuzobús para Personas con Discapacidad,Secretaría de Movilidad y Transporte,Sistema de Transporte Masivo de Hidalgo,20.0,2.0,1.0,Nivel 1,1.0,2,-0.11515379142272336
"Por la certificación, expedición y entrega de un ejemplar del Periódico Oficial del Estado.",Secretaría de Gobierno,Secretaría de Gobierno,480.0,0.0,0.0,Nivel 3.7,1.0,0,-0.32989306774852645
Devolución Vehículos Recuperados,Procuraduría General de Justicia,Procuraduría General de Justicia,4320.0,5.0,0.0,Nivel 3.1,0.0,1,-0.18900666516135056
Convocatoria del Instituto de Formación Profesional,Secretaría de Seguridad Pública,Secretaría de Seguridad Pública,64800.0,15.0,3.0,Nivel 1,0.0,1,1.3208564102329212
Inscripción al Padrón de Contratistas (Persona Moral),Secretaría de Contraloría,Secretaría de Controlaría,21600.0,0.0,0.0,Nivel 1,1.0,2,0.30870369603760256
Inscripción al Padrón de Contratistas (Persona Física),Secretaría de Contraloría,Secretaría de Controlaría,1440.0,0.0,0.0,,1.0,2,0.13456105152156567
Revalidación del Registro de Contratistas (Persona Moral),Secretaría de Contraloría,Secretaría de Controlaría,1440.0,0.0,0.0,,1.0,2,0.13456105152156567
Revalidación del Registro de Contratistas (Persona Física),Secretaría de Contraloría,Secretaría de Controlaría,21600.0,0.0,0.0,Nivel 1,1.0,2,0.30870369603760256
Prestación de servicios del Complejo Deportivo Revolución Mexicana del Instituto Hidalguense del Deporte,Secretaría de Educación Pública,Instituto Hidalguense del Deporte,10.0,3.0,3.0,Nivel 2,1.0,2,0.4364515108352321
Caja general del Sistema DIF Hidalgo,Organismos No Sectorizados,Sistema para el Desarrollo Integral de la Familia del Estado de Hidalgo,10.0,0.0,0.0,,0.0,1,-0.7400857536735056
Capacitar con temas gerontológicos a los enlaces y/o personas que estén al frente de grupos de personas adultas mayores de los diferentes DIF Municipales.,Organismos No Sectorizados,Sistema para el Desarrollo Integral de la Familia del Estado de Hidalgo,7200.0,1.0,0.0,,0.0,1,-0.2131063050950963
Centros de Desarrollo Comunitario Urbanos (CDC),Organismos No Sectorizados,Sistema para el Desarrollo Integral de la Familia del Estado de Hidalgo,1440.0,0.0,0.0,,0.0,1,-0.4101841291160979
"Acompañamiento, asistencia y seguimiento de proyectos de inversión",Secretaría de Desarrollo Económico,Secretaría de Desarrollo Económico,60.0,0.0,1.0,Nivel 3.1,0.0,1,-0.8318243261476514
Comercialización de prendas no desempeñadas,Organismos No Sectorizados,Sistema para el Desarrollo Integral de la Familia del Estado de Hidalgo,1440.0,0.0,0.0,,0.0,1,-0.4101841291160979
Credencialización para Personas con Discapacidad Permanente,Organismos No Sectorizados,Sistema para el Desarrollo Integral de la Familia del Estado de Hidalgo,1440.0,3.0,0.0,,0.0,1,-0.31476120900234583
"Apoyo con Estudios de gabinete, laboratorio y medicamentos",Organismos No Sectorizados,Sistema para el Desarrollo Integral de la Familia del Estado de Hidalgo,1440.0,1.0,0.0,Nivel 1,0.0,1,-0.48358330343310424
Apoyo de Gastos Funerarios,Organismos No Sectorizados,Sistema para el Desarrollo Integral de la Familia del Estado de Hidalgo,1440.0,3.0,0.0,,0.0,1,-0.31476120900234583
Jornadas Médicas de Subespecialidad,Organismos No Sectorizados,Sistema para el Desarrollo Integral de la Familia del Estado de Hidalgo,1440.0,2.0,1.0,Nivel 1,0.0,1,-0.38183584197056075
Ayudas Técnicas,Organismos No Sectorizados,Sistema para el Desarrollo Integral de la Familia del Estado de Hidalgo,1440.0,0.0,0.0,Nivel 1,0.0,1,-0.48358330343310424
Servicio de Atención Psicológica,Organismos No Sectorizados,Sistema para el Desarrollo Integral de la Familia del Estado de Hidalgo,1440.0,0.0,0.0,Nivel 1,0.0,1,-0.48358330343310424
Servicio de Estacionamiento Plaza Independencia Reloj Monumental,Organismos No Sectorizados,Sistema para el Desarrollo Integral de la Familia del Estado de Hidalgo,1440.0,0.0,0.0,,0.0,1,-0.4101841291160979
Licencia de Uso de Suelo,Secretaría de Infraestructura Pública y Desarrollo Urbano Sostenible,Secretaría de Infraestructura Pública y Desarrollo Urbano Sostenible,30.0,8.0,2.0,Nivel 1,1.0,2,0.6982551721146562
Taller Laboratorio de Órtesis y Prótesis,Organismos No Sectorizados,Sistema para el Desarrollo Integral de la Familia del Estado de Hidalgo,1440.0,2.0,0.0,Nivel 1,0.0,1,-0.3881603833193521
Consulta Médica en el Servicio de Urgencias en el Hospital del Niño DIF Hidalgo,Organismos No Sectorizados,Sistema para el Desarrollo Integral de la Familia del Estado de Hidalgo,1440.0,1.0,0.0,Nivel 1,0.0,1,-0.48358330343310424
Por actualización o reexpedición de órdenes de escrituración,Secretaría de Infraestructura Pública y Desarrollo Urbano Sostenible,Comisión Estatal de Vivienda,30.0,4.0,1.0,,1.0,2,0.16409541780227876
Autorización de Fusión,Secretaría de Infraestructura Pública y Desarrollo Urbano Sostenible,Secretaría de Infraestructura Pública y Desarrollo Urbano Sostenible,20.0,7.0,1.0,Nivel 1,1.0,2,0.2844741429636215
Autorización de Subdivisión,Secretaría de Infraestructura Pública y Desarrollo Urbano Sostenible,Secretaría de Infraestructura Pública y Desarrollo Urbano Sostenible,25.0,6.0,2.0,Nivel 1,1.0,2,0.4895357947863679
Autorización de Fraccionamiento,Secretaría de Infraestructura Pública y Desarrollo Urbano Sostenible,Secretaría de Infraestructura Pública y Desarrollo Urbano Sostenible,30.0,14.0,1.0,Nivel 1,1.0,2,0.5911147170358637
Por trámite de avalúo y traslado de Dominio de la Comisión Estatal de Vivienda,Secretaría de Infraestructura Pública y Desarrollo Urbano Sostenible,Comisión Estatal de Vivienda,30.0,5.0,1.0,,1.0,2,0.16409541780227876
Entrega de paquetes de Conejos.,Secretaría de Agricultura y Desarrollo Rural,Secretaría de Agricultura y Desarrollo Rural,2880.0,1.0,1.0,Nivel 2,0.0,1,-0.49511786922634926
Albergue del Hospital del Niño DIF Hidalgo,Organismos No Sectorizados,Sistema para el Desarrollo Integral de la Familia del Estado de Hidalgo,1440.0,0.0,0.0,Nivel 1,0.0,1,-0.48358330343310424
Autorización de Relotificación de Fraccionamiento,Secretaría de Infraestructura Pública y Desarrollo Urbano Sostenible,Secretaría de Infraestructura Pública y Desarrollo Urbano Sostenible,20.0,8.0,1.0,Nivel 1,1.0,2,0.2844741429636215
Alerta AMBER en Hidalgo,Procuraduría General de Justicia,Procuraduría General de Justicia,10.0,4.0,0.0,Nivel 3.5,0.0,1,-0.9686386104920874
Autorización de Protocolización,Secretaría de Infraestructura Pública y Desarrollo Urbano Sostenible,Secretaría de Infraestructura Pública y Desarrollo Urbano Sostenible,20.0,4.0,1.0,Nivel 1,0.0,1,-0.47008052877367673
Autorización de Venta de Lotes,Secretaría de Infraestructura Pública y Desarrollo Urbano Sostenible,Secretaría de Infraestructura Pública y Desarrollo Urbano Sostenible,25.0,10.0,1.0,Nivel 1,1.0,2,0.30159584835625347
Autorización de Régimen de Propiedad en Condominio,Secretaría de Infraestructura Pública y Desarrollo Urbano Sostenible,Secretaría de Infraestructura Pública y Desarrollo Urbano Sostenible,30.0,11.0,1.0,Nivel 1,1.0,2,0.5911147170358637
Inscripción UTTT,Secretaría de Educación Pública,Universidad Tecnológica de Tula-Tepeji,15.0,3.0,0.0,Nivel 1,1.0,2,-0.14327858362747986
Búsqueda de documentos en archivo y expedición de copias,Secretaría de Infraestructura Pública y Desarrollo Urbano Sostenible,Comisión Estatal de Vivienda,15.0,1.0,1.0,,1.0,2,-0.15897778807543433
Expedición de constancias de Propiedad y/o Posesión,Secretaría de Infraestructura Pública y Desarrollo Urbano Sostenible,Comisión Estatal de Vivienda,30.0,4.0,1.0,,1.0,2,0.16409541780227876
Dictamen de Estudio de impacto Urbano y Vial,Secretaría de Infraestructura Pública y Desarrollo Urbano Sostenible,Secretaría de Infraestructura Pública y Desarrollo Urbano Sostenible,30.0,4.0,1.0,Nivel 1,1.0,2,0.09069624348527246
Reposición de Acta Entrega,Secretaría de Infraestructura Pública y Desarrollo Urbano Sostenible,Comisión Estatal de Vivienda,30.0,3.0,1.0,Nivel 1,1.0,2,-0.09912219980143777
Copias Certificadas y Simples,Secretaría de Infraestructura Pública y Desarrollo Urbano Sostenible,Secretaría de Infraestructura Pública y Desarrollo Urbano Sostenible,20.0,1.0,1.0,Nivel 1,1.0,2,-0.2105767115364755
Copia de Plano,Secretaría de Infraestructura Pública y Desarrollo Urbano Sostenible,Comisión Estatal de Vivienda,30.0,1.0,1.0,,1.0,2,-0.12114594559818359
Elaboración de Croquis de Localización por Lote,Secretaría de Infraestructura Pública y Desarrollo Urbano Sostenible,Comisión Estatal de Vivienda,30.0,1.0,1.0,,1.0,2,-0.12114594559818359
Marcado de lotes,Secretaría de Infraestructura Pública y Desarrollo Urbano Sostenible,Comisión Estatal de Vivienda,30.0,1.0,1.0,,1.0,2,-0.12114594559818359
Entrega física del lote por segunda vez,Secretaría de Infraestructura Pública y Desarrollo Urbano Sostenible,Comisión Estatal de Vivienda,30.0,1.0,1.0,,1.0,2,-0.12114594559818359
Levantamiento Topográfico,Secretaría de Infraestructura Pública y Desarrollo Urbano Sostenible,Comisión Estatal de Vivienda,30.0,1.0,1.0,,1.0,2,-0.12114594559818359
Capacitación Acuícola y Pesquera,Secretaría de Agricultura y Desarrollo Rural,Secretaría de Agricultura y Desarrollo Rural,43200.0,0.0,1.0,Nivel 2,0.0,1,-0.247550084604976
Admisión UTVM,Secretaría de Educación Pública,Universidad Tecnológica del Valle del Mezquital,1440.0,1.0,0.0,Nivel 1,1.0,2,0.06116187720455936
Solicitud de baja temporal ó toma muerta del servicio de agua potable.,Secretaría de Infraestructura Pública y Desarrollo Urbano Sostenible,Comisión de Agua y Alcantarillado del Sistema Valle del Mezquital,1440.0,0.0,1.0,,0.0,1,-0.40385958776730657
Director Responsable y Corresponsable Modalidad Registro de DRyC,Secretaría de Infraestructura Pública y Desarrollo Urbano Sostenible,Secretaría de Infraestructura Pública y Desarrollo Urbano Sostenible,30.0,5.0,2.0,Nivel 1,1.0,2,0.4884456810150215
Instalación física de toma de agua potable.,Secretaría de Infraestructura Pública y Desarrollo Urbano Sostenible,Comisión de Agua y Alcantarillado del Sistema Valle del Mezquital,1440.0,1.0,0.0,,0.0,1,-0.4101841291160979
"Asesoría de la Incubadora de Empresas del ICATHI, para iniciar o fortalecer un negocio",Secretaría de Trabajo y Previsión Social,Instituto de Capacitación para el Trabajo del Estado de Hidalgo,60.0,1.0,0.0,Nivel 1,1.0,2,-0.1466053382247664
Inscripción COBAEH,Secretaría de Educación Pública,Colegio de Bachilleres del Estado de Hidalgo,10.0,6.0,0.0,Nivel 1,1.0,2,0.016501616047614076
Constancia de Persona Concesionaria y/o Permisionaria,Secretaría de Movilidad y Transporte,Sistema de Transporte Convencional de Hidalgo,30.0,2.0,1.0,,1.0,2,-0.02572302548443145
Inscripción UTVM,Secretaría de Educación Pública,Universidad Tecnológica del Valle del Mezquital,1440.0,2.0,0.0,Nivel 1,1.0,2,0.15658479731831149
Reinscripción UTVM,Secretaría de Educación Pública,Universidad Tecnológica del Valle del Mezquital,1440.0,1.0,0.0,Nivel 1,1.0,2,0.06116187720455936
Otorgamiento o Renovación de Permisos del Servicio Privado y Complementario de Transporte de Personas y Bienes,Secretaría de Movilidad y Transporte,Sistema de Transporte Convencional de Hidalgo,30.0,10.0,1.0,,1.0,2,0.3739049089019134
Mediación y Conciliación en Materia Penal,Procuraduría General de Justicia,Procuraduría General de Justicia,15.0,2.0,0.0,Nivel 3.1,0.0,1,-0.8348221128991562
Inscripción UTT,Secretaría de Educación Pública,Universidad Tecnológica de Tulancingo,2880.0,1.0,0.0,Nivel 4.2,1.0,0,-0.7640881474245467
Admisión UTT,Secretaría de Educación Pública,Universidad Tecnológica de Tulancingo,2880.0,3.0,0.0,Nivel 4.2,1.0,0,-0.6686652273107946
Inscripción UPP,Secretaría de Educación Pública,Universidad Politécnica de Pachuca,30.0,4.0,1.0,Nivel 2,1.0,2,0.01729706916826615
Reinscripción UPP,Secretaría de Educación Pública,Universidad Politécnica de Pachuca,15.0,2.0,0.0,Nivel 1,1.0,2,-0.14327858362747986
Certificado de Normas Técnicas de Competencia Laboral en CONALEPH,Secretaría de Educación Pública,Colegio de Educación Profesional Técnica del Estado de Hidalgo,1440.0,2.0,0.0,Nivel 3.1,1.0,2,0.00978644868429876
Autorización para el trabajo de mayores de 15 años y menores de 16,Secretaría de Trabajo y Previsión Social,Secretaría de Trabajo y Previsión Social,259200.0,4.0,2.0,,0.0,1,0.8872156452452524
Inscripción a cursos de inglés,Secretaría de Educación Pública,Instituto Hidalguense de Educación,40.0,2.0,1.0,Nivel 1,1.0,2,-0.07670857550675259
Certificado de no Propiedad (Registro Público de la Propiedad y del Comercio),Secretaría de Gobierno,Dirección General del Instituto de la Función Registral,8640.0,1.0,2.0,,1.0,2,0.7503272654965899
Certificado de Única Propiedad (Registro Público de la Propiedad y del Comercio),Secretaría de Gobierno,Dirección General del Instituto de la Función Registral,8640.0,1.0,2.0,Nivel 3.5,1.0,0,0.23653304527754554
Informes sobre Inscripción de Testamentos (Registro Público de la Propiedad y del Comercio),Secretaría de Gobierno,Dirección General del Instituto de la Función Registral,21600.0,1.0,2.0,Nivel 3.5,1.0,0,0.27238262901410487
Inscripción de Accesión de Terrenos Rústicos (Registro Público de la Propiedad y del Comercio),Secretaría de Gobierno,Dirección General del Instituto de la Función Registral,21600.0,7.0,1.0,Nivel 3.5,1.0,0,0.36968404598445287
"Inscripción de Actos Mercantiles, Rectificación (Registro Público de la Propiedad y del Comercio)",Secretaría de Gobierno,Dirección General del Instituto de la Función Registral,21600.0,3.0,1.0,Nivel 3.5,1.0,0,-0.02994388840189202
Inscripción de Contratos que transmiten la Propiedad de Muebles con Limitaciones. (Registro Público de la Propiedad y del Comercio),Secretaría de Gobierno,Dirección General del Instituto de la Función Registral,21600.0,2.0,1.0,Nivel 3.5,1.0,0,-0.02994388840189202
Inscripción de Escrituras Constitutivas de Personas Morales o Modificaciones de Capital (Registro Público de la Propiedad y del Comercio),Secretaría de Gobierno,Dirección General del Instituto de la Función Registral,21600.0,1.0,1.0,Nivel 3.5,1.0,0,-0.12536680851564413
Impartición de Justicia en Conflictos Laborales del Sector Privado,Secretaría de Trabajo y Previsión Social,Secretaría de Trabajo y Previsión Social,259200.0,0.0,0.0,Nivel 1,0.0,1,0.12450112864924351
Impartición de justicia de conflictos laborales del sector público,Secretaría de Trabajo y Previsión Social,Secretaría de Trabajo y Previsión Social,518400.0,1.0,0.0,Nivel 1,0.0,1,0.18006886263399596
Celebración de Convenios Fuera de Juicio de los trabajadores al Servicio de los Gobiernos Estatal y Municipal.,Secretaría de Trabajo y Previsión Social,Secretaría de Trabajo y Previsión Social,259200.0,1.0,0.0,,0.0,1,0.19790030296624989
"Registro de Sindicatos, Expedición de la Toma de Nota y Registro de Condiciones Generales de Trabajo de los Sindicatos al Servicio de los Gobiernos Estatal y Municipal del Estado de Hidalgo.",Secretaría de Trabajo y Previsión Social,Secretaría de Trabajo y Previsión Social,518400.0,1.0,0.0,Nivel 1,0.0,1,0.18006886263399596
Tramitación de la Declaración de Beneficiarios de trabajadores al Servicio de los Gobiernos Estatal y Municipal.,Secretaría de Trabajo y Previsión Social,Secretaría de Trabajo y Previsión Social,259200.0,0.0,1.0,Nivel 1,0.0,1,0.13082566999803485
Acuerdo que autoriza o niega el reconocimiento de validez oficial de estudios de tipo superior. (RVOE),Secretaría de Educación Pública,Secretaría de Educación Pública,86400.0,5.0,1.0,Nivel 2,1.0,2,0.6380034202129099
Registro y cotejo de documentos de alumnos inscritos en nivel licenciatura y posgrado,Secretaría de Educación Pública,Secretaría de Educación Pública,1440.0,3.0,1.0,Nivel 1,1.0,2,0.1629093386671028
Expedición de certificado de defunción,Secretaría de Salud,Secretaría de Salud,60.0,0.0,1.0,Nivel 1,0.0,1,-0.6850259775136387
Inscripción de Poderes Civiles y Sustituciones (Registro Público de la Propiedad y del Comercio),Secretaría de Gobierno,Dirección General del Instituto de la Función Registral,21600.0,2.0,1.0,Nivel 3.5,1.0,0,-0.02994388840189202
Regularización de la propiedad,Secretaría de Infraestructura Pública y Desarrollo Urbano Sostenible,Comisión Estatal de Vivienda,20.0,0.0,1.0,,1.0,2,-0.13717753721946918
Inscripción por Constitución del Patrimonio Familiar. (Registro Público de la Propiedad y del Comercio),Secretaría de Gobierno,Dirección General del Instituto de la Función Registral,21600.0,2.0,1.0,,1.0,2,0.4838503318171523
Ratificación de firmas. (Registro Público de la Propiedad y del Comercio),Secretaría de Gobierno,Dirección General del Instituto de la Función Registral,21600.0,2.0,1.0,,1.0,2,0.4838503318171523
Reinscripción ITESHU.,Secretaría de Educación Pública,Instituto Tecnológico Superior de Huichapan,19.0,2.0,0.0,Nivel 1,1.0,2,-0.12538971910441438
Inscripción de alumnos a educación primaria. (de 2° a 6° grado),Secretaría de Educación Pública,Instituto Hidalguense de Educación,1440.0,3.0,0.0,Nivel 1,0.0,1,-0.3881603833193521
Sustitución del Cargo de Albacea. (Registro Público de la Propiedad y del Comercio),Secretaría de Gobierno,Dirección General del Instituto de la Función Registral,21600.0,2.0,1.0,,1.0,2,0.4838503318171523
Equivalencia de Estudios de Educación Media Superior,Secretaría de Educación Pública,Secretaría de Educación Pública,7200.0,5.0,1.0,Nivel 4.1,1.0,0,-0.25758531151225494
Revalidación de Estudios de Educación Media Superior,Secretaría de Educación Pública,Secretaría de Educación Pública,7200.0,5.0,1.0,Nivel 4.1,1.0,0,-0.25758531151225494
CURP (Clave Única de Registro de Población),Secretaría de Educación Pública,Instituto Hidalguense de Educación,2.0,1.0,0.0,Nivel 1,0.0,1,-0.565913825990024
Registro de una institución de educación media superior y superior,Secretaría de Educación Pública,Secretaría de Educación Pública,2880.0,7.0,1.0,Nivel 2,1.0,2,0.5446781659114113
Registro Profesional Estatal,Secretaría de Educación Pública,Secretaría de Educación Pública,60.0,7.0,5.0,Nivel 2,1.0,2,1.0720249179289425
Carta de No Inconveniente para Incorporación a una Institución Educativa,Secretaría de Educación Pública,Secretaría de Educación Pública,43200.0,6.0,1.0,,1.0,2,0.7292348080671626
Informe de antecedentes profesionales,Secretaría de Educación Pública,Secretaría de Educación Pública,2880.0,1.0,1.0,Nivel 2,1.0,2,0.04962731141131432
Registro como unidad receptora de servicio social,Secretaría de Educación Pública,Secretaría de Educación Pública,1440.0,2.0,1.0,Nivel 4.1,0.0,0,-1.1892267594576305
Registro de Colegio de Profesionistas y Federación,Secretaría de Educación Pública,Secretaría de Educación Pública,7200.0,3.0,1.0,Nivel 2,1.0,2,0.2865879883710981
Ampliaciones de autorizaciones para profesionistas,Secretaría de Educación Pública,Secretaría de Educación Pública,60.0,3.0,2.0,Nivel 2,1.0,2,0.27949238645051977
Servicio Médico Hospitalario,Secretaría de Salud,Secretaría de Salud,2880.0,3.0,0.0,Nivel 1,1.0,2,0.21212486449328144
Por la actualización de opiniones técnicas de factibilidad,Secretaría de Gobierno,Subsecretaría de Protección Civil y Gestión de Riesgos,43200.0,0.0,0.0,Nivel 1,1.0,2,0.3642697290009026
Por la impartición de cursos de capacitación a personas físicas o morales del sector privado,Secretaría de Gobierno,Subsecretaría de Protección Civil y Gestión de Riesgos,43200.0,0.0,0.0,Nivel 1,1.0,2,0.3642697290009026
Atención Integral a personas adultas mayores de 60 años en el Centro Estatal de Atención Geriátrica Integral (CESAGI),Secretaría de Salud,Secretaría de Salud,120.0,0.0,0.0,Nivel 1,1.0,2,-0.09169726827871338
Atención Integral a Mayores de 20 años con Enfermedades Crónico-Degenerativas (UNEME EC),Secretaría de Salud,Secretaría de Salud,2880.0,2.0,1.0,Nivel 1,0.0,1,-0.32629577479559085
Permiso de Libros de Control de Estupefacientes y Psicotrópicos,Secretaría de Salud,Secretaría de Salud,7200.0,4.0,0.0,Nivel 1,0.0,1,-0.0012641160116402261
Certificado de Calidad del Agua de Sistemas Públicos y Privados,Secretaría de Salud,Secretaría de Salud,86400.0,2.0,0.0,Nivel 1,1.0,2,0.5152596098944147
Titulación UPT,Secretaría de Educación Pública,Universidad Politécnica de Tulancingo,25.0,6.0,0.0,Nivel 4.1,1.0,0,-0.7219291015792421
Solicitud de Licencia Sanitaria para servicios urbanos de fumigación y control de plagas.,Secretaría de Salud,Secretaría de Salud,86400.0,2.0,0.0,Nivel 1,1.0,2,0.5152596098944147
Reinscripción UTHH,Secretaría de Educación Pública,Universidad Tecnológica de la Huasteca Hidalguense,20.0,3.0,2.0,,1.0,2,0.35599482042403197
Asesorías Complementarias Intersemestrales CONALEPH,Secretaría de Educación Pública,Colegio de Educación Profesional Técnica del Estado de Hidalgo,1440.0,1.0,1.0,Nivel 1,1.0,2,0.06748641855335068
Asesorías Complementarias Semestrales CONALEPH,Secretaría de Educación Pública,Colegio de Educación Profesional Técnica del Estado de Hidalgo,1440.0,1.0,1.0,Nivel 1,1.0,2,0.06748641855335068
Cursos de capacitación,Secretaría de Educación Pública,Colegio de Educación Profesional Técnica del Estado de Hidalgo,1440.0,0.0,0.0,Nivel 3.1,1.0,2,-0.08563647142945335
Reposición de Credencial de CONALEPH,Secretaría de Educación Pública,Colegio de Educación Profesional Técnica del Estado de Hidalgo,1440.0,1.0,1.0,Nivel 1,1.0,2,0.06748641855335068
Reposición de Certificado de terminación de estudios CONALEPH,Secretaría de Educación Pública,Colegio de Educación Profesional Técnica del Estado de Hidalgo,1440.0,3.0,1.0,Nivel 1,1.0,2,0.1629093386671028
"Opinión favorable para actividades relacionadas con armas, municiones, pólvoras y explosivos, artificios y substancias químicas relacionadas con explosivos.",Secretaría de Gobierno,Secretaría de Gobierno,388800.0,5.0,1.0,Nivel 1,1.0,2,0.9933172420322893
Acuerdo de Actualización del Plan y Programa de Estudios,Secretaría de Educación Pública,Secretaría de Educación Pública,28800.0,4.0,1.0,Nivel 1,1.0,2,0.6233314304962088
Expedición de la Carta de Opinión de Pertinencia de Planes y Programas de Estudios de tipo Superior solicitada ante la COEPEES,Secretaría de Educación Pública,Secretaría de Educación Pública,172800.0,3.0,1.0,Nivel 1,1.0,2,0.7384887943009509
Programa de Atención Médica Contra Accidentes Para Escolares en el Hospital del Niño DIF Hidalgo,Organismos No Sectorizados,Sistema para el Desarrollo Integral de la Familia del Estado de Hidalgo,1440.0,3.0,0.0,Nivel 1,0.0,1,-0.3881603833193521
Becas ITESHU.,Secretaría de Educación Pública,Instituto Tecnológico Superior de Huichapan,34560.0,1.0,2.0,Nivel 1,0.0,1,0.20571012663902472
Por la elaboración de constancia de seguridad por unidad de transporte de materiales peligrosos,Secretaría de Gobierno,Subsecretaría de Protección Civil y Gestión de Riesgos,43200.0,0.0,0.0,Nivel 1,1.0,2,0.3642697290009026
Inscripción a cursos de capacitación en línea del ICATHI,Secretaría de Trabajo y Previsión Social,Instituto de Capacitación para el Trabajo del Estado de Hidalgo,30.0,1.0,1.0,Nivel 1,1.0,2,-0.1945451199151899
"Autenticación de título, diploma o grado académico",Secretaría de Educación Pública,Secretaría de Educación Pública,7200.0,12.0,1.0,Nivel 1,1.0,2,1.0502240795254059
"Diseño, tendido y corte de tela para el ensamble de prendas de vestir en el ICATHI",Secretaría de Trabajo y Previsión Social,Instituto de Capacitación para el Trabajo del Estado de Hidalgo,60.0,1.0,0.0,Nivel 1,1.0,2,-0.1466053382247664
Atención médica.,Secretaría de Gobierno,Centro de Justicia Para Mujeres,60.0,0.0,0.0,,0.0,1,-0.6179513445454237
Admisión UTHH,Secretaría de Educación Pública,Universidad Tecnológica de la Huasteca Hidalguense,1460.0,3.0,1.0,,1.0,2,0.23741352727258616
Cancelación de Hipoteca y Reserva de Dominio,Secretaría de Infraestructura Pública y Desarrollo Urbano Sostenible,Comisión Estatal de Vivienda,30.0,4.0,1.0,,1.0,2,0.16409541780227876
"Representación Legal a Trabajadores, Sindicatos y Beneficiarios",Secretaría de Trabajo y Previsión Social,Secretaría de Trabajo y Previsión Social,259200.0,1.0,0.0,Nivel 1,0.0,1,0.12450112864924351
Denuncia y/o queja a posibles violaciones o incumplimientos a las norma de trabajo,Secretaría de Trabajo y Previsión Social,Secretaría de Trabajo y Previsión Social,21600.0,0.0,0.0,Nivel 1,0.0,1,-0.23604148460006102
Emisión de estado de cuenta,Secretaría de Infraestructura Pública y Desarrollo Urbano Sostenible,Comisión Estatal de Vivienda,30.0,2.0,1.0,Nivel 1,1.0,2,-0.09912219980143777
Reestructuración de crédito,Secretaría de Infraestructura Pública y Desarrollo Urbano Sostenible,Comisión Estatal de Vivienda,45.0,1.0,1.0,,0.0,1,-0.6342526794483916
Constancia de Viabilidad,Secretaría de Infraestructura Pública y Desarrollo Urbano Sostenible,Secretaría de Infraestructura Pública y Desarrollo Urbano Sostenible,30.0,7.0,2.0,Nivel 1,1.0,2,0.6982551721146562
Atención de trabajo social,Secretaría de Gobierno,Centro de Justicia Para Mujeres,50.0,0.0,0.0,,0.0,1,-0.6323051967478351
Prestación de servicios de Marketing Deportivo del Instituto Hidalguense del Deporte,Secretaría de Educación Pública,Instituto Hidalguense del Deporte,15.0,0.0,1.0,Nivel 1,1.0,2,-0.23237696239244066
Albergue Revolución,Organismos No Sectorizados,Sistema para el Desarrollo Integral de la Familia del Estado de Hidalgo,1440.0,0.0,0.0,,0.0,1,-0.4101841291160979
Autorización de cambio de titular del Centro de Verificación Vehicular,Secretaría de Medio Ambiente y Recursos Naturales,Secretaría de Medio Ambiente y Recursos Naturales,43200.0,0.0,2.0,,1.0,2,0.8417428821964491
Permiso de Publicidad Modalidad A Productos y Servicios,Secretaría de Salud,Secretaría de Salud,21600.0,4.0,1.0,Nivel 1,1.0,2,0.6002696007868562
Solicitud de Visita de Verificación de materia prima y medicamentos que sean o contengan estupefacientes o psicotrópicos Modalidad A. Balance,Secretaría de Salud,Secretaría de Salud,43200.0,1.0,0.0,Nivel 1,0.0,1,-0.180475451636761
"Reportes, Quejas y Sugerencias del Servicio Tuzobús",Secretaría de Movilidad y Transporte,Sistema de Transporte Masivo de Hidalgo,21600.0,2.0,1.0,Nivel 2,0.0,1,-0.20769319745452391
Expedición de Tarjetón para Personas Conductoras del Tuzobús,Secretaría de Movilidad y Transporte,Sistema de Transporte Masivo de Hidalgo,1440.0,13.0,2.0,Nivel 1,1.0,2,1.2508956930341535
Renovación del Tarjetón para Personas Conductoras del Tuzobús,Secretaría de Movilidad y Transporte,Sistema de Transporte Masivo de Hidalgo,1440.0,9.0,1.0,Nivel 1,1.0,2,0.5625372730534477
Centro de Expresión Juvenil,Organismos No Sectorizados,Sistema para el Desarrollo Integral de la Familia del Estado de Hidalgo,11520.0,0.0,0.0,,0.0,1,-0.1754314559101278
Inscripción 1er Semestre Bachillerato del Estado de Hidalgo,Secretaría de Educación Pública,Bachillerato del Estado de Hidalgo,30.0,5.0,0.0,Nivel 1,1.0,2,0.08437170213648117
Readmision UPH,Secretaría de Educación Pública,Universidad Politécnica de Huejutla,30.0,1.0,1.0,Nivel 2,1.0,2,-0.2679442942321962
Examen de Recuperación UPH,Secretaría de Educación Pública,Universidad Politécnica de Huejutla,30.0,1.0,0.0,,1.0,2,-0.12747048694697488
Bitácora de Operación de Equipos y Procesos Generadores de Emisiones a la Atmósfera,Secretaría de Medio Ambiente y Recursos Naturales,Secretaría de Medio Ambiente y Recursos Naturales,43200.0,2.0,0.0,,1.0,2,0.5330918234316611
Autorización en materia de impacto ambiental del transporte de residuos de manejo especial generados en procesos industriales y de servicios.,Secretaría de Medio Ambiente y Recursos Naturales,Secretaría de Medio Ambiente y Recursos Naturales,86400.0,7.0,1.0,Nivel 2,1.0,2,0.8478129113125447
Inscripción de registro de perito valuador (Catastral),Secretaría de Hacienda,Instituto Catastral,172800.0,2.0,2.0,Nivel 1,1.0,2,1.1362382318307
Puntos Topográficos con referencia de localización.,Secretaría de Hacienda,Instituto Catastral,4320.0,2.0,1.0,,1.0,2,0.39244213648941306
Restitución fotogramétrica escala 1:1000.,Secretaría de Hacienda,Instituto Catastral,4320.0,0.0,1.0,,1.0,2,0.297019216375661
"Constancias de calificaciones, reportes de evaluación y certificación de educación básica",Secretaría de Educación Pública,Instituto Hidalguense de Educación,5760.0,3.0,1.0,Nivel 4.1,1.0,0,-0.4652898361625464
Autorización para impartir educación inicial y/o básica en el estado,Secretaría de Educación Pública,Instituto Hidalguense de Educación,18720.0,2.0,3.0,Nivel 2,1.0,2,1.0400250885018196
Registro de Institución en el Catálogo de Centros de Trabajo de SEPH,Secretaría de Educación Pública,Instituto Hidalguense de Educación,20.0,2.0,1.0,Nivel 2,0.0,1,-0.7332981463773932
Becas de Educación Básica para escuelas públicas y particulares,Secretaría de Educación Pública,Instituto Hidalguense de Educación,21600.0,2.0,1.0,Nivel 4.1,0.0,0,-0.9416849406245873
Preinscripciones de Educación Básica,Secretaría de Educación Pública,Instituto Hidalguense de Educación,47520.0,1.0,0.0,Nivel 4.1,0.0,0,-0.9802257573290372
Constitución de Grupos de Productores/as de Leche.,Secretaría de Agricultura y Desarrollo Rural,Secretaría de Agricultura y Desarrollo Rural,14400.0,5.0,1.0,Nivel 2,0.0,1,-0.01277642696027198
Capacitación en Nutrición y Manejo de Ganado Lechero.,Secretaría de Agricultura y Desarrollo Rural,Secretaría de Agricultura y Desarrollo Rural,1440.0,1.0,1.0,Nivel 2,0.0,1,-0.5506579364013192
Capacitación en Inseminación Artificial en Bovinos leche.,Secretaría de Agricultura y Desarrollo Rural,Secretaría de Agricultura y Desarrollo Rural,1440.0,1.0,1.0,Nivel 2,0.0,1,-0.5506579364013192
Reinscripción UPE,Secretaría de Educación Pública,Universidad Politécnica de la Energía,30.0,1.0,1.0,Nivel 1,1.0,2,-0.1945451199151899
Historial académico UPE,Secretaría de Educación Pública,Universidad Politécnica de la Energía,4320.0,1.0,0.0,Nivel 1,1.0,2,0.21729550070986337
Autorización de Bitácora de Control para Residuos de Manejo Especial,Secretaría de Medio Ambiente y Recursos Naturales,Secretaría de Medio Ambiente y Recursos Naturales,86400.0,2.0,1.0,,1.0,2,0.5949833255602124
Actualización al Padrón de Contratistas (Persona Física),Secretaría de Contraloría,Secretaría de Controlaría,1440.0,0.0,0.0,,1.0,2,0.13456105152156567
Elaboración de Contrato,Secretaría de Infraestructura Pública y Desarrollo Urbano Sostenible,Comisión Estatal de Vivienda,30.0,3.0,1.0,,1.0,2,-0.02572302548443145
Constancia de No Afectación,Secretaría de Infraestructura Pública y Desarrollo Urbano Sostenible,Comisión Estatal de Vivienda,30.0,6.0,0.0,Nivel 1,1.0,2,0.08437170213648117
Constancia No Comprendida,Secretaría de Infraestructura Pública y Desarrollo Urbano Sostenible,Secretaría de Infraestructura Pública y Desarrollo Urbano Sostenible,20.0,1.0,1.0,Nivel 1,1.0,2,-0.2105767115364755
Constancia de No Invasión a Fraccionamiento,Secretaría de Infraestructura Pública y Desarrollo Urbano Sostenible,Secretaría de Infraestructura Pública y Desarrollo Urbano Sostenible,20.0,1.0,1.0,Nivel 1,1.0,2,-0.2105767115364755
Constancia de Verificación de la Poligonal de Fraccionamiento,Secretaría de Infraestructura Pública y Desarrollo Urbano Sostenible,Secretaría de Infraestructura Pública y Desarrollo Urbano Sostenible,20.0,1.0,1.0,Nivel 1,1.0,2,-0.2105767115364755
Examen de admisión UTMIR,Secretaría de Educación Pública,Universidad Tecnológica de Mineral de la Reforma,25.0,0.0,0.0,Nivel 2,1.0,2,-0.2731787218096411
Inscripción Nivel Licenciatura Bilingüe UPMH,Secretaría de Educación Pública,Universidad Politécnica Metropolitana de Hidalgo,31680.0,5.0,2.0,Nivel 3.7,1.0,0,0.4415280009380159
Nube de puntos derivado de vuelo con Dron,Secretaría de Hacienda,Instituto Catastral,4320.0,3.0,1.0,,1.0,2,0.39244213648941306
Otorgamiento o Renovación de Concesiones para el Servicio de Transporte Público,Secretaría de Movilidad y Transporte,Sistema de Transporte Convencional de Hidalgo,30.0,10.0,1.0,,1.0,2,0.3739049089019134
Pago de arrendamiento,Oficialía Mayor,Oficialía Mayor,14400.0,0.0,1.0,,0.0,1,-0.15121944172672175
Inscripción ITESHU.,Secretaría de Educación Pública,Instituto Tecnológico Superior de Huichapan,20.0,6.0,0.0,Nivel 1,1.0,2,0.06834011051519558
Declaración de Impuestos Estatales,Secretaría de Hacienda,Secretaría de Hacienda,1440.0,2.0,2.0,,0.0,1,0.08931276987619458
Declaración de ISR Enajenación de Bienes Inmuebles Impuestos Federales Coordinados,Secretaría de Hacienda,Secretaría de Hacienda,120.0,6.0,2.0,,0.0,1,0.12627206767963212
Devolución por Concepto de Pago de lo Indebido Estatal,Secretaría de Hacienda,Secretaría de Hacienda,14400.0,2.0,1.0,,0.0,1,-0.05579652161296961
Pago de Créditos Fiscales Estatales,Secretaría de Hacienda,Secretaría de Hacienda,20.0,1.0,2.0,,0.0,1,-0.28417328032738376
Pago de Créditos Fiscales Federales Coordinados,Secretaría de Hacienda,Secretaría de Hacienda,20.0,1.0,2.0,,0.0,1,-0.28417328032738376
Compensación por concepto de pago de lo indebido estatal,Secretaría de Hacienda,Secretaría de Hacienda,86400.0,0.0,1.0,,0.0,1,-0.0451847751912034
Declaración de ISAN,Secretaría de Hacienda,Secretaría de Hacienda,60.0,2.0,2.0,,0.0,1,-0.11845444555313123
Movimientos y Actualización al Padrón Estatal de Contribuyentes,Secretaría de Hacienda,Secretaría de Hacienda,20.0,5.0,1.0,Nivel 3.1,0.0,1,-0.6168788774076894
Alta de vehículo particular,Secretaría de Hacienda,Secretaría de Hacienda,20.0,8.0,2.0,,1.0,2,0.7556227548103769
Baja de vehículo particular,Secretaría de Hacienda,Secretaría de Hacienda,20.0,2.0,1.0,,1.0,2,-0.04175461710571704
Expedición de Placas de Demostración para Vehículos de Agencia,Secretaría de Hacienda,Secretaría de Hacienda,20.0,1.0,2.0,Nivel 3.7,1.0,0,-0.4000206685427772
Baja de vehículo de transporte público.,Secretaría de Hacienda,Secretaría de Hacienda,20.0,3.0,1.0,,1.0,2,-0.04175461710571704
Reposición de Tarjeta de Circulación por Pérdida o Actualización Datos,Secretaría de Hacienda,Secretaría de Hacienda,1440.0,3.0,1.0,,1.0,2,0.2363085129841091
Inscripción al Registro Estatal de Contribuyentes,Secretaría de Hacienda,Secretaría de Hacienda,1440.0,1.0,1.0,Nivel 3.1,0.0,1,-0.6240571107183256
Laboratorio de Constatación de Leche.,Secretaría de Agricultura y Desarrollo Rural,Secretaría de Agricultura y Desarrollo Rural,1440.0,1.0,0.0,Nivel 2,1.0,2,-0.012237297112446949
Equivalencia de Estudios UPMH,Secretaría de Educación Pública,Universidad Politécnica Metropolitana de Hidalgo,44640.0,4.0,1.0,Nivel 3.7,1.0,0,0.07127085804351702
Reinscripción UPMH,Secretaría de Educación Pública,Universidad Politécnica Metropolitana de Hidalgo,2880.0,3.0,0.0,Nivel 3.7,1.0,0,-0.3750685300427693
Inscripción De las Demás Zonas por división (Registro Público de la Propiedad y del Comercio),Secretaría de Gobierno,Dirección General del Instituto de la Función Registral,21600.0,5.0,1.0,,1.0,2,0.6736687751038625
"Certificaciones. (Registro Público de la Propiedad y del Comercio, Registro de Crédito Agrícola)",Secretaría de Gobierno,Dirección General del Instituto de la Función Registral,21600.0,1.0,1.0,,1.0,2,0.38842741170340017
Cancelación de Inscripción. (Registro Público de la Propiedad y del Comercio),Secretaría de Gobierno,Dirección General del Instituto de la Función Registral,21600.0,2.0,1.0,,1.0,2,0.4838503318171523
Servicios de Psicología para Mujeres Jóvenes.,Secretaría de Gobierno,Ciudad de las Mujeres,60.0,0.0,1.0,,0.0,1,-0.6116268031966323
Orientación Vocacional para Mujeres Jóvenes.,Secretaría de Gobierno,Ciudad de las Mujeres,1440.0,0.0,1.0,,0.0,1,-0.40385958776730657
Expedición de Permiso de circulación.,Secretaría de Hacienda,Secretaría de Hacienda,10.0,3.0,1.0,,1.0,2,-0.09359311157329853
Baja Administrativa de Vehículos,Secretaría de Hacienda,Secretaría de Hacienda,10.0,1.0,1.0,,1.0,2,-0.18901603168705067
Alta de vehículo de transporte público,Secretaría de Hacienda,Secretaría de Hacienda,30.0,6.0,3.0,,1.0,2,0.8409383888448222
Ampliación de Periodo de Verificación Vehícular Extemporánea,Secretaría de Medio Ambiente y Recursos Naturales,Secretaría de Medio Ambiente y Recursos Naturales,43200.0,3.0,0.0,Nivel 1,0.0,1,-0.0850525315230089
Licitaciones Públicas,Oficialía Mayor,Oficialía Mayor,0.0,0.0,0.0,,0.0,1,-0.580587671393338
Visita Guiada al Parque Ecológico Cubitos,Secretaría de Medio Ambiente y Recursos Naturales,Secretaría de Medio Ambiente y Recursos Naturales,43200.0,0.0,0.0,Nivel 1,1.0,2,0.3642697290009026
Titulación (ITSOEH),Secretaría de Educación Pública,Instituto Tecnológico Superior del Occidente del Estado de Hidalgo,48960.0,1.0,0.0,,1.0,2,0.44770270343675067
Constancia de Residencia Profesional (ITSOEH),Secretaría de Educación Pública,Instituto Tecnológico Superior del Occidente del Estado de Hidalgo,21600.0,0.0,0.0,,1.0,2,0.3821028703546089
Atención Jurídica en Materia Familiar y Penal a Mujeres en Situación de Violencia de Género.,Secretaría de Gobierno,Ciudad de las Mujeres,120.0,0.0,3.0,,0.0,1,0.12012423779196385
Atención de Trabajo Social a Mujeres en Situación de Violencia de Género,Secretaría de Gobierno,Ciudad de las Mujeres,45.0,0.0,6.0,,0.0,1,0.1564013551734354
Inscripción UPFIM,Secretaría de Educación Pública,Universidad Politécnica Francisco I. Madero,1440.0,3.0,0.0,Nivel 3.9,1.0,0,-0.5774069458517519
Reinscripción UPFIM,Secretaría de Educación Pública,Universidad Politécnica Francisco I. Madero,1440.0,1.0,0.0,Nivel 3.9,1.0,0,-0.672829865965504
Compulsa de documentos,Secretaría de Medio Ambiente y Recursos Naturales,Secretaría de Medio Ambiente y Recursos Naturales,43200.0,0.0,0.0,,0.0,1,-0.10707627731975472
Donación de Planta Forestal para Reforestación,Secretaría de Medio Ambiente y Recursos Naturales,Secretaría de Medio Ambiente y Recursos Naturales,7200.0,0.0,0.0,,0.0,1,-0.2131063050950963
"Visita al Parque Nacional ""El Chico""",Secretaría de Medio Ambiente y Recursos Naturales,Secretaría de Medio Ambiente y Recursos Naturales,43200.0,0.0,0.0,,1.0,2,0.43766890331790886
Inscripción UTMZ,Secretaría de Educación Pública,Universidad Tecnológica Minera de Zimapán,4320.0,4.0,0.0,,1.0,2,0.575936038427332
Examen de Ingreso UTMZ,Secretaría de Educación Pública,Universidad Tecnológica Minera de Zimapán,4320.0,1.0,0.0,,1.0,2,0.29069467502686963
Solicitud de Examen de Admisión UPMH,Secretaría de Educación Pública,Universidad Politécnica Metropolitana de Hidalgo,4320.0,3.0,0.0,Nivel 3.7,1.0,0,-0.27447497371243523
Certificados de Estudios Parciales y Totales UPMH,Secretaría de Educación Pública,Universidad Politécnica Metropolitana de Hidalgo,12960.0,3.0,0.0,Nivel 3.7,1.0,0,-0.1864143236137038
Historial Académico UTSH,Secretaría de Educación Pública,Universidad Tecnológica de la Sierra Hidalguense,1440.0,1.0,0.0,,1.0,2,0.13456105152156567
Reposición de credencial UTSH,Secretaría de Educación Pública,Universidad Tecnológica de la Sierra Hidalguense,1440.0,1.0,0.0,,1.0,2,0.13456105152156567
Reinsripción UTMZ,Secretaría de Educación Pública,Universidad Tecnológica Minera de Zimapán,7200.0,1.0,0.0,Nivel 1,1.0,2,0.258239701225561
Constancia Escolar UTMZ,Secretaría de Educación Pública,Universidad Tecnológica Minera de Zimapán,1440.0,1.0,0.0,Nivel 1,1.0,2,0.06116187720455936
Titulación UTHH,Secretaría de Educación Pública,Universidad Tecnológica de la Huasteca Hidalguense,259200.0,3.0,0.0,Nivel 2,1.0,2,0.6912700550836529
"Prestación de servicios del Polideportivo, Gimnasio Presidente Miguel Alemán y el estadio de béisbol G. Alfonso Corona del Rosal del Instituto Hidalguense del Deporte",Secretaría de Educación Pública,Instituto Hidalguense del Deporte,10.0,0.0,1.0,Nivel 1,1.0,2,-0.262415206004057
Publicaciones e impresiones (Materia Catastral Intructivo de Valuación),Secretaría de Hacienda,Instituto Catastral,4320.0,1.0,0.0,,1.0,2,0.29069467502686963
Preinscripción a Preparatoria Abierta,Secretaría de Educación Pública,Instituto Hidalguense de Educación para Adultos,30.0,2.0,0.0,Nivel 1,1.0,2,-0.10544674115022912
Inscripción a Preparatoria Abierta,Secretaría de Educación Pública,Instituto Hidalguense de Educación para Adultos,20.0,6.0,0.0,Nivel 1,1.0,2,0.06834011051519558
Certificación de Preparatoria Abierta,Secretaría de Educación Pública,Instituto Hidalguense de Educación para Adultos,21600.0,6.0,0.0,Nivel 1,1.0,2,0.5939450594380649
Constancia de No Infracción.,Secretaría de Movilidad y Transporte,Sistema de Transporte Convencional de Hidalgo,30.0,2.0,1.0,Nivel 2,1.0,2,-0.17252137411844404
Constancia de Inscripción de Preparatoria Abierta,Secretaría de Educación Pública,Instituto Hidalguense de Educación para Adultos,2880.0,2.0,2.0,Nivel 1,1.0,2,0.6161988433718217
Historial Académico de Preparatoria Abierta,Secretaría de Educación Pública,Instituto Hidalguense de Educación para Adultos,10.0,3.0,1.0,Nivel 1,1.0,2,-0.16699228589030485
Solicitud de exámenes ordinarios de Preparatoria Abierta,Secretaría de Educación Pública,Instituto Hidalguense de Educación para Adultos,15.0,3.0,0.0,Nivel 1,1.0,2,-0.14327858362747986
Solicitud de exámenes extemporáneos de Preparatoria Abierta,Secretaría de Educación Pública,Instituto Hidalguense de Educación para Adultos,15.0,3.0,0.0,Nivel 1,1.0,2,-0.14327858362747986
Inscripción a Nivel Posgrado UPMH,Secretaría de Educación Pública,Universidad Politécnica Metropolitana de Hidalgo,2880.0,6.0,2.0,Nivel 3.7,1.0,0,0.21882389212248132
Servicios de Laboratorio UTTT,Secretaría de Educación Pública,Universidad Tecnológica de Tula-Tepeji,21600.0,2.0,2.0,Nivel 1,1.0,2,0.8082005950298949
Servicios de Evaluación y certificación /Entidad de Certificación y Evaluación UTTT,Secretaría de Educación Pública,Universidad Tecnológica de Tula-Tepeji,43200.0,1.0,0.0,Nivel 1,1.0,2,0.3642697290009026
Consultoría y Estudio Técnico UTTT,Secretaría de Educación Pública,Universidad Tecnológica de Tula-Tepeji,28800.0,3.0,1.0,Nivel 1,1.0,2,0.43351298720949855
Reinscripción UTVAM,Secretaría de Educación Pública,Universidad Tecnológica de la Zona Metropolitana del Valle de México,2880.0,2.0,0.0,Nivel 4.3,1.0,0,-0.742064401627801
Expedición de Historial Académico UTVAM,Secretaría de Educación Pública,Universidad Tecnológica de la Zona Metropolitana del Valle de México,2880.0,2.0,0.0,Nivel 4.3,1.0,0,-0.742064401627801
Constancia de Estudios UPT,Secretaría de Educación Pública,Universidad Politécnica de Tulancingo,10.0,1.0,0.0,Nivel 3.7,1.0,0,-0.855933141888899
Historial Académico UPT,Secretaría de Educación Pública,Universidad Politécnica de Tulancingo,10.0,1.0,0.0,Nivel 3.7,1.0,0,-0.855933141888899
Entrega de apoyos a población vulnerable,Organismos No Sectorizados,Sistema para el Desarrollo Integral de la Familia del Estado de Hidalgo,1440.0,0.0,0.0,,0.0,1,-0.4101841291160979
"Expedición de información catastral, sin certificación.",Secretaría de Hacienda,Instituto Catastral,4320.0,1.0,1.0,Nivel 1,1.0,2,0.22362004205865466
Equivalencia de Estudios UPP,Secretaría de Educación Pública,Universidad Politécnica de Pachuca,50.0,4.0,1.0,Nivel 3.7,1.0,0,-0.45658668021397486
Certificado Parcial de Estudios y/o Carta de Pasante UPP,Secretaría de Educación Pública,Universidad Politécnica de Pachuca,70.0,2.0,0.0,Nivel 3.8,1.0,0,-0.6996050757925916
Reposición de credencial escolar UPE,Secretaría de Educación Pública,Universidad Politécnica de la Energía,4320.0,2.0,0.0,Nivel 1,1.0,2,0.31271842082361545
Constancia de no Adeudo UPP,Secretaría de Educación Pública,Universidad Politécnica de Pachuca,4320.0,2.0,2.0,Nivel 2,1.0,2,0.6433932253851495
Certificado de Estudios ITESHU.,Secretaría de Educación Pública,Instituto Tecnológico Superior de Huichapan,5760.0,2.0,0.0,Nivel 1,1.0,2,0.3357765399757319
Constancia Escolar ITESHU.,Secretaría de Educación Pública,Instituto Tecnológico Superior de Huichapan,1440.0,1.0,0.0,Nivel 1,1.0,2,0.06116187720455936
Examen de Egreso de Licenciatura UPT,Secretaría de Educación Pública,Universidad Politécnica de Tulancingo,20.0,1.0,0.0,Nivel 4.1,1.0,0,-1.0242921703723367
Constancia Escolar UPP,Secretaría de Educación Pública,Universidad Politécnica de Pachuca,1440.0,3.0,0.0,Nivel 3.7,1.0,0,-0.43060859721773925
Equivalencia de Estudios UPT,Secretaría de Educación Pública,Universidad Politécnica de Tulancingo,15.0,3.0,0.0,Nivel 3.7,1.0,0,-0.7304719781635306
Certificación UPT,Secretaría de Educación Pública,Universidad Politécnica de Tulancingo,45.0,2.0,0.0,Nivel 3.7,1.0,0,-0.6610016888988243
Credencial Escolar UPT,Secretaría de Educación Pública,Universidad Politécnica de Tulancingo,15.0,1.0,0.0,Nivel 3.7,1.0,0,-0.8258948982772827
Examen Toefl UPT,Secretaría de Educación Pública,Universidad Politécnica de Tulancingo,20.0,1.0,0.0,Nivel 4.1,1.0,0,-1.0242921703723367
Examen de Competencia Profesional UPT,Secretaría de Educación Pública,Universidad Politécnica de Tulancingo,20.0,1.0,0.0,Nivel 4.1,1.0,0,-1.0242921703723367
Examen Extraordinario UPT,Secretaría de Educación Pública,Universidad Politécnica de Tulancingo,20.0,1.0,0.0,Nivel 4.1,1.0,0,-1.0242921703723367
Recurso de Revocación Estatal,Secretaría de Hacienda,Secretaría de Hacienda,129600.0,3.0,0.0,Nivel 4.2,0.0,0,-0.7164336223830445
Historial Académico UPP,Secretaría de Educación Pública,Universidad Politécnica de Pachuca,70.0,1.0,0.0,Nivel 3.7,1.0,0,-0.7216288215893374
Titulación Nivel Licenciatura/Ingeniería y Posgrado UPP,Secretaría de Educación Pública,Universidad Politécnica de Pachuca,40.0,7.0,4.0,Nivel 3.9,1.0,0,0.37958165033135594
Recurso de Revocación Federal,Secretaría de Hacienda,Secretaría de Hacienda,129600.0,3.0,0.0,,0.0,1,0.23775564373803776
Curso Propedéutico UPP,Secretaría de Educación Pública,Universidad Politécnica de Pachuca,20.0,2.0,0.0,Nivel 1,1.0,2,-0.12147833277151471
Copias de documentos que obren en la Procuraduría Fiscal del Estado.,Secretaría de Hacienda,Secretaría de Hacienda,4320.0,1.0,1.0,,1.0,2,0.297019216375661
Certificado Parcial UTTT,Secretaría de Educación Pública,Universidad Tecnológica de Tula-Tepeji,30.0,1.0,0.0,Nivel 1,1.0,2,-0.2008696612639812
Reposición de credencial UTTT,Secretaría de Educación Pública,Universidad Tecnológica de Tula-Tepeji,5.0,1.0,0.0,Nivel 1,1.0,2,-0.31733214990621883
Curso semipresencial ITESHU.,Secretaría de Educación Pública,Instituto Tecnológico Superior de Huichapan,2880.0,1.0,0.0,Nivel 1,1.0,2,0.11670194437952931
Exámenes Generales de Egreso de la Licenciatura (EGEL) ITESHU.,Secretaría de Educación Pública,Instituto Tecnológico Superior de Huichapan,300.0,1.0,0.0,Nivel 1,1.0,2,0.21972124142440086
Congresos - Simposios ITESHU.,Secretaría de Educación Pública,Instituto Tecnológico Superior de Huichapan,4320.0,1.0,0.0,Nivel 1,1.0,2,0.21729550070986337
Servicios Tecnológicos tipo I (ITSOEH),Secretaría de Educación Pública,Instituto Tecnológico Superior del Occidente del Estado de Hidalgo,47520.0,0.0,0.0,,1.0,2,0.4453095151127022
Asesoría Técnica ITESHU.,Secretaría de Educación Pública,Instituto Tecnológico Superior de Huichapan,14400.0,1.0,1.0,Nivel 1,1.0,2,0.3201265645939355
Dictamen de equivalencia ITESHU.,Secretaría de Educación Pública,Instituto Tecnológico Superior de Huichapan,15840.0,4.0,1.0,Nivel 1,1.0,2,0.6130082024136342
"Curso de extensión, actualización o educación continua ITESHU.",Secretaría de Educación Pública,Instituto Tecnológico Superior de Huichapan,4320.0,1.0,1.0,Nivel 1,1.0,2,0.22362004205865466
Evaluación de segunda oportunidad ITESHU.,Secretaría de Educación Pública,Instituto Tecnológico Superior de Huichapan,360.0,1.0,0.0,Nivel 1,1.0,2,0.23429310615472293
Titulación ITESHU.,Secretaría de Educación Pública,Instituto Tecnológico Superior de Huichapan,85.0,8.0,1.0,Nivel 1,1.0,2,0.38230546995204995
Capacitación y Certificación a entrenadores Instituto Hidalguense del Deporte,Secretaría de Educación Pública,Instituto Hidalguense del Deporte,10.0,3.0,0.0,Nivel 1,1.0,2,-0.1733168272390962
Reposición de Credencial UTVAM,Secretaría de Educación Pública,Universidad Tecnológica de la Zona Metropolitana del Valle de México,2880.0,2.0,0.0,Nivel 4.3,1.0,0,-0.742064401627801
Inscripción (CEH),Secretaría de Educación Pública,Colegio del Estado de Hidalgo,1440.0,1.0,0.0,Nivel 1,0.0,1,-0.48358330343310424
Registro de Admisión (CEH),Secretaría de Educación Pública,Colegio del Estado de Hidalgo,1440.0,2.0,2.0,Nivel 1,1.0,2,0.5606587761968518
"Componente Rehabilitación, Modernización y Tecnificación de Distritos de Riego.",Secretaría de Agricultura y Desarrollo Rural,Secretaría de Agricultura y Desarrollo Rural,14400.0,3.0,1.0,Nivel 2,0.0,1,-0.20259487024698225
Componente Equipamiento de Distritos de Riego.,Secretaría de Agricultura y Desarrollo Rural,Secretaría de Agricultura y Desarrollo Rural,14400.0,3.0,1.0,Nivel 2,0.0,1,-0.20259487024698225
"Componente Rehabilitación, Modernización, Tecnificación, Equipamiento de Unidades de Riego y Proyectos Productivos en Zonas de Atención Prioritaria.",Secretaría de Agricultura y Desarrollo Rural,Secretaría de Agricultura y Desarrollo Rural,14400.0,5.0,1.0,Nivel 2,0.0,1,-0.01277642696027198
Certificación de copias de documentos históricos,Oficialía Mayor,Oficialía Mayor,1440.0,0.0,0.0,Nivel 1,0.0,1,-0.48358330343310424
Acuerdo de autorización por cambio de domicilio,Secretaría de Educación Pública,Secretaría de Educación Pública,259200.0,2.0,1.0,Nivel 1,1.0,2,0.7709937707494505
Duplicado de certificado de estudios UTVM,Secretaría de Educación Pública,Universidad Tecnológica del Valle del Mezquital,30240.0,1.0,0.0,Nivel 1,1.0,2,0.3356767795322356
Expedición de Certificado de Estudios UTVAM,Secretaría de Educación Pública,Universidad Tecnológica de la Zona Metropolitana del Valle de México,2880.0,2.0,0.0,Nivel 4.3,1.0,0,-0.742064401627801
Historial Académico UTMZ,Secretaría de Educación Pública,Universidad Tecnológica Minera de Zimapán,1440.0,0.0,1.0,Nivel 1,0.0,1,-0.4772587620843129
Curso de Lengua Extranjera a Público en General y Personal Docente y Administrativo UTVAM,Secretaría de Educación Pública,Universidad Tecnológica de la Zona Metropolitana del Valle de México,2880.0,3.0,1.0,Nivel 1,1.0,2,0.21844940584207273
Reposición de Credencial Escolar UPP,Secretaría de Educación Pública,Universidad Politécnica de Pachuca,15.0,2.0,0.0,Nivel 1,1.0,2,-0.14327858362747986
Becas UPT,Secretaría de Educación Pública,Universidad Politécnica de Tulancingo,8.0,1.0,1.0,Nivel 4.1,0.0,0,-1.6306385755902764
Aclaración de resultados de exámenes de Preparatoria Abierta por omisión y/o revisión administrativa,Secretaría de Educación Pública,Instituto Hidalguense de Educación para Adultos,15.0,1.0,1.0,Nivel 1,0.0,1,-0.7771221430301043
Registro de Equivalencias Preparatoria Abierta,Secretaría de Educación Pública,Instituto Hidalguense de Educación para Adultos,20.0,3.0,1.0,Nivel 1,0.0,1,-0.659898972060387
Titulación UPH,Secretaría de Educación Pública,Universidad Politécnica de Huejutla,172800.0,7.0,0.0,Nivel 2,1.0,2,1.0583930130214982
Constancia de Estudios COBAEH,Secretaría de Educación Pública,Colegio de Bachilleres del Estado de Hidalgo,2880.0,0.0,0.0,Nivel 1,1.0,2,0.11670194437952931
Certificado de Estudios COBAEH,Secretaría de Educación Pública,Colegio de Bachilleres del Estado de Hidalgo,30240.0,0.0,0.0,Nivel 1,1.0,2,0.3356767795322356
Equivalencia de Estudios COBAEH,Secretaría de Educación Pública,Colegio de Bachilleres del Estado de Hidalgo,17280.0,1.0,0.0,Nivel 1,1.0,2,0.32841736200824057
Seguro Escolar COBAEH,Secretaría de Educación Pública,Colegio de Bachilleres del Estado de Hidalgo,5.0,0.0,0.0,Nivel 1,1.0,2,-0.31733214990621883
Historial académico UTVM,Secretaría de Educación Pública,Universidad Tecnológica del Valle del Mezquital,2.0,1.0,0.0,Nivel 4.3,0.0,0,-1.5201030921111065
Equivalencias de estudios UTVM,Secretaría de Educación Pública,Universidad Tecnológica del Valle del Mezquital,30240.0,3.0,0.0,Nivel 1,0.0,1,-0.11364548099167582
Alimentación Escolar Modalidad Fría,Organismos No Sectorizados,Sistema para el Desarrollo Integral de la Familia del Estado de Hidalgo,1440.0,2.0,1.0,,0.0,1,-0.3084366676535545
Alimentación Escolar Modalidad Caliente,Organismos No Sectorizados,Sistema para el Desarrollo Integral de la Familia del Estado de Hidalgo,1440.0,1.0,0.0,Nivel 1,0.0,1,-0.48358330343310424
"Atención Alimentaria a Grupos Prioritarios, Personas Mayores",Organismos No Sectorizados,Sistema para el Desarrollo Integral de la Familia del Estado de Hidalgo,1440.0,0.0,0.0,Nivel 1,0.0,1,-0.48358330343310424
Atención Alimentaria en los Primeros 1000 Días,Organismos No Sectorizados,Sistema para el Desarrollo Integral de la Familia del Estado de Hidalgo,1440.0,2.0,1.0,Nivel 1,0.0,1,-0.38183584197056075
Atención Alimentaria a Personas en Situación de Emergencia o Desastre,Organismos No Sectorizados,Sistema para el Desarrollo Integral de la Familia del Estado de Hidalgo,1440.0,0.0,0.0,Nivel 1,0.0,1,-0.48358330343310424
"Atención Alimentaria a Grupos Prioritarios, Personas con Discapacidad",Organismos No Sectorizados,Sistema para el Desarrollo Integral de la Familia del Estado de Hidalgo,1440.0,1.0,0.0,Nivel 1,0.0,1,-0.48358330343310424
Atención Psicológica a Mujeres en Situación de Violencia de Género,Secretaría de Gobierno,Ciudad de las Mujeres,60.0,0.0,0.0,,0.0,1,-0.6179513445454237
Admisión ITESHU.,Secretaría de Educación Pública,Instituto Tecnológico Superior de Huichapan,27.0,4.0,0.0,Nivel 1,1.0,2,0.07621203622375534
Servicios de Sensibilización y desarrollo de habilidades para la vida de las juventudes,Secretaría de Gobierno,Ciudad de las Mujeres,1440.0,0.0,0.0,,0.0,1,-0.4101841291160979
Aviso de Actualización de Datos o Baja del Establecimiento de Insumos para la Salud que Opera con Licencia Sanitaria.,Secretaría de Salud,Secretaría de Salud,20.0,0.0,0.0,Nivel 1,0.0,1,-0.7616464335229305
Aviso de Actualización de Datos para Servicios Urbanos de Fumigación y Control de Plagas Urbanas del Establecimiento que Opera con Licencia Sanitaria.,Secretaría de Salud,Secretaría de Salud,0.0,0.0,0.0,Nivel 1,0.0,1,-0.6539868457103444
Aviso de Funcionamiento de Crematorio,Secretaría de Salud,Secretaría de Salud,21600.0,7.0,1.0,Nivel 1,0.0,1,0.26533391124882727
Aviso de Funcionamiento de Panteón.,Secretaría de Salud,Secretaría de Salud,21600.0,6.0,1.0,Nivel 1,0.0,1,0.05552442014919262
Licencia Sanitaria de Unidades Móviles para Traslado de Cadáveres,Secretaría de Salud,Secretaría de Salud,21600.0,3.0,0.0,Nivel 1,0.0,1,-0.14061856448630894
Solicitud de Modificación a la Licencia Sanitaria de Establecimientos de Insumos para la Salud Modalidad G.- Farmacia o Botica (con venta de medicamentos controlados),Secretaría de Salud,Secretaría de Salud,86400.0,2.0,0.0,Nivel 1,1.0,2,0.5152596098944147
Solicitud de Modificación a la Licencia Sanitaria para Servicios Urbanos de Fumigación y Control de plagas.,Secretaría de Salud,Secretaría de Salud,86400.0,3.0,0.0,Nivel 1,1.0,2,0.5152596098944147
Credencial Escolar y duplicado COBAEH,Secretaría de Educación Pública,Colegio de Bachilleres del Estado de Hidalgo,31680.0,0.0,0.0,Nivel 1,1.0,2,0.33940605319506395
Asesoría para el Desarrollo de Productos y la Comercialización en Agronegocios.,Secretaría de Agricultura y Desarrollo Rural,Secretaría de Agricultura y Desarrollo Rural,1440.0,2.0,1.0,Nivel 2,0.0,1,-0.4552350162875671
Asesoría para el trámite de la membresía GS1 para la trazabilidad en productos agropecuarios,Secretaría de Agricultura y Desarrollo Rural,Secretaría de Agricultura y Desarrollo Rural,1440.0,3.0,4.0,Nivel 2,0.0,1,0.33541901833425997
Asesoría presencial y a distancia para la Constitución de Sociedades Agropecuarias y Pesqueras.,Secretaría de Agricultura y Desarrollo Rural,Secretaría de Agricultura y Desarrollo Rural,1440.0,2.0,0.0,Nivel 2,0.0,1,-0.4615595576363584
Asistencia Técnica y Capacitación Pecuaria.,Secretaría de Agricultura y Desarrollo Rural,Secretaría de Agricultura y Desarrollo Rural,7200.0,1.0,1.0,Nivel 2,0.0,1,-0.35358011238031756
Siembra de Crías de Peces.,Secretaría de Agricultura y Desarrollo Rural,Secretaría de Agricultura y Desarrollo Rural,43200.0,0.0,1.0,Nivel 2,0.0,1,-0.247550084604976
Clínica Universitaria de Rehabilitación Integral (C.U.R.e.I.) Servicios de Terapia Física UPP,Secretaría de Educación Pública,Universidad Politécnica de Pachuca,1440.0,3.0,0.0,Nivel 3.7,1.0,0,-0.43060859721773925
Inscripción al Catálogo de Empresas del Sector Energético del Estado de Hidalgo.,Secretaría de Desarrollo Económico,Agencia Estatal de Energía de Hidalgo,25920.0,3.0,1.0,Nivel 1,1.0,2,0.42506680551869247
"Reinscripción: 2°,3°,4°,5° y 6° Semestre Bachillerato del Estado de Hidalgo",Secretaría de Educación Pública,Bachillerato del Estado de Hidalgo,30.0,1.0,0.0,Nivel 1,1.0,2,-0.2008696612639812
Titulación UPMH,Secretaría de Educación Pública,Universidad Politécnica Metropolitana de Hidalgo,367200.0,4.0,1.0,Nivel 3.2,1.0,0,0.768537483076582
Opinión de Cumplimiento de Obligaciones Fiscales Estatales,Secretaría de Hacienda,Secretaría de Hacienda,4320.0,0.0,0.0,,1.0,2,0.29069467502686963
Reposición de certificado o constancia del ICATHI,Secretaría de Trabajo y Previsión Social,Instituto de Capacitación para el Trabajo del Estado de Hidalgo,30.0,1.0,0.0,Nivel 1,1.0,2,-0.2008696612639812
Tienda en línea Margarita Michelena.,Secretaría de Cultura,Consejo Estatal para la Cultura y las Artes de Hidalgo,2880.0,0.0,0.0,Nivel 1,1.0,2,0.11670194437952931
Cesión de Derechos - Comisión Estatal de Vivienda,Secretaría de Infraestructura Pública y Desarrollo Urbano Sostenible,Comisión Estatal de Vivienda,30.0,3.0,1.0,,1.0,2,-0.02572302548443145
Órdenes de escrituración - Comisión Estatal de Vivienda,Secretaría de Infraestructura Pública y Desarrollo Urbano Sostenible,Comisión Estatal de Vivienda,30.0,4.0,1.0,,1.0,2,0.16409541780227876
Constancia escolar UICEH,Secretaría de Educación Pública,Universidad Intercultural del Estado de Hidalgo,1440.0,1.0,0.0,Nivel 1,1.0,2,0.06116187720455936
"Asesoría técnica, especializada en agricultura sustentable.",Secretaría de Agricultura y Desarrollo Rural,Secretaría de Agricultura y Desarrollo Rural,1440.0,1.0,0.0,Nivel 2,0.0,1,-0.5569824777501106
Credencialización UICEH,Secretaría de Educación Pública,Universidad Intercultural del Estado de Hidalgo,60.0,1.0,0.0,Nivel 1,1.0,2,-0.1466053382247664
Garantias del Interes Fiscal (Federal),Secretaría de Hacienda,Secretaría de Hacienda,129600.0,0.0,1.0,,0.0,1,0.14865726497307702
Garantias del Interes Fiscal (Estatal),Secretaría de Hacienda,Secretaría de Hacienda,129600.0,0.0,1.0,,0.0,1,0.14865726497307702
Remates en línea,Secretaría de Hacienda,Secretaría de Hacienda,43200.0,0.0,0.0,,0.0,1,-0.10707627731975472
Historial Académico UNIDEH,Secretaría de Educación Pública,Universidad Digital del Estado de Hidalgo,1440.0,1.0,0.0,,1.0,2,0.13456105152156567
Dictamen de Equivalencia (ITSOEH),Secretaría de Educación Pública,Instituto Tecnológico Superior del Occidente del Estado de Hidalgo,86400.0,3.0,1.0,,1.0,2,0.5949833255602124
Préstamo con maquinaria especializada para la nivelación de tierras agrícolas.,Secretaría de Agricultura y Desarrollo Rural,Secretaría de Agricultura y Desarrollo Rural,1440.0,1.0,1.0,Nivel 2,0.0,1,-0.5506579364013192
Publicaciones e impresiones (Materia Catastral Compendio Catastral),Secretaría de Hacienda,Instituto Catastral,4320.0,1.0,0.0,,1.0,2,0.29069467502686963
Refrendo anual perito topográfo,Secretaría de Hacienda,Instituto Catastral,172800.0,1.0,2.0,,1.0,2,1.114214486033954
Becas para la Transformación de Estudiantes de Instituciones de Educación Superior,Secretaría de Educación Pública,Secretaría de Educación Pública,7200.0,11.0,3.0,Nivel 4.1,0.0,0,0.3749309524432159
Copia de Ortofoto a color escala 1:1000,Secretaría de Hacienda,Instituto Catastral,4320.0,2.0,1.0,,1.0,2,0.39244213648941306
Autorización de Centro de Asesoría Particular de Preparatoria Abierta,Secretaría de Educación Pública,Instituto Hidalguense de Educación para Adultos,21600.0,9.0,0.0,Nivel 1,1.0,2,0.8037545505376995
Admisión UPFIM,Secretaría de Educación Pública,Universidad Politécnica Francisco I. Madero,1440.0,1.0,0.0,Nivel 3.9,1.0,0,-0.672829865965504
Constancia Escolar UPFIM,Secretaría de Educación Pública,Universidad Politécnica Francisco I. Madero,480.0,1.0,0.0,Nivel 1,1.0,2,0.25730032678752424
Certificado Parcial UPFIM,Secretaría de Educación Pública,Universidad Politécnica Francisco I. Madero,21600.0,2.0,0.0,Nivel 3.9,1.0,0,-0.3298651270187087
Cursos de Educación Continua UPFIM,Secretaría de Educación Pública,Universidad Politécnica Francisco I. Madero,1440.0,1.0,0.0,Nivel 3.9,1.0,0,-0.672829865965504
Titulación en la UICEH,Secretaría de Educación Pública,Universidad Intercultural del Estado de Hidalgo,518400.0,8.0,0.0,Nivel 1,1.0,2,1.2198648977717563
Examen TOEFL UPFIM,Secretaría de Educación Pública,Universidad Politécnica Francisco I. Madero,1440.0,1.0,0.0,,1.0,2,0.13456105152156567
Asesoría Jurídica en Derechos Humanos,Secretaría de Gobierno,Secretaría de Gobierno,255.0,0.0,0.0,,0.0,1,-0.26460651707585064
Escrituras Públicas para personas que han tenido en posesión un predio,Secretaría de Gobierno,Secretaría de Gobierno,345600.0,5.0,0.0,Nivel 1,0.0,1,0.43280517226445275
Modificación de Tipo de Perito en el Padrón,Secretaría de Hacienda,Instituto Catastral,4320.0,3.0,1.0,,1.0,2,0.39244213648941306
Atención al empoderamiento.,Secretaría de Gobierno,Centro de Justicia Para Mujeres,30.0,0.0,0.0,,0.0,1,-0.6722156675846385
Uso de la Plataforma Naturalista,Secretaría de Medio Ambiente y Recursos Naturales,Comisión Estatal de Biodiversidad de Hidalgo,1440.0,0.0,1.0,Nivel 1,0.0,1,-0.4772587620843129
Credencial de Identificación Escolar (CEH),Secretaría de Educación Pública,Colegio del Estado de Hidalgo,7200.0,0.0,2.0,Nivel 1,1.0,2,0.6623136801041013
Becas Institucionales UPP,Secretaría de Educación Pública,Universidad Politécnica de Pachuca,11520.0,0.0,3.0,Nivel 2,0.0,1,0.3609377078471942
Transformando con la Juventud,Secretaría de Desarrollo Económico,Secretaría de Desarrollo Económico,15.0,3.0,1.0,Nivel 3.2,0.0,1,-0.901896745867371
Tu Experiencia Transforma,Secretaría de Desarrollo Económico,Secretaría de Desarrollo Económico,15.0,3.0,1.0,Nivel 3.2,0.0,1,-0.901896745867371
Acompañamiento a los municipios para la implementación de estrategias que impulsen el desarrollo económico local,Secretaría de Desarrollo Económico,Secretaría de Desarrollo Económico,21600.0,0.0,1.0,Nivel 1,0.0,1,-0.22971694325126973
"Expedición, Renovación o Reposición por Robo o Extravío del Tarjetón para Personas que Conducen Unidades Autorizadas por el Sistema de Transporte Convencional",Secretaría de Movilidad y Transporte,Sistema de Transporte Convencional de Hidalgo,23.0,7.0,1.0,Nivel 2,1.0,2,0.22177984888253457
"Suministro e instalación de mojonera de hormigon de 40 cms. de largo y 10 cms. de diametro con una varilla al centro de 1/2"", para identificación de vertices que delimitan perimetrales de predio",Secretaría de Hacienda,Instituto Catastral,4320.0,4.0,1.0,,1.0,2,0.5822605797761233
Equivalencia de Estudios UPFIM,Secretaría de Educación Pública,Universidad Politécnica Francisco I. Madero,43200.0,3.0,0.0,Nivel 3.9,1.0,0,-0.27429909405540864
Actualización del Registro de Proveedores (Persona Moral),Secretaría de Contraloría,Secretaría de Controlaría,1440.0,0.0,0.0,,1.0,2,0.13456105152156567
Gestión de Créditos,Secretaría de Agricultura y Desarrollo Rural,Secretaría de Agricultura y Desarrollo Rural,1440.0,2.0,0.0,Nivel 2,0.0,1,-0.4615595576363584
Asignación de Servicio Social UPP,Secretaría de Educación Pública,Universidad Politécnica de Pachuca,30.0,3.0,1.0,Nivel 2,0.0,1,-0.7172665547561077
Asesoría Legal En Materia Notarial,Secretaría de Gobierno,Dirección General del Archivo General de Notarías,1440.0,0.0,0.0,,0.0,1,-0.4101841291160979
"Inscripción de la designación, aceptación o discernimiento del cargo de albacea. Declaración y reconocimiento de herederos en un solo documento.",Secretaría de Gobierno,Dirección General del Instituto de la Función Registral,21600.0,2.0,1.0,,1.0,2,0.4838503318171523
Expedición de constancias de documentos que obran en la Dirección General de Profesiones,Secretaría de Educación Pública,Secretaría de Educación Pública,4320.0,1.0,1.0,Nivel 1,1.0,2,0.22362004205865466
Verificación energética en centros de carga eléctrica con tarifa comercial hasta 25 kW.,Secretaría de Desarrollo Económico,Agencia Estatal de Energía de Hidalgo,28800.0,3.0,1.0,Nivel 1,1.0,2,0.43351298720949855
Verificación energética en centros de carga eléctrica con tarifa de uso domestico (DAC),Secretaría de Desarrollo Económico,Agencia Estatal de Energía de Hidalgo,28800.0,0.0,1.0,Nivel 1,1.0,2,0.33809006709574646
Inscripción Nivel Posgrado UPFIM,Secretaría de Educación Pública,Universidad Politécnica Francisco I. Madero,1440.0,6.0,1.0,Nivel 3.9,1.0,0,-0.3812639612162503
Ayudas Comunitarias a Mujeres y Familias Indígenas,Organismos No Sectorizados,Comisión Estatal para el Desarrollo Sostenible de los Pueblos Indígenas (CEDSPI),1440.0,2.0,1.0,,0.0,1,-0.3084366676535545
Eco Estufas del Bienestar,Organismos No Sectorizados,Comisión Estatal para el Desarrollo Sostenible de los Pueblos Indígenas (CEDSPI),10.0,2.0,1.0,Nivel 2,0.0,1,-0.7851366408449747
Mujer de Maíz,Organismos No Sectorizados,Comisión Estatal para el Desarrollo Sostenible de los Pueblos Indígenas (CEDSPI),5760.0,2.0,1.0,Nivel 2,0.0,1,-0.2760432736301467
Seguridad Alimentaria,Organismos No Sectorizados,Comisión Estatal para el Desarrollo Sostenible de los Pueblos Indígenas (CEDSPI),10.0,1.0,1.0,Nivel 2,0.0,1,-0.8805595609587269
Remodelación de Parques en Comunidades Indígenas,Organismos No Sectorizados,Comisión Estatal para el Desarrollo Sostenible de los Pueblos Indígenas (CEDSPI),1440.0,3.0,1.0,,0.0,1,-0.3084366676535545
Revalidación de Estudios Bachillerato del Estado de Hidalgo,Secretaría de Educación Pública,Bachillerato del Estado de Hidalgo,30.0,1.0,0.0,Nivel 1,1.0,2,-0.2008696612639812
Corredor Artesanal,Organismos No Sectorizados,Comisión Estatal para el Desarrollo Sostenible de los Pueblos Indígenas (CEDSPI),1440.0,4.0,1.0,,0.0,1,-0.11861822436684427
Impuesto sobre Tenencia y Refrendo Vehicular (transporte público),Secretaría de Hacienda,Secretaría de Hacienda,1440.0,8.0,3.0,Nivel 3.7,1.0,0,0.6521868495599402
Constancia de estudios UTMIR,Secretaría de Educación Pública,Universidad Tecnológica de Mineral de la Reforma,4320.0,0.0,0.0,Nivel 3.1,1.0,2,0.07049715207585064
Asesoría en Materia de Mantenimiento y Conservación de Parques Industriales,Secretaría de Desarrollo Económico,Corporación de Fomento de Infraestructura Industrial,1440.0,0.0,0.0,,0.0,1,-0.4101841291160979
"Inscripción de la disolución, liquidación y de ambas cuando consten en un solo documento. (Registro Público de la Propiedad y del Comercio, personas morales)",Secretaría de Gobierno,Dirección General del Instituto de la Función Registral,21600.0,2.0,1.0,,1.0,2,0.4838503318171523
Acciones en materia de transversalidad de la perspectiva de género,Secretaría de Gobierno,Instituto Hidalguense de las Mujeres,4320.0,0.0,1.0,Nivel 1,0.0,1,-0.32112513857900893
Acciones en materia de protección de los derechos humanos de las mujeres,Secretaría de Gobierno,Instituto Hidalguense de las Mujeres,4320.0,0.0,0.0,Nivel 1,0.0,1,-0.3274496799278002
Apoyos asistenciales otorgados a mujeres,Secretaría de Gobierno,Instituto Hidalguense de las Mujeres,4320.0,3.0,1.0,Nivel 1,0.0,1,-0.2257022184652568
Apoyos económicos para el bienestar físico de las mujeres,Secretaría de Gobierno,Instituto Hidalguense de las Mujeres,1440.0,4.0,1.0,Nivel 1,0.0,1,-0.19201739868385054
"Apoyos económicos para niñas y adolescentes embarazadas, madres o con plan de restitución de derechos",Secretaría de Gobierno,Instituto Hidalguense de las Mujeres,4320.0,3.0,2.0,Nivel 1,0.0,1,0.17204721906449222
Levantamiento topográfico.,Secretaría de Educación Pública,Instituto Hidalguense de Infraestructura Física Educativa,21600.0,1.0,1.0,Nivel 1,1.0,2,0.31502823738639385
Constancia de estudios UTT,Secretaría de Educación Pública,Universidad Tecnológica de Tulancingo,1440.0,0.0,0.0,,1.0,2,0.13456105152156567
Constancia de Estudios UTSH,Secretaría de Educación Pública,Universidad Tecnológica de la Sierra Hidalguense,1440.0,1.0,0.0,,1.0,2,0.13456105152156567
Verificación energética en centros de carga eléctrica con tarifa empresarial menor a 100 kW.,Secretaría de Desarrollo Económico,Agencia Estatal de Energía de Hidalgo,28800.0,3.0,1.0,Nivel 1,1.0,2,0.43351298720949855
"Talleres, Pláticas y Conferencias sobre Habilidades de vida para Niñas, Niños y Adolescentes",Organismos No Sectorizados,Sistema para el Desarrollo Integral de la Familia del Estado de Hidalgo,1440.0,2.0,0.0,,0.0,1,-0.31476120900234583
Pago de multa por incomparecencia del patrón en el procedimiento de conciliación,Secretaría de Trabajo y Previsión Social,Centro de Conciliación Laboral del Estado de Hidalgo,1440.0,0.0,0.0,,1.0,2,0.13456105152156567
"Por cada foja digitalizada, archivo informático y disco óptico que se utilice para entregar los documentos a que se refieren las fracciones I a III",Secretaría de Gobierno,Dirección General del Instituto de la Función Registral,21600.0,1.0,1.0,,1.0,2,0.38842741170340017
Certificado de Estudios UPH,Secretaría de Educación Pública,Universidad Politécnica de Huejutla,2880.0,1.0,0.0,Nivel 2,1.0,2,0.043302770062523005
Constancia de Estudios UPMH,Secretaría de Educación Pública,Universidad Politécnica Metropolitana de Hidalgo,180.0,1.0,0.0,Nivel 3.7,1.0,0,-0.40824641333485856
Reposición de la Credencial de la UPMH por pérdida,Secretaría de Educación Pública,Universidad Politécnica Metropolitana de Hidalgo,4320.0,1.0,0.0,Nivel 3.7,1.0,0,-0.3698978938261873
Reposición de credencial ITESHU.,Secretaría de Educación Pública,Instituto Tecnológico Superior de Huichapan,1440.0,1.0,0.0,Nivel 1,1.0,2,0.06116187720455936
Publicación de Artículo en Congreso ITESHU.,Secretaría de Educación Pública,Instituto Tecnológico Superior de Huichapan,125280.0,3.0,0.0,Nivel 1,1.0,2,0.7063838681563661
Inspección Vehicular para Unidades Autorizadas por el Sistema de Transporte Convencional,Secretaría de Movilidad y Transporte,Sistema de Transporte Convencional de Hidalgo,30.0,4.0,1.0,Nivel 2,1.0,2,0.01729706916826615
Quejas administrativas en contra de las y los Notarios Públicos durante el ejercicio de su función,Secretaría de Gobierno,Dirección General del Archivo General de Notarías,1440.0,0.0,0.0,,0.0,1,-0.4101841291160979
Cotejo de documentos no autentificados que deben destinarse al apéndice (Registro Público de la Propiedad y del Comercio),Secretaría de Gobierno,Dirección General del Instituto de la Función Registral,21600.0,2.0,1.0,Nivel 3.5,1.0,0,-0.02994388840189202
Constancia Escolar UTTT,Secretaría de Educación Pública,Universidad Tecnológica de Tula-Tepeji,10.0,1.0,0.0,Nivel 1,1.0,2,-0.26873974735284833
Trámite de Equivalencia de Estudios UPH,Secretaría de Educación Pública,Universidad Politécnica de Huejutla,86400.0,3.0,1.0,Nivel 2,1.0,2,0.44818497692619974
"Inscripción de convenios para fraccionar, lotificar o subdividir un predio (zonas urbanas, residenciales e industriales). (Registro Público de la Propiedad y del Comercio)",Secretaría de Gobierno,Dirección General del Instituto de la Función Registral,21600.0,4.0,1.0,Nivel 3.5,1.0,0,0.15987455488481822
Inscripción de créditos refaccionarios de habilitación o avío agrícola. (Registro Público de la Propiedad y del Comercio),Secretaría de Gobierno,Dirección General del Instituto de la Función Registral,21600.0,1.0,1.0,Nivel 3.5,1.0,0,-0.12536680851564413
"Reposición de Placas por robo, Extravío o Robo de Unidades Autorizadas por el Sistema de Transporte Convencional",Secretaría de Movilidad y Transporte,Sistema de Transporte Convencional de Hidalgo,30.0,4.0,1.0,Nivel 2,1.0,2,0.01729706916826615
Reporte Ciudadano en Materia de Protección Civil,Secretaría de Gobierno,Subsecretaría de Protección Civil y Gestión de Riesgos,28800.0,0.0,0.0,Nivel 1,0.0,1,-0.21297965489070847
Ingreso a Casa de Día del Sistema DIF Hidalgo,Organismos No Sectorizados,Sistema para el Desarrollo Integral de la Familia del Estado de Hidalgo,1440.0,4.0,0.0,,0.0,1,-0.1249427657156355
Préstamos prendarios,Organismos No Sectorizados,Sistema para el Desarrollo Integral de la Familia del Estado de Hidalgo,1440.0,1.0,0.0,,0.0,1,-0.4101841291160979
Historial Académico UTMIR,Secretaría de Educación Pública,Universidad Tecnológica de Mineral de la Reforma,4320.0,1.0,0.0,Nivel 3.1,1.0,2,0.07049715207585064
"Proceso y trámite de Adopción de Niñas, Niños y Adolescentes",Organismos No Sectorizados,Sistema para el Desarrollo Integral de la Familia del Estado de Hidalgo,1440.0,0.0,0.0,,0.0,1,-0.4101841291160979
Por si las Lluvias,Organismos No Sectorizados,Comisión Estatal para el Desarrollo Sostenible de los Pueblos Indígenas (CEDSPI),10.0,2.0,1.0,Nivel 2,0.0,1,-0.7851366408449747
Alta Provisional de Albacea de la Concesión del Servicio Público,Secretaría de Movilidad y Transporte,Sistema de Transporte Convencional de Hidalgo,30.0,7.0,1.0,,1.0,2,0.3739049089019134
Consejería en Salud Sexual y Reproductiva para Mujeres Jóvenes,Secretaría de Gobierno,Ciudad de las Mujeres,50.0,0.0,0.0,,0.0,1,-0.6323051967478351
Ortofoto a color escala 1:1000 derivado de vuelo con Dron.,Secretaría de Hacienda,Instituto Catastral,4320.0,3.0,1.0,,1.0,2,0.39244213648941306
Dictaminación de Avalúos (Catastral),Secretaría de Hacienda,Instituto Catastral,12960.0,8.0,1.0,Nivel 1,1.0,2,0.8067315466574831
"Copia de plano de la localidad, 60x90 cms (Catastral)",Secretaría de Hacienda,Instituto Catastral,4320.0,2.0,1.0,,1.0,2,0.39244213648941306
Concesiones y Permisos de Servicios Auxiliares y Conexos Autorizados por el Sistema de Transporte Convencional,Secretaría de Movilidad y Transporte,Sistema de Transporte Convencional de Hidalgo,30.0,11.0,1.0,,1.0,2,0.66451389135287
Historial Académico UPFIM,Secretaría de Educación Pública,Universidad Politécnica Francisco I. Madero,480.0,1.0,0.0,Nivel 1,1.0,2,0.25730032678752424
Extinción de Permisos de Servicio Privado y Complementario de Transporte de Personas y Bienes,Secretaría de Movilidad y Transporte,Sistema de Transporte Convencional de Hidalgo,30.0,2.0,1.0,,1.0,2,-0.02572302548443145
Transferencia por Sentencia de Adjudicación de la Concesión del Servicio de Transporte Público,Secretaría de Movilidad y Transporte,Sistema de Transporte Convencional de Hidalgo,30.0,10.0,1.0,,1.0,2,0.3739049089019134
Atención Temporal a Niñas y Niños acompañantes de usuarias,Secretaría de Gobierno,Ciudad de las Mujeres,1440.0,0.0,4.0,,0.0,1,0.3867944468545204
"Aviso de Previsiones de Compra Venta de Estupefacientes para Farmacias, Droguerías y Boticas",Secretaría de Salud,Secretaría de Salud,20.0,1.0,0.0,Nivel 1,0.0,1,-0.7616464335229305
Examen General de Egreso de la Licenciatura (ITSOEH)-IngenierÍas,Secretaría de Educación Pública,Instituto Tecnológico Superior del Occidente del Estado de Hidalgo,4320.0,2.0,0.0,,1.0,2,0.38611759514062177
Proceso de Incubación (ITSOEH),Secretaría de Educación Pública,Instituto Tecnológico Superior del Occidente del Estado de Hidalgo,43200.0,0.0,0.0,,1.0,2,0.43766890331790886
Protocolo de Titulación a Nivel Licenciatura (ITSOEH),Secretaría de Educación Pública,Instituto Tecnológico Superior del Occidente del Estado de Hidalgo,4320.0,4.0,0.0,,1.0,2,0.575936038427332
Cuota por Servicio de Extensión y Educación continua (ITSOEH),Secretaría de Educación Pública,Instituto Tecnológico Superior del Occidente del Estado de Hidalgo,43200.0,0.0,0.0,,1.0,2,0.43766890331790886
Curso de Idiomas (ITSOEH),Secretaría de Educación Pública,Instituto Tecnológico Superior del Occidente del Estado de Hidalgo,10080.0,1.0,0.0,,1.0,2,0.35860983854000417
Expedición de Constancias de No inhabilitación,Secretaría de Contraloría,Secretaría de Controlaría,2880.0,0.0,1.0,,1.0,2,0.19642566004532694
Curso de Asignatura de 120 horas o más,Secretaría de Educación Pública,Instituto Tecnológico Superior del Occidente del Estado de Hidalgo,4320.0,1.0,0.0,,1.0,2,0.29069467502686963
Permiso Sanitario para Traslado de Cadáveres o Restos Áridos Fuera del Territorio Estatal,Secretaría de Salud,Secretaría de Salud,20.0,1.0,1.0,Nivel 1,1.0,2,-0.2105767115364755
Aprobación del Plan de Manejo de Residuos de Manejo Especial.,Secretaría de Medio Ambiente y Recursos Naturales,Secretaría de Medio Ambiente y Recursos Naturales,86400.0,1.0,2.0,Nivel 2,1.0,2,0.7505114943421966
Autorización para la Operación de sitios de Disposición Final para Residuos Provenientes de la Construcción,Secretaría de Medio Ambiente y Recursos Naturales,Secretaría de Medio Ambiente y Recursos Naturales,43200.0,1.0,1.0,,0.0,1,-0.10075173597096337
Autorización para Prestar Servicios de Seguridad Privada en el Estado.,Secretaría de Seguridad Pública,Secretaría de Seguridad Pública,14400.0,11.0,12.0,Nivel 1,1.0,2,1.8964404361668161
Consulta externa de pediatría y especialidades en el Hospital del Niño DIF Hidalgo,Organismos No Sectorizados,Sistema para el Desarrollo Integral de la Familia del Estado de Hidalgo,1440.0,1.0,0.0,Nivel 1,0.0,1,-0.48358330343310424
Inicio de Carpetas de Investigación Presencial,Procuraduría General de Justicia,Procuraduría General de Justicia,120.0,0.0,0.0,Nivel 1,0.0,1,-0.6364424489163769
Certificado de Inscripción (Registro Público de la Propiedad y del Comercio),Secretaría de Gobierno,Dirección General del Instituto de la Función Registral,8640.0,1.0,2.0,Nivel 3.5,1.0,0,0.23653304527754554
Pago de Derechos Anuales de las Unidades Autorizadas por el Sistema de Transporte Convencional,Secretaría de Movilidad y Transporte,Sistema de Transporte Convencional de Hidalgo,30.0,2.0,1.0,Nivel 2,1.0,2,-0.17252137411844404
Inscripción en el Padrón de Proveedores (Persona Física),Secretaría de Contraloría,Secretaría de Controlaría,1440.0,0.0,0.0,,0.0,1,-0.4101841291160979
Registro Estatal de Consultores en Materia de Protección Civil,Secretaría de Gobierno,Subsecretaría de Protección Civil y Gestión de Riesgos,43200.0,0.0,0.0,Nivel 1,1.0,2,0.3642697290009026
Por la supervisión y emisión de opiniones técnicas de factibilidad de usos de suelo de impacto significativo,Secretaría de Gobierno,Subsecretaría de Protección Civil y Gestión de Riesgos,43200.0,0.0,0.0,Nivel 1,1.0,2,0.3642697290009026
Pago de bases Licitaciones Públicas Estatales,Secretaría de Infraestructura Pública y Desarrollo Urbano Sostenible,Secretaría de Infraestructura Pública y Desarrollo Urbano Sostenible,10.0,1.0,1.0,Nivel 1,1.0,2,-0.262415206004057
"Por la supervisión y la emisión de opiniones técnicas de establecimientos comerciales, industriales, de espectáculos públicos y de servicios instalados o que pretendan instalarse en el territorio del Estado",Secretaría de Gobierno,Subsecretaría de Protección Civil y Gestión de Riesgos,43200.0,0.0,0.0,Nivel 1,1.0,2,0.3642697290009026
Inscripción nivel licenciatura UPH,Secretaría de Educación Pública,Universidad Politécnica de Huejutla,30.0,3.0,1.0,Nivel 2,1.0,2,-0.17252137411844404
Préstamo de documentos históricos,Oficialía Mayor,Oficialía Mayor,30.0,0.0,0.0,Nivel 1,0.0,1,-0.7456148419016448
Atención Ciudadana y Recepción de Quejas o Denuncias en contra de Servidores Públicos de la PGJH,Procuraduría General de Justicia,Procuraduría General de Justicia,60.0,2.0,0.0,Nivel 1,0.0,1,-0.5959275987486778
Por la Expedición y Entrega de un ejemplar del Periódico Oficial.,Secretaría de Gobierno,Secretaría de Gobierno,255.0,0.0,0.0,Nivel 3.7,1.0,0,-0.380453905291244
Inscripción en el Padrón de Proveedores (Persona Moral),Secretaría de Contraloría,Secretaría de Controlaría,1440.0,0.0,0.0,,0.0,1,-0.4101841291160979
Certificación de Copias Expedidas por el Sistema de Transporte Convencional,Secretaría de Movilidad y Transporte,Sistema de Transporte Convencional de Hidalgo,30.0,2.0,1.0,,1.0,2,-0.02572302548443145
Transferencia de Concesión del Servicio de Transporte Público,Secretaría de Movilidad y Transporte,Sistema de Transporte Convencional de Hidalgo,30.0,8.0,1.0,,1.0,2,0.3739049089019134
Sustitución Vehicular de Unidades Autorizadas por el Sistema de Transporte Convencional,Secretaría de Movilidad y Transporte,Sistema de Transporte Convencional de Hidalgo,30.0,9.0,1.0,,1.0,2,0.3739049089019134
Autorización de Cambio de Número de Motor para las Unidades Autorizadas por el Sistema de Transporte Convencional,Secretaría de Movilidad y Transporte,Sistema de Transporte Convencional de Hidalgo,30.0,3.0,1.0,,1.0,2,-0.02572302548443145
Cancelación de Actos Jurídicos (Registro Público de la Propiedad y del Comercio),Secretaría de Gobierno,Dirección General del Instituto de la Función Registral,21600.0,2.0,1.0,Nivel 3.5,1.0,0,-0.02994388840189202
Depósito de Testamento Ológrafo (Registro Público de la Propiedad y del Comercio),Secretaría de Gobierno,Dirección General del Instituto de la Función Registral,21600.0,2.0,1.0,,1.0,2,0.4838503318171523
Devolución de un documento sin inscripción por causas no imputables al Registro Público de la Propiedad.,Secretaría de Gobierno,Dirección General del Instituto de la Función Registral,7200.0,1.0,0.0,Nivel 3.5,1.0,0,-0.18215534467647698
Certificado de no Inscripción (Registro Público de la Propiedad y del Comercio),Secretaría de Gobierno,Dirección General del Instituto de la Función Registral,8640.0,6.0,2.0,Nivel 3.5,1.0,0,0.5217744086780078
Inscripción de accesión de construcciones (Registro Público de la Propiedad y del Comercio),Secretaría de Gobierno,Dirección General del Instituto de la Función Registral,21600.0,7.0,1.0,Nivel 3.5,1.0,0,0.36968404598445287
Inscripción de actas de asamblea de socios o juntas de administradores (Registro Público de la Propiedad y del Comercio),Secretaría de Gobierno,Dirección General del Instituto de la Función Registral,21600.0,2.0,1.0,Nivel 3.5,1.0,0,-0.02994388840189202
Inscripción de apeo o deslinde. (Registro Público de la Propiedad y del Comercio),Secretaría de Gobierno,Dirección General del Instituto de la Función Registral,21600.0,3.0,1.0,Nivel 3.5,1.0,0,-0.02994388840189202
Inscripción de aportaciones de bienes inmuebles. (Registro Público de la Propiedad y del Comercio),Secretaría de Gobierno,Dirección General del Instituto de la Función Registral,21600.0,6.0,1.0,,1.0,2,0.6736687751038625
Inscripción de compra-venta a plazos con reserva de dominio. (Registro Público de la Propiedad y del Comercio),Secretaría de Gobierno,Dirección General del Instituto de la Función Registral,21600.0,7.0,1.0,Nivel 3.5,1.0,0,0.36968404598445287
Inscripción de cualquier clase de testamento. (Registro Público de la Propiedad y del Comercio),Secretaría de Gobierno,Dirección General del Instituto de la Función Registral,21600.0,3.0,1.0,Nivel 3.5,1.0,0,-0.02994388840189202
Inscripción de cualquier otro título registrable conforme a la Ley. (Registro Público de la Propiedad y del Comercio),Secretaría de Gobierno,Dirección General del Instituto de la Función Registral,21600.0,2.0,1.0,Nivel 3.5,1.0,0,-0.02994388840189202
Inscripción de disolución de la sociedad conyugal en lo referente a bienes inmuebles. (Registro Público de la Propiedad y del Comercio),Secretaría de Gobierno,Dirección General del Instituto de la Función Registral,21600.0,1.0,1.0,Nivel 3.5,1.0,0,-0.12536680851564413
Inscripción de división de copropiedad. (Registro Público de la Propiedad y del Comercio),Secretaría de Gobierno,Dirección General del Instituto de la Función Registral,21600.0,6.0,1.0,Nivel 3.5,1.0,0,0.15987455488481822
Inscripción de documentos de valor determinado referente a sociedades de producción rural. (Registro Público de la Propiedad y del Comercio),Secretaría de Gobierno,Dirección General del Instituto de la Función Registral,21600.0,2.0,1.0,Nivel 3.5,1.0,0,-0.02994388840189202
"Inscripción de emisión de obligaciones, acciones, cédula y certificado de participación.. (Registro Público de la Propiedad y del Comercio)",Secretaría de Gobierno,Dirección General del Instituto de la Función Registral,21600.0,2.0,1.0,Nivel 3.5,1.0,0,-0.02994388840189202
Inscripción de fusión de sociedades. (Registro Público de la Propiedad y del Comercio),Secretaría de Gobierno,Dirección General del Instituto de la Función Registral,21600.0,2.0,1.0,Nivel 3.5,1.0,0,-0.02994388840189202
Inscripción de informaciones posesorías. (Registro Público de la Propiedad y del Comercio),Secretaría de Gobierno,Dirección General del Instituto de la Función Registral,21600.0,4.0,1.0,Nivel 3.5,1.0,0,0.15987455488481822
Inscripción de la autorización para vender o gravar bienes de menores o incapaces. (Registro Público de la Propiedad y del Comercio),Secretaría de Gobierno,Dirección General del Instituto de la Función Registral,21600.0,2.0,1.0,Nivel 3.5,1.0,0,-0.02994388840189202
Inscripción de la cancelación de créditos otorgados por Instituciones de crédito. (Registro Público de la Propiedad y del Comercio),Secretaría de Gobierno,Dirección General del Instituto de la Función Registral,21600.0,3.0,1.0,Nivel 3.5,1.0,0,-0.02994388840189202
Inscripción de la modificación al Acta Constitutiva que no implique aumento de capital. (Registro Público de la Propiedad y del Comercio),Secretaría de Gobierno,Dirección General del Instituto de la Función Registral,21600.0,2.0,1.0,Nivel 3.5,1.0,0,-0.02994388840189202
Inscripción de limitaciones o gravámenes a la propiedad de inmuebles. (Registro Público de la Propiedad y del Comercio),Secretaría de Gobierno,Dirección General del Instituto de la Función Registral,21600.0,2.0,1.0,Nivel 3.5,1.0,0,-0.02994388840189202
Inscripción de operaciones que limiten o graven bienes muebles. (Registro Público de la Propiedad y del Comercio),Secretaría de Gobierno,Dirección General del Instituto de la Función Registral,21600.0,2.0,1.0,Nivel 3.5,1.0,0,-0.02994388840189202
Inscripción de poderes. (Registro Público de la Propiedad y del Comercio),Secretaría de Gobierno,Dirección General del Instituto de la Función Registral,21600.0,2.0,1.0,Nivel 3.5,1.0,0,-0.02994388840189202
Inscripción de providencias precautorias de carácter mercantil. (Registro Público de la Propiedad y del Comercio),Secretaría de Gobierno,Dirección General del Instituto de la Función Registral,21600.0,2.0,1.0,Nivel 3.5,1.0,0,-0.02994388840189202
Inscripción de resoluciones de información Ad'perpetuam. (Registro Público de la Propiedad y del Comercio),Secretaría de Gobierno,Dirección General del Instituto de la Función Registral,21600.0,5.0,1.0,Nivel 3.5,1.0,0,0.15987455488481822
Inscripción de revocación o renuncia de poderes. (Registro Público de la Propiedad y del Comercio),Secretaría de Gobierno,Dirección General del Instituto de la Función Registral,21600.0,2.0,1.0,Nivel 3.5,1.0,0,-0.02994388840189202
Inscripción de suspensión de pagos o declaración de concursos. (Registro Público de la Propiedad y del Comercio),Secretaría de Gobierno,Dirección General del Instituto de la Función Registral,21600.0,2.0,1.0,,1.0,2,0.4838503318171523
Inscripción de todas las operaciones que impliquen transmisión de propiedad. (Registro Público de la Propiedad y del Comercio),Secretaría de Gobierno,Dirección General del Instituto de la Función Registral,21600.0,6.0,1.0,,1.0,2,0.6736687751038625
Inscripción del auto de ejecución de embargo. (Registro Público de la Propiedad y del Comercio),Secretaría de Gobierno,Dirección General del Instituto de la Función Registral,21600.0,3.0,1.0,,1.0,2,0.4838503318171523
Inscripción por asociación en participación. (Registro Público de la Propiedad y del Comercio),Secretaría de Gobierno,Dirección General del Instituto de la Función Registral,21600.0,3.0,1.0,,1.0,2,0.4838503318171523
Inscripción por Repudio de Herencia. (Registro Público de la Propiedad y del Comercio),Secretaría de Gobierno,Dirección General del Instituto de la Función Registral,21600.0,2.0,1.0,,1.0,2,0.4838503318171523
Registro de Perito,Secretaría de Educación Pública,Secretaría de Educación Pública,4320.0,5.0,2.0,Nivel 2,1.0,2,0.8332116686718598
Atención a Personas que Acuden a Realizar Donación de Sangre,Secretaría de Salud,Secretaría de Salud,180.0,4.0,0.0,Nivel 1,0.0,1,-0.08055683603600905
"Por la supervisión y emisión de opiniones técnicas diversas relacionadas con Gas L.P., estaciones de carburación, bodega y derivados del Petróleo",Secretaría de Gobierno,Subsecretaría de Protección Civil y Gestión de Riesgos,43200.0,0.0,0.0,Nivel 1,1.0,2,0.3642697290009026
"Solicitud de Licencia Sanitaria para Farmacias, o Boticas con Venta de Medicamentos Controlados",Secretaría de Salud,Secretaría de Salud,86400.0,2.0,0.0,Nivel 1,1.0,2,0.5152596098944147
Autorización de Campañas o Jornadas Médicas para Prestación de Servicios de Salud.,Secretaría de Salud,Secretaría de Salud,21600.0,2.0,3.0,Nivel 1,0.0,1,0.5425489479050256
Autenticación y Registro de Certificados de Estudios de nivel licenciatura y posgrado,Secretaría de Educación Pública,Secretaría de Educación Pública,7200.0,13.0,1.0,Nivel 1,1.0,2,1.0502240795254059
Solicitud de Visita de Verificación de Medicamentos que Sean o Contengan Estupefacientes Modalidad A. Destrucción.,Secretaría de Salud,Secretaría de Salud,43200.0,3.0,0.0,Nivel 1,1.0,2,0.4596926491146547
Reinscripción nivel licenciatura UPH,Secretaría de Educación Pública,Universidad Politécnica de Huejutla,30.0,1.0,1.0,Nivel 2,1.0,2,-0.2679442942321962
Exámen de Ingreso a nivel licenciatura UPH,Secretaría de Educación Pública,Universidad Politécnica de Huejutla,1440.0,2.0,1.0,,1.0,2,0.2363085129841091
Levantamiento Topográficos de Predios (Catastral),Secretaría de Hacienda,Instituto Catastral,5760.0,3.0,1.0,Nivel 1,1.0,2,0.3421010813245232
Prorroga de Trámite Modalidad Autorización de Fraccionamiento,Secretaría de Infraestructura Pública y Desarrollo Urbano Sostenible,Secretaría de Infraestructura Pública y Desarrollo Urbano Sostenible,25.0,9.0,1.0,Nivel 1,1.0,2,0.30159584835625347
Cancelación de Derecho de Tanto,Secretaría de Infraestructura Pública y Desarrollo Urbano Sostenible,Comisión Estatal de Vivienda,30.0,2.0,1.0,,1.0,2,-0.02572302548443145
Proyecto de Lotificación,Secretaría de Infraestructura Pública y Desarrollo Urbano Sostenible,Comisión Estatal de Vivienda,30.0,3.0,1.0,,1.0,2,-0.02572302548443145
Cambio de Nombre en la Tarjeta de Circulación por Conclusión de la Transferencia de los Derechos de la Concesión de Transporte Público,Secretaría de Movilidad y Transporte,Sistema de Transporte Convencional de Hidalgo,1440.0,2.0,1.0,Nivel 2,0.0,1,-0.4552350162875671
Asignación o Cambio de Cromática y Asignación de Clave Mnemotécnica,Secretaría de Movilidad y Transporte,Sistema de Transporte Convencional de Hidalgo,30.0,3.0,1.0,Nivel 2,1.0,2,-0.17252137411844404
Transferencia por Designación de Persona Beneficiaria de la Concesión del Servicio Transporte Público,Secretaría de Movilidad y Transporte,Sistema de Transporte Convencional de Hidalgo,30.0,11.0,1.0,,1.0,2,0.66451389135287
Copias certificadas de pagos de Control Vehicular,Secretaría de Hacienda,Secretaría de Hacienda,28800.0,1.0,1.0,,1.0,2,0.4114892414127528
Inscripción de actos cuando se presenten en documentos separados. (Registro Público de la Propiedad y del Comercio),Secretaría de Gobierno,Dirección General del Instituto de la Función Registral,21600.0,2.0,1.0,,1.0,2,0.4838503318171523
Constancia de estudios UTVAM,Secretaría de Educación Pública,Universidad Tecnológica de la Zona Metropolitana del Valle de México,2880.0,2.0,0.0,Nivel 4.3,1.0,0,-0.742064401627801
Centro Asistencial La Casita,Organismos No Sectorizados,Sistema para el Desarrollo Integral de la Familia del Estado de Hidalgo,1440.0,0.0,0.0,Nivel 1,0.0,1,-0.48358330343310424
Pago de Créditos Fiscales derivado de multas estatales no fiscales,Secretaría de Hacienda,Secretaría de Hacienda,15.0,1.0,1.0,,0.0,1,-0.7037229687130979
Orientación en materia fiscal,Secretaría de Hacienda,Secretaría de Hacienda,129600.0,1.0,1.0,,0.0,1,0.14865726497307702
Reposición por Robo o Extravìo del Tarjetón para Personas Conductoras del Tuzobús,Secretaría de Movilidad y Transporte,Sistema de Transporte Masivo de Hidalgo,1440.0,4.0,1.0,Nivel 1,1.0,2,0.35272778195381305
Credencial Institucional (ITSOEH),Secretaría de Educación Pública,Instituto Tecnológico Superior del Occidente del Estado de Hidalgo,7200.0,2.0,0.0,,1.0,2,0.4270617956563194
Reposición de Credencial UPH,Secretaría de Educación Pública,Universidad Politécnica de Huejutla,30.0,1.0,0.0,Nivel 2,1.0,2,-0.27426883558098747
Trámite para titulación UPE,Secretaría de Educación Pública,Universidad Politécnica de la Energía,5760.0,5.0,0.0,,1.0,2,0.5989941575794485
Constancia de terminación de estadía UPP,Secretaría de Educación Pública,Universidad Politécnica de Pachuca,4320.0,11.0,3.0,Nivel 2,0.0,1,1.0679784950975815
Designación de Persona Beneficiaria de la Concesión del Servicio de Transporte Público,Secretaría de Movilidad y Transporte,Sistema de Transporte Convencional de Hidalgo,30.0,2.0,1.0,,1.0,2,-0.02572302548443145
Inscripción a la UICEH,Secretaría de Educación Pública,Universidad Intercultural del Estado de Hidalgo,90.0,5.0,0.0,Nivel 1,1.0,2,0.17070188110078816
Reinscripción a la UICEH,Secretaría de Educación Pública,Universidad Intercultural del Estado de Hidalgo,75.0,2.0,1.0,Nivel 1,1.0,2,-0.027232288394850368
Expedición de Tarifario,Secretaría de Movilidad y Transporte,Sistema de Transporte Convencional de Hidalgo,30.0,2.0,1.0,Nivel 2,1.0,2,-0.17252137411844404
Por informe de aviso de testamento,Secretaría de Gobierno,Dirección General del Archivo General de Notarías,1440.0,0.0,1.0,,1.0,2,0.14088559287035698
Trámite de pista para aterrizaje,Secretaría de Seguridad Pública,Secretaría de Seguridad Pública,10.0,0.0,0.0,Nivel 1,1.0,2,-0.26873974735284833
Trámite de pernocta,Secretaría de Seguridad Pública,Secretaría de Seguridad Pública,10.0,4.0,1.0,Nivel 1,1.0,2,0.022826157396405367
Casa de la mujer indígena,Organismos No Sectorizados,Comisión Estatal para el Desarrollo Sostenible de los Pueblos Indígenas (CEDSPI),1440.0,2.0,1.0,,0.0,1,-0.3084366676535545
INSCRIPCIÓN O ANOTACIÓN QUE NO MODIFICA EL DERECHO INSCRITO. (REGISTRO PÚBLICO DE LA PROPIEDAD Y DEL COMERCIO),Secretaría de Gobierno,Dirección General del Instituto de la Función Registral,21600.0,2.0,1.0,,1.0,2,0.4838503318171523
"Expedición de Copias Certificadas en Libros (del año 2015 y Años Anteriores), e Impresión de Folios a partir del año 2015 (Registro Público de la Propiedad y del Comercio)",Secretaría de Gobierno,Dirección General del Instituto de la Función Registral,7200.0,1.0,2.0,Nivel 3.5,1.0,0,0.22191863420206331
Visita al museo de documentos históricos,Oficialía Mayor,Oficialía Mayor,60.0,0.0,0.0,Nivel 1,0.0,1,-0.69135051886243
Inscripción de fusión de predios. (Registro Público de la Propiedad y del Comercio),Secretaría de Gobierno,Dirección General del Instituto de la Función Registral,21600.0,3.0,1.0,Nivel 3.5,1.0,0,-0.02994388840189202
Inscripción de inmatriculación. (Registro Público de la Propiedad y del Comercio),Secretaría de Gobierno,Dirección General del Instituto de la Función Registral,21600.0,7.0,1.0,Nivel 3.5,1.0,0,0.36968404598445287
Inscripción del régimen de propiedad en condominio. (Registro Público de la Propiedad y del Comercio),Secretaría de Gobierno,Dirección General del Instituto de la Función Registral,21600.0,4.0,1.0,,1.0,2,0.6736687751038625
Atención a Solicitudes de Componentes de la Sangre para la Atención de Pacientes,Secretaría de Salud,Secretaría de Salud,90.0,3.0,1.0,Nivel 1,1.0,2,-0.012792020837130824
Levantamiento Topográfico de poligonales (Catastral),Secretaría de Hacienda,Instituto Catastral,4320.0,4.0,1.0,Nivel 1,1.0,2,0.508861405459117
