Idtram,Tramite,Secretaria,Dependencia,Domicilio,TraPersona,Tiempo_en_minutos,N_FORMATOS_FINAL,CONTEO_NETO,nivel_digitalizacion,TraResolucionesFavorables,TraResolucionesNegativas,Porcentaje_Efectividad,TraCosto,Unnamed: 14,N,costo,nivel_digitalizacion_numT,tiempo_log,tiempo_bin,requisitos_bin,formatos_bin,nivel_tiempo,I_tiempo,I_tiempo_norm,Complejidad_tPCA,Complejidad_tPCA_norm,indice_tiempo,tiempo_0.3,tiempo_0.5,tiempo_0.7,rank_03,rank_05,rank_07,cambio,indice_base,dominancia,sensibilidad,tipo_analisis,tipo_dominancia,I_requisitos,I_formatos,I_digital,I_costo,I_requisitos_norm,I_formatos_norm,I_digital_norm,I_costo_norm,indice_complejidad,indice_complejidad_w,indice_sin_costo,rank_con,rank_sin,indice_complejidad_costo,digital_norm,indice_complejidad_ajuste,Complejidad_F1PCA,Complejidad_F1PCA_norm,I_requisitos_norm_z,I_formatos_norm_z,indice_tiempo_z,digital_norm_z,costo_z,indice_z,suma_N,suma_N_z,indice_z2,rank_z,rank_z2,cluster
7679.0,Transporte Público Masivo de Pasajeros Tuzobús.,Secretaría de Movilidad y Transporte,Sistema de Transporte Masivo de Hidalgo,Calle s/n Venta Prieta 42083 Pachuca De Soto Pachuca De Soto,Social,5.0,0.0,1.0,Nivel 1,21096550.0,0.0,100.0,VERDADERO,,1.0,1.0,1.0,1.791759469228055,"(1.645, 3.29]",0,0,-1.7140032659834012,1.8846665238145945,0.9063330158789191,1.3135023321578627,0.3719902468443461,-0.40383512505224106,-0.9279023814247052,-0.40383512505224106,0.12023213132022292,2.5,2.5,2.5,9.0,-0.40383512505224106,2.62033628186232,0.0,Dominado por rareza,Rareza,0.7503940547476008,0.7794752640484426,0.9314425368947573,0.35774963506849783,0.18293853110111424,0.17116739925186739,0.14330354688063304,0.2977600207297401,0.07826687458222274,0.0026628922296548425,0.023393588045343416,2.0,2.0,1.0935743521813737,0.9285714285714286,1.8788422338721693,-0.27789975303686415,0.21470379995186376,-0.6876167590336059,-0.3310191299741076,-1.6323450771003065,0.3558480270647038,0.6553325481355352,-0.3279600781815562,0.35410593035298166,-0.6481640977248081,-0.31733214990621894,153.0,162.0,2
1743.0,Impuesto sobre Tenencia y Refrendo Vehicular (para vehículo particular y de demostración),Secretaría de Hacienda,Secretaría de Hacienda,Calle No. 1 Centro 42500 Pachuca De Soto Pachuca De Soto,Ambos,10.0,2.0,8.0,Nivel 4.1,368871.0,0.0,100.0,VERDADERO,,10.0,1.0,12.0,2.3978952727983707,"(1.645, 3.29]",3,2,-1.5143144958471932,1.8846665238145945,0.9063330158789191,1.1721947624024158,0.3515865938748723,-0.30399073998413706,-0.7881202423293596,-0.30399073998413706,0.18013876236108534,21.0,18.0,18.0,-244.0,-0.30399073998413706,2.4206475117261124,3.0,Dominado por rareza,Rareza,2.8622008809294686,2.6931245508855346,3.6094152827596893,0.35774963506849783,0.6977758173332946,0.5913916021429794,0.5553128525877803,0.2977600207297401,0.36764991056193147,0.06338206175224878,0.3851223830199793,371.0,487.0,2.540489532079917,0.1428571428571429,2.1280338223492796,4.07812588699287,0.847314090069827,2.3745329276275564,2.2980662882233824,-1.4379754668868243,-2.8737156428835746,0.6553325481355352,0.20324813084321508,1.2891674194762741,2.9483352357897408,-0.17700583146128074,482.0,238.0,0
9229.0,Canje de Placas,Secretaría de Hacienda,Secretaría de Hacienda,Calle 801 Canutillo 42060 Pachuca De Soto Pachuca De Soto,Ambos,20.0,3.0,10.0,,423743.0,0.0,100.0,VERDADERO,,13.0,1.0,0.0,3.044522437723423,"(1.645, 3.29]",3,3,-1.3012860250986122,1.8846665238145945,0.9063330158789191,1.0214474997012368,0.32981992674178046,-0.19747650460984656,-0.6390003128053527,-0.19747650460984656,0.24404730358565963,77.5,72.5,142.5,-10.0,-0.19747650460984656,2.2076190409775314,65.0,Dominado por rareza,Rareza,2.8622008809294686,4.014880390867853,1.157452788691043,0.35774963506849783,0.6977758173332946,0.881640080844775,0.1780754940817648,0.2977600207297401,0.3715549816759456,0.05941802871222855,0.390003721912497,375.0,492.0,2.560014887649988,1.0,3.3819393935682234,3.637936378463105,0.7833869152297823,2.3745329276275564,4.113973220187095,-1.2306214890164984,0.649444724332729,0.6553325481355352,1.3125323862532834,1.5794158981780697,4.064709369840918,1.0347162883231706,660.0,650.0,0
533.0,Servicio de laboratorio clínico en el Hospital del Niño DIF Hidalgo,Organismos No Sectorizados,Sistema para el Desarrollo Integral de la Familia del Estado de Hidalgo,Boulevard s/n Venta Prieta 42083 Pachuca De Soto Pachuca De Soto,Social,1440.0,0.0,2.0,Nivel 1,620.0,0.0,100.0,FALSO,,2.0,0.0,1.0,7.273092595999522,"(6.579, 8.224]",1,0,0.09179778444881183,1.3639886036055924,0.6559398647502834,-0.6454347264697414,0.08913581800905887,0.3738688245995476,0.2610404085392533,0.3738688245995476,0.4866972406598419,301.0,292.0,287.0,1.0,0.3738688245995476,0.5641420803014716,14.0,Dominado por rareza,Rareza,1.157452788691043,0.7794752640484426,0.9314425368947573,1.2014696741078175,0.2821753605887091,0.17116739925186739,0.14330354688063304,1.0,0.39410302626415145,0.06488057833265706,0.2426287828301893,444.5,265.5,0.9705151313207572,0.9285714285714286,1.7557830130115528,-1.060438688186875,0.10105842141123808,-0.09737585293178269,-0.3310191299741076,-0.11836896865719373,0.3558480270647038,-1.5236481744151193,-0.34291281978269994,0.4533427598405765,-0.26647241726980003,-0.3881603833193523,144.5,145.5,1
10885.0,Cambio de Propietario,Secretaría de Hacienda,Secretaría de Hacienda,Calle 1 Centro 42500 Actopan Actopan,Ambos,1440.0,2.0,7.0,,88932.0,0.0,100.0,VERDADERO,,9.0,1.0,0.0,7.273092595999522,"(6.579, 8.224]",3,2,0.09179778444881183,1.3639886036055924,0.6559398647502834,-0.6454347264697414,0.08913581800905887,0.3738688245995476,0.2610404085392533,0.3738688245995476,0.4866972406598419,301.0,292.0,287.0,-10.0,0.3738688245995476,0.5641420803014716,14.0,Dominado por rareza,Rareza,2.8622008809294686,2.6931245508855346,1.157452788691043,0.35774963506849783,0.6977758173332946,0.5913916021429794,0.1780754940817648,0.2977600207297401,0.42777435177746537,0.08284063479016435,0.46027793453939664,516.0,574.0,2.8411117381575863,1.0,3.6630362440758217,2.6998713627131514,0.6471550307546856,2.3745329276275564,2.2980662882233824,-0.11836896865719373,0.649444724332729,0.6553325481355352,1.171801503932402,1.2891674194762741,2.9483352357897408,1.0336858849002026,659.0,649.0,0
983.0,Certificado de Existencia o Inexistencia de Gravamen (Registro Público de la Propiedad y del Comercio),Secretaría de Gobierno,Dirección General del Instituto de la Función Registral,Avenida 907 Las Terrazas 42094 Pachuca De Soto Pachuca De Soto,Ambos,8640.0,2.0,1.0,,47334.0,0.0,100.0,VERDADERO,,3.0,1.0,0.0,9.0642735958414,"(8.224, 9.869]",0,2,0.6818944737434162,1.9459101490553135,0.9357849740192016,-0.30181766573522545,0.13875130056071056,0.8088397238813089,0.7580616238261517,0.8088397238813089,0.8596178239364659,475.0,475.0,526.0,11.0,0.8088397238813089,0.2538905002757854,51.0,Dominado por rareza,Rareza,0.7503940547476008,2.6931245508855346,1.157452788691043,0.35774963506849783,0.18293853110111424,0.5913916021429794,0.1780754940817648,0.2977600207297401,0.4118010743873815,0.0877957652350079,0.4403113378017918,482.5,547.5,2.7612453512071675,1.0,3.5831698571254025,0.6373289533342947,0.3476192474967948,-0.6876167590336059,2.2980662882233824,0.7283999717287417,0.649444724332729,0.6553325481355352,0.7287253546773564,0.7743301332440936,0.968131817789353,0.7503272654965897,620.5,631.5,0
1064.0,Asesoría Jurídica.,Secretaría de Gobierno,Dirección General del Instituto de Defensoría Pública,Calle 102 Real de Minas 42090 Pachuca De Soto Pachuca De Soto,Ambos,0.0,0.0,0.0,Nivel 1,4207.0,0.0,100.0,FALSO,,0.0,0.0,1.0,0.0,"(-0.0142, 1.645]",0,0,-2.304290529468817,4.890349128221754,2.35176081183373,5.662847625077341,1.0,0.023735141182456454,-0.9074751270780529,0.023735141182456454,0.9549454094429657,6.0,212.0,601.0,5.0,0.023735141182456454,4.656051341302547,595.0,Dominado por rareza,Rareza,0.7503940547476008,0.7794752640484426,0.9314425368947573,1.2014696741078175,0.18293853110111424,0.17116739925186739,0.14330354688063304,1.0,0.30422892368321425,0.04089188802648275,0.1302861546040178,251.5,105.5,0.5211446184160712,0.9285714285714286,1.3064125001068667,-1.38622117070381,0.05374617676178243,-0.6876167590336059,-0.3310191299741076,-0.7999831377661539,0.3558480270647038,-1.5236481744151193,-0.5972838348248566,0.35410593035298166,-0.6481640977248081,-0.6539868457103444,52.5,57.5,1
572.0,Expedición de Constancia de NO Antecedentes Penales,Procuraduría General de Justicia,Procuraduría General de Justicia,Calle S/N Centro Cívico 42083 Pachuca De Soto Pachuca De Soto,Social,60.0,1.0,5.0,Nivel 2,38726.0,0.0,100.0,VERDADERO,,6.0,1.0,2.0,4.110873864173311,"(3.29, 4.934]",2,1,-0.9499812454988917,1.754854912292604,0.8439068264813923,0.6030482046840534,0.2694065035049546,-0.05303720950874974,-0.41181482390480656,-0.05303720950874974,0.30574040488730697,199.5,194.5,194.5,-50.0,-0.05303720950874974,1.7938880719802839,5.0,Dominado por rareza,Rareza,1.9671875475025984,0.8094275863317937,2.2512917986064953,0.35774963506849783,0.4795805591257976,0.1777447229249331,0.3463639323142087,0.2977600207297401,0.24968240511718598,0.04508753393726605,0.23766300121404743,176.0,261.0,1.95065200485619,0.8571428571428572,2.4614309296848385,0.9356593489537338,0.3909447220737838,1.0767509692910755,-0.28986884486284525,-0.9494378303744968,0.06225132979667862,0.6553325481355352,0.11100563439718944,0.6573252820507307,0.5180995212722059,0.07156139220748074,421.0,371.0,2
490.0,Radiología e Imagenología del Hospital del Niño DIF Hidalgo,Organismos No Sectorizados,Sistema para el Desarrollo Integral de la Familia del Estado de Hidalgo,Boulevard s/n Venta Prieta 42083 Pachuca De Soto Pachuca De Soto,Social,1440.0,0.0,1.0,Nivel 1,413.0,0.0,100.0,FALSO,,1.0,0.0,1.0,7.273092595999522,"(6.579, 8.224]",0,0,0.09179778444881183,1.3639886036055924,0.6559398647502834,-0.6454347264697414,0.08913581800905887,0.3738688245995476,0.2610404085392533,0.3738688245995476,0.4866972406598419,301.0,292.0,287.0,3.0,0.3738688245995476,0.5641420803014716,14.0,Dominado por rareza,Rareza,0.7503940547476008,0.7794752640484426,0.9314425368947573,1.2014696741078175,0.18293853110111424,0.17116739925186739,0.14330354688063304,1.0,0.37425566036663244,0.06101666199389237,0.2178195754582906,389.0,188.0,0.8712783018331623,0.9285714285714286,1.6565461835239579,-1.4441338664836663,0.04533571954542908,-0.6876167590336059,-0.3310191299741076,-0.11836896865719373,0.3558480270647038,-1.5236481744151193,-0.4609610010030646,0.35410593035298166,-0.6481640977248081,-0.48358330343310435,92.0,95.0,1
1095.0,Patrocinio Jurídico.,Secretaría de Gobierno,Dirección General del Instituto de Defensoría Pública,Calle 102 Real de Minas 42090 Pachuca De Soto Pachuca De Soto,Social,1440.0,0.0,1.0,Nivel 1,51492.0,0.0,100.0,FALSO,,1.0,0.0,1.0,7.273092595999522,"(6.579, 8.224]",0,0,0.09179778444881183,1.3639886036055924,0.6559398647502834,-0.6454347264697414,0.08913581800905887,0.3738688245995476,0.2610404085392533,0.3738688245995476,0.4866972406598419,301.0,292.0,287.0,3.0,0.3738688245995476,0.5641420803014716,14.0,Dominado por rareza,Rareza,0.7503940547476008,0.7794752640484426,0.9314425368947573,1.2014696741078175,0.18293853110111424,0.17116739925186739,0.14330354688063304,1.0,0.37425566036663244,0.06101666199389237,0.2178195754582906,389.0,188.0,0.8712783018331623,0.9285714285714286,1.6565461835239579,-1.4441338664836663,0.04533571954542908,-0.6876167590336059,-0.3310191299741076,-0.11836896865719373,0.3558480270647038,-1.5236481744151193,-0.4609610010030646,0.35410593035298166,-0.6481640977248081,-0.48358330343310435,92.0,95.0,1
10837.0,Admisión COBAEH,Secretaría de Educación Pública,Colegio de Bachilleres del Estado de Hidalgo,"Circuito Lote 17, San Juan Tilcuautla 42160 San Juan Tilcuautla San Agustín Tlaxiaca",Social,10.0,0.0,3.0,Nivel 1,14182.0,0.0,100.0,VERDADERO,,3.0,1.0,1.0,2.3978952727983707,"(1.645, 3.29]",1,0,-1.5143144958471932,1.8846665238145945,0.9063330158789191,1.172194762402416,0.35158659387487234,-0.30399073998413706,-0.7881202423293596,-0.30399073998413706,0.18013876236108534,21.0,18.0,18.0,-1.0,-0.30399073998413706,2.4206475117261124,3.0,Dominado por rareza,Rareza,1.157452788691043,0.7794752640484426,0.9314425368947573,0.35774963506849783,0.2821753605887091,0.17116739925186739,0.14330354688063304,0.2977600207297401,0.11808311749336253,0.012265604281532904,0.07316389168426812,13.5,15.5,1.2926555667370725,0.9285714285714286,2.0779234484278684,0.08928099728102525,0.26802816949867525,-0.09737585293178269,-0.3310191299741076,-1.4379754668868243,0.3558480270647038,0.6553325481355352,-0.1710379749184951,0.4533427598405765,-0.26647241726980003,-0.17331682723909636,242.5,241.5,2
1269.0,Legalización de Documentos,Secretaría de Gobierno,Secretaría de Gobierno,Calle S/N Centro 42000 Pachuca De Soto Pachuca De Soto,Ambos,20.0,0.0,0.0,Nivel 1,16207.0,1600.0,91.01476947,VERDADERO,,0.0,1.0,1.0,3.044522437723423,"(1.645, 3.29]",0,0,-1.3012860250986122,1.8846665238145945,0.9063330158789191,1.0214474997012368,0.32981992674178046,-0.19747650460984656,-0.6390003128053527,-0.19747650460984656,0.24404730358565963,77.5,72.5,142.5,10.0,-0.19747650460984656,2.2076190409775314,65.0,Dominado por rareza,Rareza,0.7503940547476008,0.7794752640484426,0.9314425368947573,0.35774963506849783,0.18293853110111424,0.17116739925186739,0.14330354688063304,0.2977600207297401,0.11953859867070164,0.014523849313531187,0.07498324315594204,18.0,22.0,1.299932972623768,0.9285714285714286,2.0852008543145635,-0.3120318133705117,0.2097469208206736,-0.6876167590336059,-0.3310191299741076,-1.2306214890164984,0.3558480270647038,0.6553325481355352,-0.2476153605647946,0.35410593035298166,-0.6481640977248081,-0.21690125288526685,198.0,208.0,2
779.0,Reinscripción COBAEH,Secretaría de Educación Pública,Colegio de Bachilleres del Estado de Hidalgo,"Circuito Lote 17, San Juan Tilcuautla 42160 San Juan Tilcuautla San Agustín Tlaxiaca",Social,10.0,0.0,0.0,Nivel 1,52697.0,0.0,100.0,VERDADERO,,0.0,1.0,1.0,2.3978952727983707,"(1.645, 3.29]",0,0,-1.5143144958471932,1.8846665238145945,0.9063330158789191,1.172194762402416,0.35158659387487234,-0.30399073998413706,-0.7881202423293596,-0.30399073998413706,0.18013876236108534,21.0,18.0,18.0,17.0,-0.30399073998413706,2.4206475117261124,3.0,Dominado por rareza,Rareza,0.7503940547476008,0.7794752640484426,0.9314425368947573,0.35774963506849783,0.18293853110111424,0.17116739925186739,0.14330354688063304,0.2977600207297401,0.09823575159584355,0.008401687942768226,0.04835468431236942,5.5,5.5,1.1934187372494776,0.9285714285714286,1.9786866189402732,-0.29441418101576616,0.2123054676328662,-0.6876167590336059,-0.3310191299741076,-1.4379754668868243,0.3558480270647038,0.6553325481355352,-0.2890861561388597,0.35410593035298166,-0.6481640977248081,-0.26873974735284833,168.5,185.5,2
748.0,"Inscripción de Alfabetización, Primaria y Secundaria Abierta de Educación para Adultos",Secretaría de Educación Pública,Instituto Hidalguense de Educación para Adultos,Circuito s.n. San Juan Tilcuautla 42160 San Agustín Tlaxiaca San Agustín Tlaxiaca,Social,120.0,1.0,4.0,Nivel 1,11430.0,0.0,100.0,FALSO,,5.0,0.0,1.0,4.795790545596741,"(3.29, 4.934]",2,1,-0.7243384622255696,1.754854912292604,0.8439068264813923,0.44337456196765934,0.24635094038122837,0.05978418212791131,-0.2538648756134811,0.05978418212791131,0.3734332398693036,218.5,216.5,213.5,-63.0,0.05978418212791131,1.568245288706962,5.0,Dominado por rareza,Rareza,1.9671875475025984,0.8094275863317937,0.9314425368947573,1.2014696741078175,0.4795805591257976,0.1777447229249331,0.14330354688063304,1.0,0.372082602211855,0.05472743536346656,0.2151032527648188,377.0,174.0,0.8604130110592751,0.9285714285714286,1.6456808927500706,-0.2261133644382088,0.22222455511328962,1.0767509692910755,-0.28986884486284525,-0.7298055505902847,0.3558480270647038,-1.5236481744151193,-0.22214471470249403,0.6573252820507307,0.5180995212722059,-0.3448765441671236,218.0,155.0,1
904.0,Bolsa de Trabajo y Abriendo Espacios,Secretaría de Trabajo y Previsión Social,Secretaría de Trabajo y Previsión Social,Carretera 1955 CANACINTRA 0 La Reforma (CANACINTRA) [Parque Industrial] Mineral De La Reforma,Social,259200.0,0.0,0.0,,0.0,0.0,0.0,FALSO,,0.0,0.0,0.0,12.465359101477507,"(11.514, 13.159]",0,0,1.8023671099878293,3.003279479189374,1.444272137010033,0.28840234507508133,0.22397422454881763,1.623319623498931,1.6949386180944903,1.623319623498931,1.551700628903372,652.0,652.0,652.0,37.0,1.623319623498931,-0.35809497297779624,0.0,Dominado por tiempo,Tiempo,0.7503940547476008,0.7794752640484426,1.157452788691043,1.2014696741078175,0.18293853110111424,0.17116739925186739,0.1780754940817648,1.0,0.6311002095867355,0.13462954290808074,0.5388752619834194,650.0,622.0,2.1555010479336776,1.0,2.977425553851913,-1.7563063996118602,0.0,-0.6876167590336059,-0.3310191299741076,2.313968759672197,0.649444724332729,-1.5236481744151193,0.0842258841164187,0.35410593035298166,-0.6481640977248081,0.1979003029662496,399.0,436.0,1
630.0,Reinscripción UTTT,Secretaría de Educación Pública,Universidad Tecnológica de Tula-Tepeji,Avenida 1000 El 61 42830 El Carmen (La Mesita) Tula De Allende,Social,15.0,0.0,2.0,Nivel 1,3295.0,0.0,100.0,VERDADERO,,2.0,1.0,1.0,2.772588722239781,"(1.645, 3.29]",1,0,-1.390873389652303,1.8846665238145945,0.9063330158789191,1.0848430164207854,0.3389737188932182,-0.24227018688669189,-0.7017114679929362,-0.24227018688669189,0.21717109421955244,44.5,41.5,41.5,-7.0,-0.24227018688669189,2.297206405531222,3.0,Dominado por rareza,Rareza,1.157452788691043,0.7794752640484426,0.9314425368947573,0.35774963506849783,0.2821753605887091,0.17116739925186739,0.14330354688063304,0.2977600207297401,0.13042722811285157,0.015813141234011542,0.08859402995862942,38.5,44.5,1.3543761198345177,0.9285714285714286,2.1396440015253133,0.07907231475721671,0.2665455984243083,-0.09737585293178269,-0.3310191299741076,-1.317822492440359,0.3558480270647038,0.6553325481355352,-0.14700738002920205,0.4533427598405765,-0.26647241726980003,-0.14327858362748003,264.5,257.5,2
8300.0,Becas Institucionales UTVM,Secretaría de Educación Pública,Universidad Tecnológica del Valle del Mezquital,Carretera s/n El Nith 42300 El Nith Ixmiquilpan,Social,1440.0,0.0,0.0,Nivel 1,2500.0,535.0,82.3723229,FALSO,,0.0,0.0,1.0,7.273092595999522,"(6.579, 8.224]",0,0,0.09179778444881183,1.3639886036055924,0.6559398647502834,-0.6454347264697414,0.08913581800905887,0.3738688245995476,0.2610404085392533,0.3738688245995476,0.4866972406598419,301.0,292.0,287.0,3.0,0.3738688245995476,0.5641420803014716,14.0,Dominado por rareza,Rareza,0.7503940547476008,0.7794752640484426,0.9314425368947573,1.2014696741078175,0.18293853110111424,0.17116739925186739,0.14330354688063304,1.0,0.37425566036663244,0.06101666199389237,0.2178195754582906,389.0,188.0,0.8712783018331623,0.9285714285714286,1.6565461835239579,-1.4441338664836663,0.04533571954542908,-0.6876167590336059,-0.3310191299741076,-0.11836896865719373,0.3558480270647038,-1.5236481744151193,-0.4609610010030646,0.35410593035298166,-0.6481640977248081,-0.48358330343310435,92.0,95.0,1
1268.0,Apostillas,Secretaría de Gobierno,Secretaría de Gobierno,Ampliación S/N Centro 42000 Pachuca De Soto Pachuca De Soto,Social,20.0,0.0,0.0,Nivel 1,3121.0,450.0,87.39848782,VERDADERO,,0.0,1.0,1.0,3.044522437723423,"(1.645, 3.29]",0,0,-1.3012860250986122,1.8846665238145945,0.9063330158789191,1.0214474997012368,0.32981992674178046,-0.19747650460984656,-0.6390003128053527,-0.19747650460984656,0.24404730358565963,77.5,72.5,142.5,10.0,-0.19747650460984656,2.2076190409775314,65.0,Dominado por rareza,Rareza,0.7503940547476008,0.7794752640484426,0.9314425368947573,0.35774963506849783,0.18293853110111424,0.17116739925186739,0.14330354688063304,0.2977600207297401,0.11953859867070164,0.014523849313531187,0.07498324315594204,18.0,22.0,1.299932972623768,0.9285714285714286,2.0852008543145635,-0.3120318133705117,0.2097469208206736,-0.6876167590336059,-0.3310191299741076,-1.2306214890164984,0.3558480270647038,0.6553325481355352,-0.2476153605647946,0.35410593035298166,-0.6481640977248081,-0.21690125288526685,198.0,208.0,2
1414.0,Acreditación de Primaria y Secundaria Abierta de Educación para Adultos,Secretaría de Educación Pública,Instituto Hidalguense de Educación para Adultos,Circuito s.n. San Juan Tilcuautla 42160 San Agustín Tlaxiaca San Agustín Tlaxiaca,Social,8640.0,0.0,2.0,Nivel 1,7998.0,0.0,100.0,FALSO,,2.0,0.0,1.0,9.0642735958414,"(8.224, 9.869]",1,0,0.6818944737434162,1.9459101490553135,0.9357849740192016,-0.30181766573522545,0.13875130056071056,0.8088397238813089,0.7580616238261517,0.8088397238813089,0.8596178239364659,475.0,475.0,526.0,1.0,0.8088397238813089,0.2538905002757854,51.0,Dominado por rareza,Rareza,1.157452788691043,0.7794752640484426,0.9314425368947573,1.2014696741078175,0.2821753605887091,0.17116739925186739,0.14330354688063304,1.0,0.4810972061205037,0.08988157493776987,0.35137150765062963,572.0,416.0,1.4054860306025185,0.9285714285714286,2.190753912293314,-1.1323836011051425,0.09061011463005346,-0.09737585293178269,-0.3310191299741076,0.7283999717287417,0.3558480270647038,-1.5236481744151193,-0.17355903170551282,0.4533427598405765,-0.26647241726980003,-0.17646814822286847,238.0,239.0,1
828.0,Certificación de Primaria y Secundaria Abierta de Educación para Adultos,Secretaría de Educación Pública,Instituto Hidalguense de Educación para Adultos,Circuito s.n. San Juan Tilcuautla 42160 San Agustín Tlaxiaca San Agustín Tlaxiaca,Social,12960.0,0.0,1.0,Nivel 1,7321.0,0.0,100.0,FALSO,,1.0,0.0,1.0,9.469700127423375,"(8.224, 9.869]",0,0,0.8154604584539717,1.9459101490553135,0.9357849740192016,-0.39633417103778207,0.1251038931541695,0.8756227162365866,0.8515578131235406,0.8756227162365866,0.8996876193496326,485.0,485.0,553.0,12.0,0.8756227162365866,0.12032451556522983,68.0,Sensible,Mixto,0.7503940547476008,0.7794752640484426,0.9314425368947573,1.2014696741078175,0.18293853110111424,0.17116739925186739,0.14330354688063304,1.0,0.4746064386940402,0.08985617140046051,0.34325804836755036,560.0,397.0,1.3730321934702014,0.9285714285714286,2.158300075160997,-1.5271247978306504,0.033283238340057385,-0.6876167590336059,-0.3310191299741076,0.858408125758948,0.3558480270647038,-1.5236481744151193,-0.2656055821198362,0.35410593035298166,-0.6481640977248081,-0.2393890298290689,189.0,201.0,1
1244.0,(Inscripción y Reinscripción) por módulo CONALEPH.,Secretaría de Educación Pública,Colegio de Educación Profesional Técnica del Estado de Hidalgo,Calle 4.5 Parque Industrial CANACINTRA 42083 El Saucillo Mineral De La Reforma,Social,1440.0,0.0,4.0,Nivel 1,7544.0,0.0,100.0,VERDADERO,,4.0,1.0,1.0,7.273092595999522,"(6.579, 8.224]",2,0,0.09179778444881183,1.3639886036055924,0.6559398647502834,-0.6454347264697414,0.08913581800905887,0.3738688245995476,0.2610404085392533,0.3738688245995476,0.4866972406598419,301.0,292.0,287.0,-18.0,0.3738688245995476,0.5641420803014716,14.0,Dominado por rareza,Rareza,1.9671875475025984,0.7794752640484426,0.9314425368947573,0.35774963506849783,0.4795805591257976,0.17116739925186739,0.14330354688063304,0.2977600207297401,0.29313607011751713,0.058913440757552095,0.2919800824644614,227.5,320.5,2.1679203298578456,0.9285714285714286,2.953188211548641,0.740421091246518,0.362590956265958,1.0767509692910755,-0.3310191299741076,-0.11836896865719373,0.3558480270647038,0.6553325481355352,0.32770868917200263,0.650747958377665,0.4928013558770408,0.34640324060502153,525.5,507.5,2
1206.0,Reinscripción UPT,Secretaría de Educación Pública,Universidad Politécnica de Tulancingo,Calle 100 Huapalcalco 43629 Tulancingo De Bravo Tulancingo De Bravo,Social,15.0,0.0,1.0,,6872.0,0.0,100.0,VERDADERO,,1.0,1.0,0.0,2.772588722239781,"(1.645, 3.29]",0,0,-1.390873389652303,1.8846665238145945,0.9063330158789191,1.0848430164207854,0.3389737188932182,-0.24227018688669189,-0.7017114679929362,-0.24227018688669189,0.21717109421955244,44.5,41.5,41.5,24.0,-0.24227018688669189,2.297206405531222,3.0,Dominado por rareza,Rareza,0.7503940547476008,0.7794752640484426,1.157452788691043,0.35774963506849783,0.18293853110111424,0.17116739925186739,0.1780754940817648,0.2977600207297401,0.11753425165555893,0.013746921775010315,0.07247780938701365,12.0,14.0,1.2899112375480546,1.0,2.11183574346629,-0.4101341485913839,0.19549986355475218,-0.6876167590336059,-0.3310191299741076,-1.317822492440359,0.649444724332729,0.6553325481355352,-0.20633622179596167,0.35410593035298166,-0.6481640977248081,-0.16530232942422568,225.0,249.0,2
631.0,Educación Continua UTTT,Secretaría de Educación Pública,Universidad Tecnológica de Tula-Tepeji,Calle 1000 El 61 42830 El Carmen (La Mesita) Tula De Allende,Ambos,120.0,1.0,6.0,Nivel 2,1604.0,240.0,86.98481562,VERDADERO,,7.0,1.0,2.0,4.795790545596741,"(3.29, 4.934]",2,1,-0.7243384622255696,1.754854912292604,0.8439068264813923,0.44337456196765934,0.24635094038122837,0.05978418212791131,-0.2538648756134811,0.05978418212791131,0.3734332398693036,218.5,216.5,213.5,-56.0,0.05978418212791131,1.568245288706962,5.0,Dominado por rareza,Rareza,1.9671875475025984,0.8094275863317937,2.2512917986064953,0.35774963506849783,0.4795805591257976,0.1777447229249331,0.3463639323142087,0.2977600207297401,0.2722466834445182,0.0515722142548455,0.26586834912321267,202.0,301.0,2.063473396492851,0.8571428571428572,2.5742523213214996,0.9169985024234941,0.3882346729342977,1.0767509692910755,-0.28986884486284525,-0.7298055505902847,0.06225132979667862,0.6553325481355352,0.15493209035403185,0.6573252820507307,0.5180995212722059,0.12646946215353377,442.0,386.0,2
10839.0,Conciliación prejudicial laboral,Secretaría de Trabajo y Previsión Social,Centro de Conciliación Laboral del Estado de Hidalgo,Avenida 394 La Concepción 42160 San Juan Tilcuautla San Agustín Tlaxiaca,Ambos,1440.0,0.0,0.0,,6205.0,1.0,99.98388656,FALSO,,0.0,0.0,0.0,7.273092595999522,"(6.579, 8.224]",0,0,0.09179778444881183,1.3639886036055924,0.6559398647502834,-0.6454347264697414,0.08913581800905887,0.3738688245995476,0.2610404085392533,0.3738688245995476,0.4866972406598419,301.0,292.0,287.0,11.0,0.3738688245995476,0.5641420803014716,14.0,Dominado por rareza,Rareza,0.7503940547476008,0.7794752640484426,1.157452788691043,1.2014696741078175,0.18293853110111424,0.17116739925186739,0.1780754940817648,1.0,0.3812100498068588,0.06281435887365583,0.22651256225857352,416.0,234.0,0.9060502490342941,1.0,1.7279747549525293,-1.5496451515354752,0.030012686541682033,-0.6876167590336059,-0.3310191299741076,-0.11836896865719373,0.649444724332729,-1.5236481744151193,-0.40224166154945956,0.35410593035298166,-0.6481640977248081,-0.41018412911609803,117.0,128.0,1
10973.0,Por Búsqueda de Testamento y Expedición de Constancia,Secretaría de Gobierno,Dirección General del Archivo General de Notarías,Calle 517 Centro 42000 Pachuca De Soto Pachuca De Soto,Ambos,1440.0,1.0,0.0,,5759.0,0.0,100.0,VERDADERO,,1.0,1.0,0.0,7.273092595999522,"(6.579, 8.224]",0,1,0.09179778444881183,1.3639886036055924,0.6559398647502834,-0.6454347264697414,0.08913581800905887,0.3738688245995476,0.2610404085392533,0.3738688245995476,0.4866972406598419,301.0,292.0,287.0,27.0,0.3738688245995476,0.5641420803014716,14.0,Dominado por rareza,Rareza,0.7503940547476008,0.8094275863317937,1.157452788691043,0.35774963506849783,0.18293853110111424,0.1777447229249331,0.1780754940817648,0.2977600207297401,0.24207751868742,0.049374385597803466,0.22815689317683993,171.5,256.5,1.9126275727073598,1.0,2.734552078625595,-0.49292856782458705,0.18347592111282765,-0.6876167590336059,-0.28986884486284525,-0.11836896865719373,0.649444724332729,0.6553325481355352,0.041784539982923884,0.36068325402604734,-0.6228659323296433,0.14088559287035682,378.5,405.5,2
6931.0,Reinscripción UTT,Secretaría de Educación Pública,Universidad Tecnológica de Tulancingo,Calle 301 Las Presas 43642 Tulancingo De Bravo Tulancingo De Bravo,Social,1440.0,0.0,1.0,Nivel 4.2,6717.0,0.0,100.0,VERDADERO,,1.0,1.0,13.0,7.273092595999522,"(6.579, 8.224]",0,0,0.09179778444881183,1.3639886036055924,0.6559398647502834,-0.6454347264697414,0.08913581800905887,0.3738688245995476,0.2610404085392533,0.3738688245995476,0.4866972406598419,301.0,292.0,287.0,2.0,0.3738688245995476,0.5641420803014716,14.0,Dominado por rareza,Rareza,0.7503940547476008,0.7794752640484426,4.708027571427799,0.35774963506849783,0.18293853110111424,0.17116739925186739,0.7243356654578548,0.2977600207297401,0.3500140882280248,0.07740244045543632,0.363077605102596,323.0,434.0,2.452310420410384,0.0714285714285714,1.7994033263811007,0.8596021359479404,0.37989920040765546,-0.6876167590336059,-0.3310191299741076,-0.11836896865719373,-3.1673123401516,0.6553325481355352,-0.7297969299361944,0.35410593035298166,-0.6481640977248081,-0.8196282145995167,20.0,22.0,3
6935.0,Credencial Institucional UTT,Secretaría de Educación Pública,Universidad Tecnológica de Tulancingo,Calle 301 Las Presas 43642 Tulancingo De Bravo Tulancingo De Bravo,Social,1440.0,0.0,0.0,Nivel 4.2,1200.0,0.0,100.0,FALSO,,0.0,0.0,13.0,7.273092595999522,"(6.579, 8.224]",0,0,0.09179778444881183,1.3639886036055924,0.6559398647502834,-0.6454347264697414,0.08913581800905887,0.3738688245995476,0.2610404085392533,0.3738688245995476,0.4866972406598419,301.0,292.0,287.0,0.0,0.3738688245995476,0.5641420803014716,14.0,Dominado por rareza,Rareza,0.7503940547476008,0.7794752640484426,4.708027571427799,1.2014696741078175,0.18293853110111424,0.17116739925186739,0.7243356654578548,1.0,0.4904620840820768,0.09105580879711257,0.363077605102596,581.5,434.0,1.452310420410384,0.0714285714285714,0.7994033263811007,-0.1779984458619529,0.2292121155903945,-0.6876167590336059,-0.3310191299741076,-0.11836896865719373,-3.1673123401516,-1.5236481744151193,-1.1655930744463254,0.35410593035298166,-0.6481640977248081,-1.3643733952371804,3.5,3.5,3
7561.0,Evaluación Segunda Oportunidad (ITSOEH),Secretaría de Educación Pública,Instituto Tecnológico Superior del Occidente del Estado de Hidalgo,Carretera 0 Cinta larga 42700 Mixquiahuala De Juárez Mixquiahuala De Juárez,Social,4320.0,0.0,1.0,,9556.0,0.0,100.0,VERDADERO,,1.0,1.0,0.0,8.371242135931933,"(8.224, 9.869]",0,0,0.4535783124477769,1.9459101490553135,0.9357849740192016,-0.14025223635945364,0.16208002214691,0.6946816432334892,0.5982403109192043,0.6946816432334892,0.7911229755477741,426.5,419.5,406.5,35.0,0.6946816432334892,0.48220666157142467,20.0,Dominado por rareza,Rareza,0.7503940547476008,0.7794752640484426,1.157452788691043,0.35774963506849783,0.18293853110111424,0.17116739925186739,0.1780754940817648,0.2977600207297401,0.30492461767959517,0.06760047740980933,0.30671576691705893,255.5,353.5,2.2268630676682357,1.0,3.048787573586471,-0.5651075455195829,0.17299362192697218,-0.6876167590336059,-0.3310191299741076,0.5061655253640223,0.649444724332729,0.6553325481355352,0.15846138176491462,0.35410593035298166,-0.6481640977248081,0.29069467502686963,446.5,481.5,2
961.0,Asesoria en materia de Seguridad y Salud en el Trabajo,Secretaría de Trabajo y Previsión Social,Secretaría de Trabajo y Previsión Social,Carretera 1955 CANACINTRA 0 La Reforma (CANACINTRA) [Parque Industrial] Mineral De La Reforma,Ambos,259200.0,1.0,0.0,,0.0,0.0,0.0,FALSO,,1.0,0.0,0.0,12.465359101477507,"(11.514, 13.159]",0,1,1.8023671099878293,3.003279479189374,1.444272137010033,0.28840234507508133,0.22397422454881763,1.623319623498931,1.6949386180944903,1.623319623498931,1.551700628903372,652.0,652.0,652.0,34.0,1.623319623498931,-0.35809497297779624,0.0,Dominado por tiempo,Tiempo,0.7503940547476008,0.8094275863317937,1.157452788691043,1.2014696741078175,0.18293853110111424,0.1777447229249331,0.1780754940817648,1.0,0.6324156743213487,0.13484293797390462,0.5405195929016858,652.0,625.0,2.1620783716067433,1.0,2.9840028775249783,-1.7371903977108647,0.0027761497538847705,-0.6876167590336059,-0.28986884486284525,2.313968759672197,0.649444724332729,-1.5236481744151193,0.09245594113867113,0.36068325402604734,-0.6228659323296433,0.20422484431504095,404.0,438.0,1
694.0,Autorregulación Ambiental,Secretaría de Medio Ambiente y Recursos Naturales,Secretaría de Medio Ambiente y Recursos Naturales,Calle 100 Adolfo López Mateos 42094 Pachuca De Soto Pachuca De Soto,Social,36000.0,2.0,4.0,,40.0,20.0,66.66666667,VERDADERO,,6.0,1.0,0.0,10.491301994830229,"(9.869, 11.514]",2,2,1.1520226929725312,1.6245897174547026,0.7812625096170339,-1.0548074813073176,0.030025753068313354,0.9666426012947826,1.040794637965882,0.9666426012947826,0.8924905646236831,588.5,588.5,550.5,0.0,0.9666426012947826,-0.3707601833554973,38.0,Dominado por tiempo,Tiempo,1.9671875475025984,2.6931245508855346,1.157452788691043,0.35774963506849783,0.4795805591257976,0.5913916021429794,0.1780754940817648,0.2977600207297401,0.5026900554750128,0.10841601153319973,0.5539225641613311,594.0,634.0,3.2156902566453245,1.0,4.03761476256356,1.7581824698809791,0.5103968633506578,1.0767509692910755,2.2980662882233824,1.0355988567987569,0.649444724332729,0.6553325481355352,1.1430386773562957,1.070972161268777,2.109097271391202,1.1123683501645556,658.0,658.0,0
1247.0,Póliza de Accidentes Personales Escolares en CONALEPH,Secretaría de Educación Pública,Colegio de Educación Profesional Técnica del Estado de Hidalgo,Calle 4.5 Parque Industrial CANACINTRA 42083 Pachuquilla Mineral De La Reforma,Social,1440.0,0.0,2.0,Nivel 1,3908.0,0.0,100.0,VERDADERO,,2.0,1.0,1.0,7.273092595999522,"(6.579, 8.224]",1,0,0.09179778444881183,1.3639886036055924,0.6559398647502834,-0.6454347264697414,0.08913581800905887,0.3738688245995476,0.2610404085392533,0.3738688245995476,0.4866972406598419,301.0,292.0,287.0,10.0,0.3738688245995476,0.5641420803014716,14.0,Dominado por rareza,Rareza,1.157452788691043,0.7794752640484426,0.9314425368947573,0.35774963506849783,0.2821753605887091,0.17116739925186739,0.14330354688063304,0.2977600207297401,0.25365503041009946,0.05122720999098081,0.2426287828301893,179.5,265.5,1.9705151313207572,0.9285714285714286,2.755783013011553,-0.022838106376981193,0.2517455062284991,-0.09737585293178269,-0.3310191299741076,-0.11836896865719373,0.3558480270647038,0.6553325481355352,0.09288332472743101,0.4533427598405765,-0.26647241726980003,0.15658479731831132,405.5,415.5,2
6938.0,Historial académico UTT,Secretaría de Educación Pública,Universidad Tecnológica de Tulancingo,Calle 301 Las Presas 43642 Tulancingo De Bravo Tulancingo De Bravo,Social,1440.0,0.0,0.0,Nivel 4.2,7500.0,0.0,100.0,FALSO,,0.0,0.0,13.0,7.273092595999522,"(6.579, 8.224]",0,0,0.09179778444881183,1.3639886036055924,0.6559398647502834,-0.6454347264697414,0.08913581800905887,0.3738688245995476,0.2610404085392533,0.3738688245995476,0.4866972406598419,301.0,292.0,287.0,0.0,0.3738688245995476,0.5641420803014716,14.0,Dominado por rareza,Rareza,0.7503940547476008,0.7794752640484426,4.708027571427799,1.2014696741078175,0.18293853110111424,0.17116739925186739,0.7243356654578548,1.0,0.4904620840820768,0.09105580879711257,0.363077605102596,581.5,434.0,1.452310420410384,0.0714285714285714,0.7994033263811007,-0.1779984458619529,0.2292121155903945,-0.6876167590336059,-0.3310191299741076,-0.11836896865719373,-3.1673123401516,-1.5236481744151193,-1.1655930744463254,0.35410593035298166,-0.6481640977248081,-1.3643733952371804,3.5,3.5,3
1020.0,Asesorías laborales sobre tus derechos y obligaciones como trabajador.,Secretaría de Trabajo y Previsión Social,Secretaría de Trabajo y Previsión Social,Carretera 1955 CANACINTRA 0 La Reforma (CANACINTRA) [Parque Industrial] Mineral De La Reforma,Social,259200.0,0.0,0.0,,0.0,0.0,0.0,FALSO,,0.0,0.0,0.0,12.465359101477507,"(11.514, 13.159]",0,0,1.8023671099878293,3.003279479189374,1.444272137010033,0.28840234507508133,0.22397422454881763,1.623319623498931,1.6949386180944903,1.623319623498931,1.551700628903372,652.0,652.0,652.0,37.0,1.623319623498931,-0.35809497297779624,0.0,Dominado por tiempo,Tiempo,0.7503940547476008,0.7794752640484426,1.157452788691043,1.2014696741078175,0.18293853110111424,0.17116739925186739,0.1780754940817648,1.0,0.6311002095867355,0.13462954290808074,0.5388752619834194,650.0,622.0,2.1555010479336776,1.0,2.977425553851913,-1.7563063996118602,0.0,-0.6876167590336059,-0.3310191299741076,2.313968759672197,0.649444724332729,-1.5236481744151193,0.0842258841164187,0.35410593035298166,-0.6481640977248081,0.1979003029662496,399.0,436.0,1
477.0,Escuela de Fútbol Instituto Hidalguense del Deporte,Secretaría de Educación Pública,Instituto Hidalguense del Deporte,Calle - Periodistas 42060 Pachuca De Soto Pachuca De Soto,Social,10.0,1.0,4.0,Nivel 2,1500.0,200.0,88.23529412,VERDADERO,,5.0,1.0,2.0,2.3978952727983707,"(1.645, 3.29]",2,1,-1.5143144958471932,1.8846665238145945,0.9063330158789191,1.172194762402416,0.35158659387487234,-0.30399073998413706,-0.7881202423293596,-0.30399073998413706,0.18013876236108534,21.0,18.0,18.0,-51.0,-0.30399073998413706,2.4206475117261124,3.0,Dominado por rareza,Rareza,1.9671875475025984,0.8094275863317937,2.2512917986064953,0.35774963506849783,0.4795805591257976,0.1777447229249331,0.3463639323142087,0.2977600207297401,0.1994916990221085,0.030663377346983288,0.1749246185952006,116.0,150.0,1.6996984743808026,0.8571428571428572,2.2104773992094513,0.9771674818573289,0.3969728022937659,1.0767509692910755,-0.28986884486284525,-1.4379754668868243,0.06225132979667862,0.6553325481355352,0.013298107094723944,0.6573252820507307,0.5180995212722059,-0.05057301692060115,354.0,303.0,2
334.0,Servicio de inscripción a cursos de Formación de Capital Humano,Secretaría de Desarrollo Económico,Instituto Hidalguense de Competitividad Empresarial,Calle 605 Venta Prieta 42083 Pachuca De Soto Pachuca De Soto,Ambos,1440.0,0.0,0.0,,0.0,0.0,0.0,FALSO,,0.0,0.0,0.0,7.273092595999522,"(6.579, 8.224]",0,0,0.09179778444881183,1.3639886036055924,0.6559398647502834,-0.6454347264697414,0.08913581800905887,0.3738688245995476,0.2610404085392533,0.3738688245995476,0.4866972406598419,301.0,292.0,287.0,11.0,0.3738688245995476,0.5641420803014716,14.0,Dominado por rareza,Rareza,0.7503940547476008,0.7794752640484426,1.157452788691043,1.2014696741078175,0.18293853110111424,0.17116739925186739,0.1780754940817648,1.0,0.3812100498068588,0.06281435887365583,0.22651256225857352,416.0,234.0,0.9060502490342941,1.0,1.7279747549525293,-1.5496451515354752,0.030012686541682033,-0.6876167590336059,-0.3310191299741076,-0.11836896865719373,0.649444724332729,-1.5236481744151193,-0.40224166154945956,0.35410593035298166,-0.6481640977248081,-0.41018412911609803,117.0,128.0,1
1318.0,Constancia de Vehículo No Robado,Procuraduría General de Justicia,Procuraduría General de Justicia,Calle Km 84.5 SPAUAH 42083 Pachuca De Soto Pachuca De Soto,Ambos,4320.0,1.0,7.0,Nivel 3.1,0.0,0.0,0.0,VERDADERO,,8.0,1.0,3.0,8.371242135931933,"(8.224, 9.869]",3,1,0.4535783124477769,1.9459101490553135,0.9357849740192016,-0.14025223635945364,0.16208002214691,0.6946816432334892,0.5982403109192043,0.6946816432334892,0.7911229755477741,426.5,419.5,406.5,-10.0,0.6946816432334892,0.48220666157142467,20.0,Dominado por rareza,Rareza,2.8622008809294686,0.8094275863317937,3.8607297110405954,0.35774963506849783,0.6977758173332946,0.1777447229249331,0.5939778775661291,0.2977600207297401,0.49238801635751717,0.10936173887624823,0.5410450152644615,584.0,626.0,3.1641800610578463,0.7857142857142857,3.3559164692060026,1.761139807997429,0.5108263471688043,2.3745329276275564,-0.28986884486284525,0.5061655253640223,-0.231345367471347,0.6553325481355352,0.6029633577585843,0.8755205402582278,1.3573374856707445,0.5718725479247387,606.0,596.0,2
1288.0,Permiso provisional para conducir,Secretaría de Seguridad Pública,Secretaría de Seguridad Pública,Calle 301 Valle de San Javier 0 Pachuca De Soto Pachuca De Soto,Social,15.0,1.0,4.0,Nivel 1,2316.0,0.0,100.0,VERDADERO,,5.0,1.0,1.0,2.772588722239781,"(1.645, 3.29]",2,1,-1.390873389652303,1.8846665238145945,0.9063330158789191,1.0848430164207854,0.3389737188932182,-0.24227018688669189,-0.7017114679929362,-0.24227018688669189,0.21717109421955244,44.5,41.5,41.5,-54.0,-0.24227018688669189,2.297206405531222,3.0,Dominado por rareza,Rareza,1.9671875475025984,0.8094275863317937,0.9314425368947573,0.35774963506849783,0.4795805591257976,0.1777447229249331,0.14330354688063304,0.2977600207297401,0.17122373255488238,0.02371276706640674,0.13958966051116797,90.0,119.0,1.5583586420446718,0.9285714285714286,2.3436265237354674,0.8614475142817108,0.38016719821565187,1.0767509692910755,-0.28986884486284525,-1.317822492440359,0.3558480270647038,0.6553325481355352,0.09604804143762205,0.6573252820507307,0.5180995212722059,0.05286440100802149,407.0,353.0,2
358.0,Reinscripción UTSH,Secretaría de Educación Pública,Universidad Tecnológica de la Sierra Hidalguense,Carretera Km. 100 Tramo Pachuca-Huejutla 43200 Zacualtipán De Ángeles Zacualtipán De Ángeles,Social,1440.0,0.0,1.0,,2153.0,0.0,100.0,VERDADERO,,1.0,1.0,0.0,7.273092595999522,"(6.579, 8.224]",0,0,0.09179778444881183,1.3639886036055924,0.6559398647502834,-0.6454347264697414,0.08913581800905887,0.3738688245995476,0.2610404085392533,0.3738688245995476,0.4866972406598419,301.0,292.0,287.0,28.0,0.3738688245995476,0.5641420803014716,14.0,Dominado por rareza,Rareza,0.7503940547476008,0.7794752640484426,1.157452788691043,0.35774963506849783,0.18293853110111424,0.17116739925186739,0.1780754940817648,0.2977600207297401,0.24076205395280686,0.04916099053197957,0.22651256225857352,160.5,234.0,1.906050249034294,1.0,2.7279747549525295,-0.5120445697255819,0.18069977135894297,-0.6876167590336059,-0.3310191299741076,-0.11836896865719373,0.649444724332729,0.6553325481355352,0.03355448296067141,0.35410593035298166,-0.6481640977248081,0.1345610515215656,366.5,394.5,2
661.0,"Descuento a adultos mayores, personas con capacidades diferentes, pensionados y jubilados.",Secretaría de Infraestructura Pública y Desarrollo Urbano Sostenible,Comisión de Agua y Alcantarillado del Sistema Valle del Mezquital,Calle 27 Segunda Demarcación 42660 Tepatepec Francisco I. Madero,Social,1440.0,1.0,0.0,,2108.0,0.0,100.0,VERDADERO,,1.0,1.0,0.0,7.273092595999522,"(6.579, 8.224]",0,1,0.09179778444881183,1.3639886036055924,0.6559398647502834,-0.6454347264697414,0.08913581800905887,0.3738688245995476,0.2610404085392533,0.3738688245995476,0.4866972406598419,301.0,292.0,287.0,27.0,0.3738688245995476,0.5641420803014716,14.0,Dominado por rareza,Rareza,0.7503940547476008,0.8094275863317937,1.157452788691043,0.35774963506849783,0.18293853110111424,0.1777447229249331,0.1780754940817648,0.2977600207297401,0.24207751868742,0.049374385597803466,0.22815689317683993,171.5,256.5,1.9126275727073598,1.0,2.734552078625595,-0.49292856782458705,0.18347592111282765,-0.6876167590336059,-0.28986884486284525,-0.11836896865719373,0.649444724332729,0.6553325481355352,0.041784539982923884,0.36068325402604734,-0.6228659323296433,0.14088559287035682,378.5,405.5,2
1245.0,Examen de admisión de CONALEPH,Secretaría de Educación Pública,Colegio de Educación Profesional Técnica del Estado de Hidalgo,Calle 4.5 Parque Industrial CANACINTRA 42083 El Saucillo Mineral De La Reforma,Social,1440.0,0.0,5.0,Nivel 1,2095.0,25.0,98.82075472,VERDADERO,,5.0,1.0,1.0,7.273092595999522,"(6.579, 8.224]",2,0,0.09179778444881183,1.3639886036055924,0.6559398647502834,-0.6454347264697414,0.08913581800905887,0.3738688245995476,0.2610404085392533,0.3738688245995476,0.4866972406598419,301.0,292.0,287.0,-18.0,0.3738688245995476,0.5641420803014716,14.0,Dominado por rareza,Rareza,1.9671875475025984,0.7794752640484426,0.9314425368947573,0.35774963506849783,0.4795805591257976,0.17116739925186739,0.14330354688063304,0.2977600207297401,0.29313607011751713,0.058913440757552095,0.2919800824644614,227.5,320.5,2.1679203298578456,0.9285714285714286,2.953188211548641,0.740421091246518,0.362590956265958,1.0767509692910755,-0.3310191299741076,-0.11836896865719373,0.3558480270647038,0.6553325481355352,0.32770868917200263,0.650747958377665,0.4928013558770408,0.34640324060502153,525.5,507.5,2
1260.0,"Publicaciones en el Periódico Oficial, que se realizan por una Plana y Media Plana.",Secretaría de Gobierno,Secretaría de Gobierno,Calle 517 Centro 42000 Pachuca De Soto Pachuca De Soto,Ambos,30.0,0.0,0.0,Nivel 1,1200.0,10.0,99.17355372,VERDADERO,,0.0,1.0,1.0,3.4339872044851463,"(3.29, 4.934]",0,0,-1.17297857348804,1.754854912292604,0.8439068264813923,0.7608498199607056,0.2921917612353043,-0.16453587350332388,-0.5679129534972103,-0.16453587350332388,0.23884120649056245,142.0,128.0,88.0,14.0,-0.16453587350332388,2.016885399969432,54.0,Dominado por rareza,Rareza,0.7503940547476008,0.7794752640484426,0.9314425368947573,0.35774963506849783,0.18293853110111424,0.17116739925186739,0.14330354688063304,0.2977600207297401,0.1261267248920062,0.016417191161972815,0.08321840093257271,28.0,33.5,1.3328736037302908,0.9285714285714286,2.1181414854210865,-0.31748024874939546,0.20895566370454213,-0.6876167590336059,-0.3310191299741076,-1.166495122531356,0.3558480270647038,0.6553325481355352,-0.2347900872677661,0.35410593035298166,-0.6481640977248081,-0.20086966126398131,212.0,226.0,2
1233.0,Inscripción UTHH,Secretaría de Educación Pública,Universidad Tecnológica de la Huasteca Hidalguense,Carretera s/n Tepoxteco 43000 Huejutla De Reyes Huejutla De Reyes,Social,20.0,2.0,2.0,Nivel 1,1832.0,0.0,100.0,VERDADERO,,4.0,1.0,1.0,3.044522437723423,"(1.645, 3.29]",1,2,-1.3012860250986122,1.8846665238145945,0.9063330158789191,1.0214474997012368,0.32981992674178046,-0.19747650460984656,-0.6390003128053527,-0.19747650460984656,0.24404730358565963,77.5,72.5,142.5,-88.0,-0.19747650460984656,2.2076190409775314,65.0,Dominado por rareza,Rareza,1.157452788691043,2.6931245508855346,0.9314425368947573,0.35774963506849783,0.2821753605887091,0.5913916021429794,0.14330354688063304,0.2977600207297401,0.223430805146443,0.032021543750211365,0.2048485012506187,124.0,164.0,1.8193940050024746,0.9285714285714286,2.604661886693271,1.2929818009044236,0.4428374056055191,-0.09737585293178269,2.2980662882233824,-1.2306214890164984,0.3558480270647038,0.6553325481355352,0.3962499042950681,0.8735669627316884,1.349823498244361,0.2825956461070254,563.0,475.0,0
1504.0,Expedición Tarjeta Preferente Tuzobús para la Persona Adulta Mayor,Secretaría de Movilidad y Transporte,Sistema de Transporte Masivo de Hidalgo,Calle S/N Venta Prieta 42083 Pachuca De Soto Pachuca De Soto,Social,20.0,1.0,3.0,Nivel 1,1764.0,0.0,100.0,VERDADERO,,4.0,1.0,1.0,3.044522437723423,"(1.645, 3.29]",1,1,-1.3012860250986122,1.8846665238145945,0.9063330158789191,1.0214474997012368,0.32981992674178046,-0.19747650460984656,-0.6390003128053527,-0.19747650460984656,0.24404730358565963,77.5,72.5,142.5,4.0,-0.19747650460984656,2.2076190409775314,65.0,Dominado por rareza,Rareza,1.157452788691043,0.8094275863317937,0.9314425368947573,0.35774963506849783,0.2821753605887091,0.1777447229249331,0.14330354688063304,0.2977600207297401,0.14070142930283377,0.01860116071811976,0.10143678144610718,53.0,62.5,1.4057471257844287,0.9285714285714286,2.191015007475224,0.09077936682727462,0.26824577244036735,-0.09737585293178269,-0.28986884486284525,-1.2306214890164984,0.3558480270647038,0.6553325481355352,-0.12133712232217748,0.4599200835136422,-0.24117425187463498,-0.11515379142272358,276.0,280.0,2
1184.0,Admisión UPT,Secretaría de Educación Pública,Universidad Politécnica de Tulancingo,Calle 100 Huapalcalco 43629 Tulancingo De Bravo Tulancingo De Bravo,Social,15.0,0.0,2.0,Nivel 3.7,1184.0,0.0,100.0,VERDADERO,,2.0,1.0,9.0,2.772588722239781,"(1.645, 3.29]",1,0,-1.390873389652303,1.8846665238145945,0.9063330158789191,1.0848430164207854,0.3389737188932182,-0.24227018688669189,-0.7017114679929362,-0.24227018688669189,0.21717109421955244,44.5,41.5,41.5,-4.0,-0.24227018688669189,2.297206405531222,3.0,Dominado por rareza,Rareza,1.157452788691043,0.7794752640484426,3.3217332103079085,0.35774963506849783,0.2821753605887091,0.17116739925186739,0.5110526221137135,0.2977600207297401,0.20397704315946763,0.03482563315050926,0.18053129876689952,121.5,157.5,1.7221251950675982,0.3571428571428571,1.5682154300967417,0.9231625951716919,0.38912986245428516,-0.09737585293178269,-0.3310191299741076,-1.317822492440359,-1.992925551079499,0.6553325481355352,-0.6167620956580426,0.4533427598405765,-0.26647241726980003,-0.7304719781635307,43.5,39.5,3
1505.0,Reposición de la Tarjeta Preferente Tuzobús,Secretaría de Movilidad y Transporte,Sistema de Transporte Masivo de Hidalgo,Calle S/N Venta Prieta 42083 Pachuca De Soto Pachuca De Soto,Social,20.0,1.0,2.0,Nivel 1,1648.0,0.0,100.0,VERDADERO,,3.0,1.0,1.0,3.044522437723423,"(1.645, 3.29]",1,1,-1.3012860250986122,1.8846665238145945,0.9063330158789191,1.0214474997012368,0.32981992674178046,-0.19747650460984656,-0.6390003128053527,-0.19747650460984656,0.24404730358565963,77.5,72.5,142.5,4.0,-0.19747650460984656,2.2076190409775314,65.0,Dominado por rareza,Rareza,1.157452788691043,0.8094275863317937,0.9314425368947573,0.35774963506849783,0.2821753605887091,0.1777447229249331,0.14330354688063304,0.2977600207297401,0.14070142930283377,0.01860116071811976,0.10143678144610718,53.0,62.5,1.4057471257844287,0.9285714285714286,2.191015007475224,0.09077936682727462,0.26824577244036735,-0.09737585293178269,-0.28986884486284525,-1.2306214890164984,0.3558480270647038,0.6553325481355352,-0.12133712232217748,0.4599200835136422,-0.24117425187463498,-0.11515379142272358,276.0,280.0,2
10974.0,Por la Expedición de Copias Certificadas de Escrituras Resguardadas en el Archivo General de Notarías,Secretaría de Gobierno,Dirección General del Archivo General de Notarías,Calle 517 Centro 42000 Pachuca De Soto Pachuca De Soto,Ambos,1440.0,1.0,0.0,,1418.0,0.0,100.0,VERDADERO,,1.0,1.0,0.0,7.273092595999522,"(6.579, 8.224]",0,1,0.09179778444881183,1.3639886036055924,0.6559398647502834,-0.6454347264697414,0.08913581800905887,0.3738688245995476,0.2610404085392533,0.3738688245995476,0.4866972406598419,301.0,292.0,287.0,27.0,0.3738688245995476,0.5641420803014716,14.0,Dominado por rareza,Rareza,0.7503940547476008,0.8094275863317937,1.157452788691043,0.35774963506849783,0.18293853110111424,0.1777447229249331,0.1780754940817648,0.2977600207297401,0.24207751868742,0.049374385597803466,0.22815689317683993,171.5,256.5,1.9126275727073598,1.0,2.734552078625595,-0.49292856782458705,0.18347592111282765,-0.6876167590336059,-0.28986884486284525,-0.11836896865719373,0.649444724332729,0.6553325481355352,0.041784539982923884,0.36068325402604734,-0.6228659323296433,0.14088559287035682,378.5,405.5,2
670.0,Cursos musicales EMEH,Secretaría de Cultura,Escuela de Música del Estado de Hidalgo,Calle 201 Centro 42000 Pachuca De Soto Pachuca De Soto,Social,1440.0,0.0,1.0,,130.0,27.0,82.80254777,VERDADERO,,1.0,1.0,0.0,7.273092595999522,"(6.579, 8.224]",0,0,0.09179778444881183,1.3639886036055924,0.6559398647502834,-0.6454347264697414,0.08913581800905887,0.3738688245995476,0.2610404085392533,0.3738688245995476,0.4866972406598419,301.0,292.0,287.0,28.0,0.3738688245995476,0.5641420803014716,14.0,Dominado por rareza,Rareza,0.7503940547476008,0.7794752640484426,1.157452788691043,0.35774963506849783,0.18293853110111424,0.17116739925186739,0.1780754940817648,0.2977600207297401,0.24076205395280686,0.04916099053197957,0.22651256225857352,160.5,234.0,1.906050249034294,1.0,2.7279747549525295,-0.5120445697255819,0.18069977135894297,-0.6876167590336059,-0.3310191299741076,-0.11836896865719373,0.649444724332729,0.6553325481355352,0.03355448296067141,0.35410593035298166,-0.6481640977248081,0.1345610515215656,366.5,394.5,2
1205.0,Inscripción UPT,Secretaría de Educación Pública,Universidad Politécnica de Tulancingo,Calle 100 Huapalcalco 43629 Tulancingo De Bravo Tulancingo De Bravo,Social,10.0,2.0,3.0,Nivel 4.1,1386.0,0.0,100.0,VERDADERO,,5.0,1.0,12.0,2.3978952727983707,"(1.645, 3.29]",1,2,-1.5143144958471932,1.8846665238145945,0.9063330158789191,1.172194762402416,0.35158659387487234,-0.30399073998413706,-0.7881202423293596,-0.30399073998413706,0.18013876236108534,21.0,18.0,18.0,-88.0,-0.30399073998413706,2.4206475117261124,3.0,Dominado por rareza,Rareza,1.157452788691043,2.6931245508855346,3.6094152827596893,0.35774963506849783,0.2821753605887091,0.5913916021429794,0.5553128525877803,0.2977600207297401,0.2845298192130144,0.04720011193074421,0.2812222688338329,214.0,316.0,2.1248890753353313,0.1428571428571429,1.7124333656046942,2.471223568829073,0.61394931545893,-0.09737585293178269,2.2980662882233824,-1.4379754668868243,-2.8737156428835746,0.6553325481355352,-0.2911336252686527,0.8735669627316884,1.349823498244361,-0.5766337658476256,165.0,77.0,3
8289.0,Titulación UTVM,Secretaría de Educación Pública,Universidad Tecnológica del Valle del Mezquital,Carretera S/N El Nith 42300 El Nith Ixmiquilpan,Social,259200.0,1.0,6.0,Nivel 1,1317.0,0.0,100.0,VERDADERO,,7.0,1.0,1.0,12.465359101477507,"(11.514, 13.159]",2,1,1.8023671099878293,3.003279479189374,1.444272137010033,0.28840234507508133,0.22397422454881763,1.623319623498931,1.6949386180944903,1.623319623498931,1.551700628903372,652.0,652.0,652.0,13.0,1.623319623498931,-0.35809497297779624,0.0,Dominado por tiempo,Tiempo,1.9671875475025984,0.8094275863317937,0.9314425368947573,0.35774963506849783,0.4795805591257976,0.1777447229249331,0.14330354688063304,0.2977600207297401,0.544341694632007,0.1309420198578009,0.6059871131075737,621.0,646.0,3.4239484524302948,0.9285714285714286,4.20921633412109,0.5528758450711284,0.3353544194781607,1.0767509692910755,-0.28986884486284525,2.313968759672197,0.3558480270647038,0.6553325481355352,0.8224062918601334,0.6573252820507307,0.5180995212722059,0.9608122140361606,634.0,647.0,2
1633.0,Reinscripción UTMIR,Secretaría de Educación Pública,Universidad Tecnológica de Mineral de la Reforma,Calle 1000 Paseos de Chavarría 42186 Pachuquilla Mineral De La Reforma,Social,5.0,0.0,0.0,Nivel 3.5,287.0,0.0,100.0,VERDADERO,,0.0,1.0,7.0,1.791759469228055,"(1.645, 3.29]",0,0,-1.7140032659834012,1.8846665238145945,0.9063330158789191,1.313502332157849,0.3719902468443441,-0.40383512505224106,-0.9279023814247052,-0.40383512505224106,0.12023213132022292,2.5,2.5,2.5,2.0,-0.40383512505224106,2.62033628186232,0.0,Dominado por rareza,Rareza,0.7503940547476008,0.7794752640484426,2.7862149739515463,0.35774963506849783,0.18293853110111424,0.17116739925186739,0.428662501790275,0.2977600207297401,0.13533866556415114,0.017415845231864787,0.0947333267727539,48.0,55.0,1.3789333070910157,0.5,1.4502708053007405,0.35516795727398287,0.30664199797434505,-0.6876167590336059,-0.3310191299741076,-1.6323450771003065,-1.4057321565434482,0.6553325481355352,-0.6802761149031865,0.35410593035298166,-0.6481640977248081,-0.7577271958082569,28.0,30.0,3
7282.0,Solicitud de Examen de Admisión UTVAM,Secretaría de Educación Pública,Universidad Tecnológica de la Zona Metropolitana del Valle de México,Boulevard 5 Los Héroes Tizayuca 43816 Tizayuca Tizayuca,Social,2880.0,1.0,3.0,Nivel 1,375.0,0.0,100.0,VERDADERO,,4.0,1.0,1.0,7.9658927350845286,"(6.579, 8.224]",1,1,0.32003773811792385,1.3639886036055924,0.6559398647502834,-0.8069462283537766,0.06581488310993365,0.4879888014341036,0.4208083761076317,0.4879888014341036,0.5551692267605756,393.0,378.0,373.0,8.0,0.4879888014341036,0.3359021266323596,20.0,Dominado por rareza,Rareza,1.157452788691043,0.8094275863317937,0.9314425368947573,0.35774963506849783,0.2821753605887091,0.1777447229249331,0.14330354688063304,0.2977600207297401,0.2777944905116238,0.05799992467595035,0.2728031079570947,209.0,313.5,2.091212431828379,0.9285714285714286,2.8764803135191745,-0.022597739165925276,0.2517804139135512,-0.09737585293178269,-0.28986884486284525,0.10379130004268618,0.3558480270647038,0.6553325481355352,0.14554543548965942,0.4599200835136422,-0.24117425187463498,0.21844940584207256,438.0,446.0,2
347.0,Solicitud de examen de admisión UTSH,Secretaría de Educación Pública,Universidad Tecnológica de la Sierra Hidalguense,Carretera Km. 100 Tramo Pachuca-Huejutla 43200 Zacualtipán De Ángeles Zacualtipán De Ángeles,Social,1440.0,1.0,4.0,,1031.0,0.0,100.0,VERDADERO,,5.0,1.0,0.0,7.273092595999522,"(6.579, 8.224]",2,1,0.09179778444881183,1.3639886036055924,0.6559398647502834,-0.6454347264697414,0.08913581800905887,0.3738688245995476,0.2610404085392533,0.3738688245995476,0.4866972406598419,301.0,292.0,287.0,-10.0,0.3738688245995476,0.5641420803014716,14.0,Dominado por rareza,Rareza,1.9671875475025984,0.8094275863317937,1.157452788691043,0.35774963506849783,0.4795805591257976,0.1777447229249331,0.1780754940817648,0.2977600207297401,0.3014059242923567,0.060924532703139446,0.3023174001830108,250.0,349.5,2.209269600732043,1.0,3.031194106650278,0.6540258080957038,0.3500440730160956,1.0767509692910755,-0.28986884486284525,-0.11836896865719373,0.649444724332729,0.6553325481355352,0.3946580856478602,0.6573252820507307,0.5180995212722059,0.4261269562708191,561.0,551.0,2
429.0,Prestación de servicios de la Alberca semiolímpica del Instituto Hidalguense del Deporte,Secretaría de Educación Pública,Instituto Hidalguense del Deporte,Calle #104 Carlos Rovirosa 42082 Pachuca De Soto Pachuca De Soto,Social,60.0,3.0,3.0,Nivel 2,8951.0,500.0,94.70955454,VERDADERO,,6.0,1.0,2.0,4.110873864173311,"(3.29, 4.934]",1,3,-0.9499812454988917,1.754854912292604,0.8439068264813923,0.6030482046840534,0.2694065035049546,-0.05303720950874974,-0.41181482390480656,-0.05303720950874974,0.30574040488730697,199.5,194.5,194.5,-33.0,-0.05303720950874974,1.7938880719802839,5.0,Dominado por rareza,Rareza,1.157452788691043,4.014880390867853,2.2512917986064953,0.35774963506849783,0.2821753605887091,0.881640080844775,0.3463639323142087,0.2977600207297401,0.35098043699373666,0.0602385244635355,0.36428554105973576,325.0,437.0,2.457142164238943,0.8571428571428572,2.9679210890675916,2.218166129854076,0.5771986732185899,-0.09737585293178269,4.113973220187095,-0.9494378303744968,0.06225132979667862,0.6553325481355352,0.7569486829626059,1.163815441433484,2.466197632295538,0.5585859199633137,626.0,593.0,0
7207.0,Reposición de Credencial UPFIM,Secretaría de Educación Pública,Universidad Politécnica Francisco I. Madero,Calle s/n Domicilio Conocido 42660 Tepatepec Francisco I. Madero,Social,480.0,0.0,1.0,Nivel 1,150.0,0.0,100.0,VERDADERO,,1.0,1.0,1.0,6.175867270105761,"(4.934, 6.579]",0,0,-0.26967826530677347,3.791736839553644,1.8234399782600113,2.7860177983679235,0.5846093911458844,0.7768808564766189,0.358257207763262,0.7768808564766189,1.1955045051899758,377.0,449.0,630.0,36.0,0.7768808564766189,2.0931182435667846,253.0,Dominado por rareza,Rareza,0.7503940547476008,0.7794752640484426,0.9314425368947573,0.35774963506849783,0.18293853110111424,0.17116739925186739,0.14330354688063304,0.2977600207297401,0.3144100708879947,0.07052737763442188,0.3185725834275584,269.5,366.5,2.2742903337102334,0.9285714285714286,3.059558215401029,-0.4731921475684789,0.18634217204334824,-0.6876167590336059,-0.3310191299741076,0.6661848296746657,0.3558480270647038,0.6553325481355352,0.13174590317343826,0.35410593035298166,-0.6481640977248081,0.2573003267875242,429.5,465.5,2
6993.0,Constancia Escolar UTHH,Secretaría de Educación Pública,Universidad Tecnológica de la Huasteca Hidalguense,Carretera s/n Tepoxteco 43000 Huejutla De Reyes Huejutla De Reyes,Social,1455.0,0.0,1.0,,1000.0,0.0,100.0,VERDADERO,,1.0,1.0,0.0,7.283448228756631,"(6.579, 8.224]",0,0,0.0952094020385811,1.3639886036055924,0.6559398647502834,-0.6478489202685029,0.08878722824450319,0.37557463339443226,0.2634285408520918,0.37557463339443226,0.4877207259367727,372.0,363.0,358.0,27.0,0.37557463339443226,0.5607304627117023,14.0,Dominado por rareza,Rareza,0.7503940547476008,0.7794752640484426,1.157452788691043,0.35774963506849783,0.18293853110111424,0.17116739925186739,0.1780754940817648,0.2977600207297401,0.24110321571178378,0.049259035987342915,0.2269390144572947,168.0,252.0,1.9077560578291788,1.0,2.729680563747414,-0.5123267133480767,0.18065879663252238,-0.6876167590336059,-0.3310191299741076,-0.11504822718200412,0.649444724332729,0.6553325481355352,0.03421863125570934,0.35410593035298166,-0.6481640977248081,0.135391236890363,375.0,402.0,2
1259.0,Publicación en el Periódico Oficial de Avisos Judiciales que deberán publicarse por disposición de Ley.,Secretaría de Gobierno,Secretaría de Gobierno,Calle 517 Centro 42000 Pachuca De Soto Pachuca De Soto,Ambos,20.0,0.0,0.0,Nivel 1,1250.0,5.0,99.60159363,VERDADERO,,0.0,1.0,1.0,3.044522437723423,"(1.645, 3.29]",0,0,-1.3012860250986122,1.8846665238145945,0.9063330158789191,1.0214474997012368,0.32981992674178046,-0.19747650460984656,-0.6390003128053527,-0.19747650460984656,0.24404730358565963,77.5,72.5,142.5,10.0,-0.19747650460984656,2.2076190409775314,65.0,Dominado por rareza,Rareza,0.7503940547476008,0.7794752640484426,0.9314425368947573,0.35774963506849783,0.18293853110111424,0.17116739925186739,0.14330354688063304,0.2977600207297401,0.11953859867070164,0.014523849313531187,0.07498324315594204,18.0,22.0,1.299932972623768,0.9285714285714286,2.0852008543145635,-0.3120318133705117,0.2097469208206736,-0.6876167590336059,-0.3310191299741076,-1.2306214890164984,0.3558480270647038,0.6553325481355352,-0.2476153605647946,0.35410593035298166,-0.6481640977248081,-0.21690125288526685,198.0,208.0,2
1765.0,"Certificación en estándares de competencia del CONOCER, a través del ICATHI",Secretaría de Trabajo y Previsión Social,Instituto de Capacitación para el Trabajo del Estado de Hidalgo,Calle Lote 17 San Juan Tilcuautla 42160 San Juan Tilcuautla San Agustín Tlaxiaca,Social,30.0,0.0,2.0,Nivel 1,473.0,7.0,98.54166667,VERDADERO,,2.0,1.0,1.0,3.4339872044851463,"(3.29, 4.934]",1,0,-1.17297857348804,1.754854912292604,0.8439068264813923,0.7608498199607056,0.2921917612353043,-0.16453587350332388,-0.5679129534972103,-0.16453587350332388,0.23884120649056245,142.0,128.0,88.0,7.0,-0.16453587350332388,2.016885399969432,54.0,Dominado por rareza,Rareza,1.157452788691043,0.7794752640484426,0.9314425368947573,0.35774963506849783,0.2821753605887091,0.17116739925186739,0.14330354688063304,0.2977600207297401,0.14597409078952514,0.020281107500737493,0.10802760830447142,57.0,67.0,1.4321104332178858,0.9285714285714286,2.2173783149086814,0.06621492954739597,0.2646783655703512,-0.09737585293178269,-0.3310191299741076,-1.166495122531356,0.3558480270647038,0.6553325481355352,-0.11674190604740149,0.4533427598405765,-0.26647241726980003,-0.10544674115022928,280.0,287.0,2
350.0,Inscripción UTSH,Secretaría de Educación Pública,Universidad Tecnológica de la Sierra Hidalguense,Carretera Km. 100 Tramo Pachuca-Huejutla 43200 Zacualtipán De Ángeles Zacualtipán De Ángeles,Social,1440.0,0.0,6.0,,804.0,0.0,100.0,VERDADERO,,6.0,1.0,0.0,7.273092595999522,"(6.579, 8.224]",2,0,0.09179778444881183,1.3639886036055924,0.6559398647502834,-0.6454347264697414,0.08913581800905887,0.3738688245995476,0.2610404085392533,0.3738688245995476,0.4866972406598419,301.0,292.0,287.0,-7.0,0.3738688245995476,0.5641420803014716,14.0,Dominado por rareza,Rareza,1.9671875475025984,0.7794752640484426,1.157452788691043,0.35774963506849783,0.4795805591257976,0.17116739925186739,0.1780754940817648,0.2977600207297401,0.3000904595577435,0.060711137637315546,0.30067306926474435,245.0,344.0,2.2026922770589774,1.0,3.024616782977213,0.6349098061947087,0.3472679232622109,1.0767509692910755,-0.3310191299741076,-0.11836896865719373,0.649444724332729,0.6553325481355352,0.38642802862560766,0.650747958377665,0.4928013558770408,0.41980241492202786,556.0,549.0,2
840.0,Inscripción a los cursos de capacitación presenciales del ICATHI,Secretaría de Trabajo y Previsión Social,Instituto de Capacitación para el Trabajo del Estado de Hidalgo,Calle Lote 17 San Juan Tilcuautla 42160 San Juan Tilcuautla San Agustín Tlaxiaca,Ambos,60.0,1.0,1.0,Nivel 3.1,73362.0,0.0,100.0,VERDADERO,,2.0,1.0,3.0,4.110873864173311,"(3.29, 4.934]",0,1,-0.9499812454988917,1.754854912292604,0.8439068264813923,0.6030482046840534,0.2694065035049546,-0.05303720950874974,-0.41181482390480656,-0.05303720950874974,0.30574040488730697,199.5,194.5,194.5,15.0,-0.05303720950874974,1.7938880719802839,5.0,Dominado por rareza,Rareza,0.7503940547476008,0.8094275863317937,3.8607297110405954,0.35774963506849783,0.18293853110111424,0.1777447229249331,0.5939778775661291,0.2977600207297401,0.23987678856263334,0.04633893671898405,0.2254059805208567,153.0,215.5,1.9016239220834268,0.7857142857142857,2.093360330231583,-0.10578374191474718,0.239699603174263,-0.6876167590336059,-0.28986884486284525,-0.9494378303744968,-0.231345367471347,0.6553325481355352,-0.30058725072135195,0.36068325402604734,-0.6228659323296433,-0.287079145509988,159.0,174.0,2
6737.0,Titulación UPFIM,Secretaría de Educación Pública,Universidad Politécnica Francisco I. Madero,Calle s/n Domicilio Conocido 42660 Tepatepec Francisco I. Madero,Social,518400.0,0.0,8.0,Nivel 3.9,750.0,0.0,100.0,VERDADERO,,8.0,1.0,11.0,13.158504353030688,"(11.514, 13.159]",3,0,2.030720759439178,3.003279479189374,1.444272137010033,0.1268103876167628,0.20064167252528797,1.7374964482246056,1.8547861727104342,1.7374964482246056,1.6202067237387765,663.5,663.5,663.5,-10.0,1.7374964482246056,-0.5864486224291448,0.0,Dominado por tiempo,Tiempo,2.8622008809294686,0.7794752640484426,4.197201947661808,0.35774963506849783,0.6977758173332946,0.17116739925186739,0.6457445330760089,0.2977600207297401,0.7099888437231032,0.17176294510315476,0.8130460494714441,660.0,665.0,4.252184197885777,0.2142857142857143,3.820725379095482,2.4136307768024885,0.6055853167400445,2.3745329276275564,-0.3310191299741076,2.5362396956112074,-2.5801189456155496,0.6553325481355352,0.5309934191569283,0.868943216585162,1.3320393202755794,0.4858731546016931,590.0,580.0,3
7961.0,Emisión de constancias de estudio UTVM,Secretaría de Educación Pública,Universidad Tecnológica del Valle del Mezquital,Carretera S/N El Nith 42300 El Nith Ixmiquilpan,Social,10.0,0.0,1.0,Nivel 1,672.0,0.0,100.0,VERDADERO,,1.0,1.0,1.0,2.3978952727983707,"(1.645, 3.29]",0,0,-1.5143144958471932,1.8846665238145945,0.9063330158789191,1.172194762402416,0.35158659387487234,-0.30399073998413706,-0.7881202423293596,-0.30399073998413706,0.18013876236108534,21.0,18.0,18.0,17.0,-0.30399073998413706,2.4206475117261124,3.0,Dominado por rareza,Rareza,0.7503940547476008,0.7794752640484426,0.9314425368947573,0.35774963506849783,0.18293853110111424,0.17116739925186739,0.14330354688063304,0.2977600207297401,0.09823575159584355,0.008401687942768226,0.04835468431236942,5.5,5.5,1.1934187372494776,0.9285714285714286,1.9786866189402732,-0.29441418101576616,0.2123054676328662,-0.6876167590336059,-0.3310191299741076,-1.4379754668868243,0.3558480270647038,0.6553325481355352,-0.2890861561388597,0.35410593035298166,-0.6481640977248081,-0.26873974735284833,168.5,185.5,2
10525.0,Certificado de Estudios UPFIM,Secretaría de Educación Pública,Universidad Politécnica Francisco I. Madero,Calle s/n Domicilio Conocido 42660 Tepatepec Francisco I. Madero,Social,21600.0,0.0,1.0,Nivel 1,600.0,0.0,100.0,VERDADERO,,1.0,1.0,1.0,9.980494888896912,"(9.869, 11.514]",0,0,0.9837395422993063,1.6245897174547026,0.7812625096170339,-0.9357237539840406,0.04722046564330571,0.88250102595817,0.9229964324946245,0.88250102595817,0.8420056194217156,536.0,522.0,487.0,33.0,0.88250102595817,-0.20247703268227235,49.0,Dominado por tiempo,Tiempo,0.7503940547476008,0.7794752640484426,0.9314425368947573,0.35774963506849783,0.18293853110111424,0.17116739925186739,0.14330354688063304,0.2977600207297401,0.33553410478430495,0.07659815042175078,0.3449776257979462,301.5,404.0,2.379910503191785,0.9285714285714286,3.16517838488258,-0.4906618999319366,0.18380510132241912,-0.6876167590336059,-0.3310191299741076,0.871798306674979,0.3558480270647038,0.6553325481355352,0.17286859857350093,0.35410593035298166,-0.6481640977248081,0.3087036960376025,457.5,490.5,2
9072.0,Admisión- UICEH,Secretaría de Educación Pública,Universidad Intercultural del Estado de Hidalgo,Carretera s/n El Desdavi 43487 El Desdavi Tenango De Doria,Social,1440.0,0.0,3.0,,208.0,251.0,45.31590414,VERDADERO,,3.0,1.0,0.0,7.273092595999522,"(6.579, 8.224]",1,0,0.09179778444881183,1.3639886036055924,0.6559398647502834,-0.6454347264697414,0.08913581800905887,0.3738688245995476,0.2610404085392533,0.3738688245995476,0.4866972406598419,301.0,292.0,287.0,14.0,0.3738688245995476,0.5641420803014716,14.0,Dominado por rareza,Rareza,1.157452788691043,0.7794752640484426,1.157452788691043,0.35774963506849783,0.2821753605887091,0.17116739925186739,0.1780754940817648,0.2977600207297401,0.2606094198503258,0.05302490687074425,0.25132176963047226,190.0,280.0,2.005287078521889,1.0,2.827211584440124,-0.12834939142879057,0.23642247322475202,-0.09737585293178269,-0.3310191299741076,-0.11836896865719373,0.649444724332729,0.6553325481355352,0.15160266418103605,0.4533427598405765,-0.26647241726980003,0.2299839716353176,441.0,455.0,2
8190.0,Historial Académico UPMH,Secretaría de Educación Pública,Universidad Politécnica Metropolitana de Hidalgo,Boulevard 1009 San Javier 43860 Tolcayuca Tolcayuca,Social,180.0,0.0,1.0,Nivel 3.7,653.0,0.0,100.0,VERDADERO,,1.0,1.0,9.0,5.198497031265826,"(4.934, 6.579]",0,0,-0.5916685846577694,3.791736839553644,1.8234399782600113,3.013870719096663,0.6175094822781292,0.6158856968011209,0.1328639842175648,0.6158856968011209,1.098907409384677,223.5,393.5,619.5,8.0,0.6158856968011209,2.415108562917781,396.0,Dominado por rareza,Rareza,0.7503940547476008,0.7794752640484426,3.3217332103079085,0.35774963506849783,0.18293853110111424,0.17116739925186739,0.5110526221137135,0.2977600207297401,0.35576085399951124,0.08028628627182437,0.370261062316954,332.5,442.5,2.481044249267816,0.3571428571428571,2.3271344842969595,0.39752700103520683,0.31279365298680833,-0.6876167590336059,-0.3310191299741076,0.3527714473293375,-1.992925551079499,0.6553325481355352,-0.4006914889244679,0.35410593035298166,-0.6481640977248081,-0.40824641333485856,131.5,139.5,3
8138.0,Titulación UTVAM,Secretaría de Educación Pública,Universidad Tecnológica de la Zona Metropolitana del Valle de México,Boulevard 5 Los Héroes Tizayuca 43816 Tizayuca Tizayuca,Social,2880.0,2.0,7.0,Nivel 3.1,36.0,0.0,100.0,VERDADERO,,9.0,1.0,3.0,7.9658927350845286,"(6.579, 8.224]",3,2,0.32003773811792385,1.3639886036055924,0.6559398647502834,-0.8069462283537766,0.06581488310993365,0.4879888014341036,0.4208083761076317,0.4879888014341036,0.5551692267605756,393.0,378.0,373.0,-6.0,0.4879888014341036,0.3359021266323596,20.0,Dominado por rareza,Rareza,2.8622008809294686,2.6931245508855346,3.8607297110405954,0.35774963506849783,0.6977758173332946,0.5913916021429794,0.5939778775661291,0.2977600207297401,0.5337788238412493,0.11090195464965572,0.5927835246191266,610.0,643.0,3.3711340984765066,0.7857142857142857,3.5628705066246633,2.9975295831786393,0.6903828876970941,2.3745329276275564,2.2980662882233824,0.10379130004268618,-0.231345367471347,0.6553325481355352,1.0400755393115628,1.2891674194762741,2.9483352357897408,0.8690284291241538,650.0,644.0,0
7271.0,Inscripción UTVAM,Secretaría de Educación Pública,Universidad Tecnológica de la Zona Metropolitana del Valle de México,Boulevard 5 Los Héroes Tizayuca 43816 Tizayuca Tizayuca,Social,2880.0,0.0,5.0,Nivel 4.3,257.0,0.0,100.0,VERDADERO,,5.0,1.0,14.0,7.9658927350845286,"(6.579, 8.224]",2,0,0.32003773811792385,1.3639886036055924,0.6559398647502834,-0.8069462283537766,0.06581488310993365,0.4879888014341036,0.4208083761076317,0.4879888014341036,0.5551692267605756,393.0,378.0,373.0,-57.0,0.4879888014341036,0.3359021266323596,20.0,Dominado por rareza,Rareza,1.9671875475025984,0.7794752640484426,4.553876891600541,0.35774963506849783,0.4795805591257976,0.17116739925186739,0.7006193992381997,0.2977600207297401,0.42742323595594167,0.09428578494016818,0.4598390397624921,514.0,572.0,2.8393561590499683,0.0,2.138736759811769,2.093192162230101,0.5590491432458378,1.0767509692910755,-0.3310191299741076,0.10379130004268618,-3.4609090374196256,0.6553325481355352,-0.3912106699848873,0.650747958377665,0.4928013558770408,-0.5522459583410909,137.0,80.0,3
1643.0,Credencialización UTMIR,Secretaría de Educación Pública,Universidad Tecnológica de Mineral de la Reforma,Calle 1000 Paseos de Chavarría 42186 Pachuquilla Mineral De La Reforma,Social,15.0,0.0,0.0,Nivel 3.5,520.0,0.0,100.0,VERDADERO,,0.0,1.0,7.0,2.772588722239781,"(1.645, 3.29]",0,0,-1.390873389652303,1.8846665238145945,0.9063330158789191,1.0848430164207854,0.3389737188932182,-0.24227018688669189,-0.7017114679929362,-0.24227018688669189,0.21717109421955244,44.5,41.5,41.5,7.0,-0.24227018688669189,2.297206405531222,3.0,Dominado por rareza,Rareza,0.7503940547476008,0.7794752640484426,2.7862149739515463,0.35774963506849783,0.18293853110111424,0.17116739925186739,0.428662501790275,0.2977600207297401,0.167651653197261,0.026702177897456814,0.1351245613141412,85.0,111.0,1.5404982452565648,0.5,1.6118357434662898,0.3284448467712817,0.302761094580982,-0.6876167590336059,-0.3310191299741076,-1.317822492440359,-1.4057321565434482,0.6553325481355352,-0.6173715979711971,0.35410593035298166,-0.6481640977248081,-0.67909654964327,42.0,49.0,3
1575.0,Capacitación en elaboración de quesos y derivados lácteos.,Secretaría de Agricultura y Desarrollo Rural,Secretaría de Agricultura y Desarrollo Rural,"Carretera S/N Venta Prieta, Ex Centro Minero 42080 Pachuca De Soto Pachuca De Soto",Ambos,14400.0,1.0,1.0,Nivel 2,537.0,10.0,98.17184644,FALSO,,2.0,0.0,2.0,9.575052927597383,"(8.224, 9.869]",0,1,0.8501684743362787,1.9459101490553135,0.9357849740192016,-0.42089491810441176,0.12155752291593097,0.8929767241777402,0.8758534242411555,0.8929767241777402,0.9101000241143247,492.0,563.0,560.0,15.0,0.8929767241777402,0.08561649968292284,68.0,Sensible,Mixto,0.7503940547476008,0.8094275863317937,2.2512917986064953,1.2014696741078175,0.18293853110111424,0.1777447229249331,0.3463639323142087,1.0,0.5200047821035992,0.10156517696490126,0.4000059776294991,606.0,502.0,1.6000239105179963,0.8571428571428572,2.110802835346645,-1.4053678927635558,0.05096556562723888,-0.6876167590336059,-0.28986884486284525,0.8921916155051457,0.06225132979667862,-1.5236481744151193,-0.30933816660194924,0.36068325402604734,-0.6228659323296433,-0.29801779036073456,158.0,173.0,1
540.0,Constancia de Uso de Suelo,Secretaría de Infraestructura Pública y Desarrollo Urbano Sostenible,Secretaría de Infraestructura Pública y Desarrollo Urbano Sostenible,Boulevard km. 93.5 Venta Prieta 42080 Pachuca De Soto Pachuca De Soto,Ambos,25.0,1.0,3.0,Nivel 1,503.0,0.0,100.0,VERDADERO,,4.0,1.0,1.0,3.258096538021482,"(1.645, 3.29]",1,1,-1.230924978662722,1.8846665238145945,0.9063330158789191,0.9716572762924646,0.32263062724803554,-0.1622959813919015,-0.5897475803002297,-0.1622959813919015,0.2651556175164267,103.0,167.0,168.0,8.0,-0.1622959813919015,2.137257994541641,65.0,Dominado por rareza,Rareza,1.157452788691043,0.8094275863317937,0.9314425368947573,0.35774963506849783,0.2821753605887091,0.1777447229249331,0.14330354688063304,0.2977600207297401,0.14773753394642278,0.020623245742635833,0.11023191225059345,64.0,75.5,1.440927649002374,0.9285714285714286,2.2261955306931696,0.08496044955369716,0.2674007115410965,-0.09737585293178269,-0.28986884486284525,-1.1621346674459703,0.3558480270647038,0.6553325481355352,-0.10763975800807186,0.4599200835136422,-0.24117425187463498,-0.09803208603009156,286.0,294.0,2
9518.0,Inscripción a cursos de Educación Continua UTHH,Secretaría de Educación Pública,Universidad Tecnológica de la Huasteca Hidalguense,Carretera S/N Tepoxteco 43000 Tepoxteco Huejutla De Reyes,Ambos,4320.0,1.0,1.0,Nivel 2,39.0,0.0,100.0,VERDADERO,,2.0,1.0,2.0,8.371242135931933,"(8.224, 9.869]",0,1,0.4535783124477769,1.9459101490553135,0.9357849740192016,-0.14025223635945364,0.16208002214691,0.6946816432334892,0.5982403109192043,0.6946816432334892,0.7911229755477741,426.5,419.5,406.5,25.0,0.6946816432334892,0.48220666157142467,20.0,Dominado por rareza,Rareza,0.7503940547476008,0.8094275863317937,2.2512917986064953,0.35774963506849783,0.18293853110111424,0.1777447229249331,0.3463639323142087,0.2977600207297401,0.3398977700606971,0.07651432282892497,0.35043220739343633,309.0,415.0,2.401728829573745,0.8571428571428572,2.912507754402394,-0.33496897351496907,0.20641583768835112,-0.6876167590336059,-0.28986884486284525,0.5061655253640223,0.06225132979667862,0.6553325481355352,0.049252759879956996,0.36068325402604734,-0.6228659323296433,0.1502208677416482,388.0,413.0,2
351.0,Servicio de Diseño de Imagen Corporativa o Logotipo,Secretaría de Desarrollo Económico,Instituto Hidalguense de Competitividad Empresarial,Calle 605 Venta Prieta 42080 Pachuca De Soto Pachuca De Soto,Empresarial,1440.0,0.0,1.0,,111.0,0.0,100.0,VERDADERO,,1.0,1.0,0.0,7.273092595999522,"(6.579, 8.224]",0,0,0.09179778444881183,1.3639886036055924,0.6559398647502834,-0.6454347264697414,0.08913581800905887,0.3738688245995476,0.2610404085392533,0.3738688245995476,0.4866972406598419,301.0,292.0,287.0,28.0,0.3738688245995476,0.5641420803014716,14.0,Dominado por rareza,Rareza,0.7503940547476008,0.7794752640484426,1.157452788691043,0.35774963506849783,0.18293853110111424,0.17116739925186739,0.1780754940817648,0.2977600207297401,0.24076205395280686,0.04916099053197957,0.22651256225857352,160.5,234.0,1.906050249034294,1.0,2.7279747549525295,-0.5120445697255819,0.18069977135894297,-0.6876167590336059,-0.3310191299741076,-0.11836896865719373,0.649444724332729,0.6553325481355352,0.03355448296067141,0.35410593035298166,-0.6481640977248081,0.1345610515215656,366.5,394.5,2
8326.0,Titulación UTMZ,Secretaría de Educación Pública,Universidad Tecnológica Minera de Zimapán,Calle 34 La Tahona 42344 Zimapán Zimapán,Social,216000.0,0.0,6.0,Nivel 1,397.0,0.0,100.0,VERDADERO,,6.0,1.0,1.0,12.283038316285214,"(11.514, 13.159]",2,0,1.7423023305260874,3.003279479189374,1.444272137010033,0.3309065279985646,0.23011147961323258,1.5932872337680601,1.652893272471271,1.5932872337680601,1.5336811950648492,646.0,646.0,646.0,16.0,1.5932872337680601,-0.2980301935160543,0.0,Dominado por tiempo,Tiempo,1.9671875475025984,0.7794752640484426,0.9314425368947573,0.35774963506849783,0.4795805591257976,0.17116739925186739,0.14330354688063304,0.2977600207297401,0.5370197519512196,0.12900244109797646,0.5968346847565895,612.0,644.0,3.387338739026358,0.9285714285714286,4.172606620717154,0.5387272505702211,0.33329966883809803,1.0767509692910755,-0.3310191299741076,2.2555039408264794,0.3558480270647038,0.6553325481355352,0.8024832710687372,0.650747958377665,0.4928013558770408,0.9398714679759398,630.0,646.0,2
8327.0,Certificado Parcial de Estudios UTMZ,Secretaría de Educación Pública,Universidad Tecnológica Minera de Zimapán,Calle 34 LA Tahona 42344 Zimapán Zimapán,Social,7200.0,0.0,1.0,Nivel 3.9,397.0,0.0,100.0,VERDADERO,,1.0,1.0,11.0,8.881975184248867,"(8.224, 9.869]",0,0,0.6218370651655479,1.9459101490553135,0.9357849740192016,-0.25931869873693625,0.14488780248834904,0.7788110195923748,0.716021437821644,0.7788110195923748,0.8416006013631054,461.5,461.5,441.5,7.0,0.7788110195923748,0.31394790885365365,20.0,Dominado por rareza,Rareza,0.7503940547476008,0.7794752640484426,4.197201947661808,0.35774963506849783,0.18293853110111424,0.17116739925186739,0.6457445330760089,0.2977600207297401,0.41528430075022105,0.09661433256104143,0.4446653707553413,506.0,570.0,2.7786614830213656,0.2142857142857143,2.3472026642310704,0.5816014507478924,0.3395261382058925,-0.6876167590336059,-0.3310191299741076,0.6699423274268128,-2.5801189456155496,0.6553325481355352,-0.45469599181218295,0.35410593035298166,-0.6481640977248081,-0.4757520419445024,101.0,108.0,3
7527.0,Cursos de Verano (asignaturas) ITESHU.,Secretaría de Educación Pública,Instituto Tecnológico Superior de Huichapan,Calle S/N El Saucillo 42411 Huichapan Huichapan,Social,21600.0,0.0,1.0,Nivel 1,210.0,0.0,100.0,VERDADERO,,1.0,1.0,1.0,9.980494888896912,"(9.869, 11.514]",0,0,0.9837395422993063,1.6245897174547026,0.7812625096170339,-0.9357237539840406,0.04722046564330571,0.88250102595817,0.9229964324946245,0.88250102595817,0.8420056194217156,536.0,522.0,487.0,33.0,0.88250102595817,-0.20247703268227235,49.0,Dominado por tiempo,Tiempo,0.7503940547476008,0.7794752640484426,0.9314425368947573,0.35774963506849783,0.18293853110111424,0.17116739925186739,0.14330354688063304,0.2977600207297401,0.33553410478430495,0.07659815042175078,0.3449776257979462,301.5,404.0,2.379910503191785,0.9285714285714286,3.16517838488258,-0.4906618999319366,0.18380510132241912,-0.6876167590336059,-0.3310191299741076,0.871798306674979,0.3558480270647038,0.6553325481355352,0.17286859857350093,0.35410593035298166,-0.6481640977248081,0.3087036960376025,457.5,490.5,2
1588.0,Constancia de estudios o Constancia de estudios con calificaciones UPE,Secretaría de Educación Pública,Universidad Politécnica de la Energía,Carretera S/N Ejido de Zaragoza 42820 San Miguel Vindho Tula De Allende,Social,4320.0,0.0,1.0,Nivel 1,357.0,0.0,100.0,VERDADERO,,1.0,1.0,1.0,8.371242135931933,"(8.224, 9.869]",0,0,0.4535783124477769,1.9459101490553135,0.9357849740192016,-0.14025223635945364,0.16208002214691,0.6946816432334892,0.5982403109192043,0.6946816432334892,0.7911229755477741,426.5,419.5,406.5,33.0,0.6946816432334892,0.48220666157142467,20.0,Dominado por rareza,Rareza,0.7503940547476008,0.7794752640484426,0.9314425368947573,0.35774963506849783,0.18293853110111424,0.17116739925186739,0.14330354688063304,0.2977600207297401,0.2979702282393688,0.06580278053004589,0.29802278011677596,238.0,333.5,2.192091120467104,0.9285714285714286,2.9773590021578995,-0.4595962604677737,0.18831665493071928,-0.6876167590336059,-0.3310191299741076,0.5061655253640223,0.3558480270647038,0.6553325481355352,0.09974204231130958,0.35410593035298166,-0.6481640977248081,0.2172955007098633,410.0,443.0,2
1432.0,Expedición de finiquito o Constancia de no adeudo,Secretaría de Infraestructura Pública y Desarrollo Urbano Sostenible,Comisión Estatal de Vivienda,Boulevard 117 El Palmar I 42088 Pachuca De Soto Pachuca De Soto,Social,20.0,1.0,3.0,Nivel 1,234.0,97.0,70.69486405,VERDADERO,,4.0,1.0,1.0,3.044522437723423,"(1.645, 3.29]",1,1,-1.3012860250986122,1.8846665238145945,0.9063330158789191,1.0214474997012368,0.32981992674178046,-0.19747650460984656,-0.6390003128053527,-0.19747650460984656,0.24404730358565963,77.5,72.5,142.5,4.0,-0.19747650460984656,2.2076190409775314,65.0,Dominado por rareza,Rareza,1.157452788691043,0.8094275863317937,0.9314425368947573,0.35774963506849783,0.2821753605887091,0.1777447229249331,0.14330354688063304,0.2977600207297401,0.14070142930283377,0.01860116071811976,0.10143678144610718,53.0,62.5,1.4057471257844287,0.9285714285714286,2.191015007475224,0.09077936682727462,0.26824577244036735,-0.09737585293178269,-0.28986884486284525,-1.2306214890164984,0.3558480270647038,0.6553325481355352,-0.12133712232217748,0.4599200835136422,-0.24117425187463498,-0.11515379142272358,276.0,280.0,2
1632.0,Inscripción UTMIR,Secretaría de Educación Pública,Universidad Tecnológica de Mineral de la Reforma,Calle 1000 Paseos de Chavarría 42186 Pachuquilla Mineral De La Reforma,Social,15.0,0.0,5.0,Nivel 3.1,233.0,0.0,100.0,VERDADERO,,5.0,1.0,3.0,2.772588722239781,"(1.645, 3.29]",2,0,-1.390873389652303,1.8846665238145945,0.9063330158789191,1.0848430164207854,0.3389737188932182,-0.24227018688669189,-0.7017114679929362,-0.24227018688669189,0.21717109421955244,44.5,41.5,41.5,-48.0,-0.24227018688669189,2.297206405531222,3.0,Dominado por rareza,Rareza,1.9671875475025984,0.7794752640484426,3.8607297110405954,0.35774963506849783,0.4795805591257976,0.17116739925186739,0.5939778775661291,0.2977600207297401,0.26004313395736844,0.046799069120692004,0.25061391226427554,189.0,277.0,2.002455649057102,0.7857142857142857,2.194192057205259,1.053354082484335,0.4080371144692614,1.0767509692910755,-0.3310191299741076,-1.317822492440359,-0.231345367471347,0.6553325481355352,-0.029620694491840592,0.650747958377665,0.4928013558770408,-0.10025848897478251,338.0,290.0,2
637.0,Derecho de Preferencia,Secretaría de Infraestructura Pública y Desarrollo Urbano Sostenible,Secretaría de Infraestructura Pública y Desarrollo Urbano Sostenible,Boulevard km. 93.5 Venta Prieta 42080 Pachuca De Soto Pachuca De Soto,Social,25.0,1.0,4.0,Nivel 1,25.0,0.0,100.0,VERDADERO,,5.0,1.0,1.0,3.258096538021482,"(1.645, 3.29]",2,1,-1.230924978662722,1.8846665238145945,0.9063330158789191,0.9716572762924646,0.32263062724803554,-0.1622959813919015,-0.5897475803002297,-0.1622959813919015,0.2651556175164267,103.0,167.0,168.0,-50.0,-0.1622959813919015,2.137257994541641,65.0,Dominado por rareza,Rareza,1.9671875475025984,0.8094275863317937,0.9314425368947573,0.35774963506849783,0.4795805591257976,0.1777447229249331,0.14330354688063304,0.2977600207297401,0.18721857365384048,0.02830947650920713,0.15958321188486557,102.0,135.0,1.6383328475394623,0.9285714285714286,2.423600729230258,0.8482196471771964,0.37824616157855534,1.0767509692910755,-0.28986884486284525,-1.1621346674459703,0.3558480270647038,0.6553325481355352,0.1271856064364998,0.6573252820507307,0.5180995212722059,0.09178635725661867,427.0,377.0,2
636.0,Derecho de Preferencia,Secretaría de Infraestructura Pública y Desarrollo Urbano Sostenible,Comisión Estatal de Vivienda,Boulevard 117 El Palmar I 42088 Pachuca De Soto Pachuca De Soto,Social,25.0,1.0,4.0,,25.0,0.0,100.0,VERDADERO,,5.0,1.0,0.0,3.258096538021482,"(1.645, 3.29]",2,1,-1.230924978662722,1.8846665238145945,0.9063330158789191,0.9716572762924646,0.32263062724803554,-0.1622959813919015,-0.5897475803002297,-0.1622959813919015,0.2651556175164267,103.0,167.0,168.0,-44.0,-0.1622959813919015,2.137257994541641,65.0,Dominado por rareza,Rareza,1.9671875475025984,0.8094275863317937,1.157452788691043,0.35774963506849783,0.4795805591257976,0.1777447229249331,0.1780754940817648,0.2977600207297401,0.1941729630940668,0.030107173388970582,0.1682761986851485,114.0,148.0,1.6731047947405941,1.0,2.495029300658829,0.7427083621253869,0.3629231285748083,1.0767509692910755,-0.28986884486284525,-1.1621346674459703,0.649444724332729,0.6553325481355352,0.18590494589010484,0.6573252820507307,0.5180995212722059,0.16518553157362498,473.0,429.0,2
9364.0,Servicio: Asesoría especializada en Acompañamiento y Desarrollo Empresarial,Secretaría de Desarrollo Económico,Instituto Hidalguense de Competitividad Empresarial,Calle 605 Venta Prrieta 42083 Pachuca De Soto Pachuca De Soto,,1440.0,0.0,0.0,,0.0,0.0,0.0,FALSO,,0.0,0.0,0.0,7.273092595999522,"(6.579, 8.224]",0,0,0.09179778444881183,1.3639886036055924,0.6559398647502834,-0.6454347264697414,0.08913581800905887,0.3738688245995476,0.2610404085392533,0.3738688245995476,0.4866972406598419,301.0,292.0,287.0,11.0,0.3738688245995476,0.5641420803014716,14.0,Dominado por rareza,Rareza,0.7503940547476008,0.7794752640484426,1.157452788691043,1.2014696741078175,0.18293853110111424,0.17116739925186739,0.1780754940817648,1.0,0.3812100498068588,0.06281435887365583,0.22651256225857352,416.0,234.0,0.9060502490342941,1.0,1.7279747549525293,-1.5496451515354752,0.030012686541682033,-0.6876167590336059,-0.3310191299741076,-0.11836896865719373,0.649444724332729,-1.5236481744151193,-0.40224166154945956,0.35410593035298166,-0.6481640977248081,-0.41018412911609803,117.0,128.0,1
8259.0,Constancia Escolar UPH,Secretaría de Educación Pública,Universidad Politécnica de Huejutla,Calle s/n Tepoxtequito 43000 Huejutla De Reyes Huejutla De Reyes,Social,30.0,0.0,1.0,Nivel 2,150.0,0.0,100.0,VERDADERO,,1.0,1.0,2.0,3.4339872044851463,"(3.29, 4.934]",0,0,-1.17297857348804,1.754854912292604,0.8439068264813923,0.7608498199607056,0.2921917612353043,-0.16453587350332388,-0.5679129534972103,-0.16453587350332388,0.23884120649056245,142.0,128.0,88.0,19.0,-0.16453587350332388,2.016885399969432,54.0,Dominado por rareza,Rareza,0.7503940547476008,0.7794752640484426,2.2512917986064953,0.35774963506849783,0.18293853110111424,0.17116739925186739,0.3463639323142087,0.2977600207297401,0.16673880197872132,0.026915338395028004,0.13398349729096662,82.0,108.0,1.5359339891638664,0.8571428571428572,2.046712913992515,-0.21196896369758603,0.22427869670828926,-0.6876167590336059,-0.3310191299741076,-1.166495122531356,0.06225132979667862,0.6553325481355352,-0.2935094267213711,0.35410593035298166,-0.6481640977248081,-0.2742688355809876,162.0,181.0,2
9038.0,Elaboración de Escrituras - Comisión Estatal de Vivienda,Secretaría de Infraestructura Pública y Desarrollo Urbano Sostenible,Comisión Estatal de Vivienda,Boulevard 117 El Palmar I 42088 Pachuca De Soto Pachuca De Soto,Social,40.0,1.0,4.0,Nivel 1,181.0,0.0,100.0,VERDADERO,,5.0,1.0,1.0,3.713572066704308,"(3.29, 4.934]",2,1,-1.0808705723496963,1.754854912292604,0.8439068264813923,0.6956706023862167,0.2827804173241942,-0.11848187293415202,-0.5034373527003697,-0.11848187293415202,0.2664736068320656,179.0,174.0,174.0,-58.0,-0.11848187293415202,1.9247773988310886,5.0,Dominado por rareza,Rareza,1.9671875475025984,0.8094275863317937,0.9314425368947573,0.35774963506849783,0.4795805591257976,0.1777447229249331,0.14330354688063304,0.2977600207297401,0.19598139534539039,0.030827797570724107,0.17053673899930294,115.0,149.0,1.6821469559972115,0.9285714285714286,2.467414837688007,0.8409727204913207,0.3771937158924955,1.0767509692910755,-0.28986884486284525,-1.0768406253526153,0.3558480270647038,0.6553325481355352,0.14424441485517078,0.6573252820507307,0.5180995212722059,0.11310986777995742,436.0,378.0,2
1554.0,Revalidación de Estudios de Educación Básica,Secretaría de Educación Pública,Instituto Hidalguense de Educación,Boulevard s/n Venta Prieta 42083 Pachuca De Soto Pachuca De Soto,Social,2880.0,1.0,3.0,Nivel 2,240.0,0.0,100.0,VERDADERO,,4.0,1.0,2.0,7.9658927350845286,"(6.579, 8.224]",1,1,0.32003773811792385,1.3639886036055924,0.6559398647502834,-0.8069462283537766,0.06581488310993365,0.4879888014341036,0.4208083761076317,0.4879888014341036,0.5551692267605756,393.0,378.0,373.0,7.0,0.4879888014341036,0.3359021266323596,20.0,Dominado por rareza,Rareza,1.157452788691043,0.8094275863317937,2.2512917986064953,0.35774963506849783,0.2821753605887091,0.1777447229249331,0.3463639323142087,0.2977600207297401,0.31840656759833896,0.06849807190900555,0.3235682043154886,278.0,374.0,2.2942728172619544,0.8571428571428572,2.805051742090603,0.0829135458858841,0.2671034469172983,-0.09737585293178269,-0.28986884486284525,0.10379130004268618,0.06225132979667862,0.6553325481355352,0.08682609603605441,0.4599200835136422,-0.24117425187463498,0.14505023152506624,402.0,409.0,2
1462.0,Escuelas de Iniciación Técnico Deportivas del Instituto Hidalguense del Deporte,Secretaría de Educación Pública,Instituto Hidalguense del Deporte,Calle 104 Carlos Rovirosa 42082 Pachuca De Soto Pachuca De Soto,Social,10.0,1.0,3.0,Nivel 2,1850.0,60.0,96.85863874,VERDADERO,,4.0,1.0,2.0,2.3978952727983707,"(1.645, 3.29]",1,1,-1.5143144958471932,1.8846665238145945,0.9063330158789191,1.172194762402416,0.35158659387487234,-0.30399073998413706,-0.7881202423293596,-0.30399073998413706,0.18013876236108534,21.0,18.0,18.0,-20.0,-0.30399073998413706,2.4206475117261124,3.0,Dominado por rareza,Rareza,1.157452788691043,0.8094275863317937,2.2512917986064953,0.35774963506849783,0.2821753605887091,0.1777447229249331,0.3463639323142087,0.2977600207297401,0.16001065931469077,0.022977146580411993,0.12557331896092847,80.0,103.0,1.5022932758437137,0.8571428571428572,2.0130722006723625,0.21390828423382968,0.28612735225630703,-0.09737585293178269,-0.28986884486284525,-1.4379754668868243,0.06225132979667862,0.6553325481355352,-0.22152725734984768,0.4599200835136422,-0.24117425187463498,-0.24039146020731134,220.0,200.0,2
8137.0,Credencial Escolar UTMZ,Secretaría de Educación Pública,Universidad Tecnológica Minera de Zimapán,Calle 34 La Tahona 42350 Zimapán Zimapán,Social,1440.0,0.0,1.0,Nivel 1,233.0,0.0,100.0,VERDADERO,,1.0,1.0,1.0,7.273092595999522,"(6.579, 8.224]",0,0,0.09179778444881183,1.3639886036055924,0.6559398647502834,-0.6454347264697414,0.08913581800905887,0.3738688245995476,0.2610404085392533,0.3738688245995476,0.4866972406598419,301.0,292.0,287.0,16.0,0.3738688245995476,0.5641420803014716,14.0,Dominado por rareza,Rareza,0.7503940547476008,0.7794752640484426,0.9314425368947573,0.35774963506849783,0.18293853110111424,0.17116739925186739,0.14330354688063304,0.2977600207297401,0.23380766451258048,0.04736329365221612,0.2178195754582906,138.5,188.0,1.8712783018331622,0.9285714285714286,2.656546183523958,-0.40653328467377264,0.1960228043626901,-0.6876167590336059,-0.3310191299741076,-0.11836896865719373,0.3558480270647038,0.6553325481355352,-0.02516485649293365,0.35410593035298166,-0.6481640977248081,0.0611618772045593,342.5,358.5,2
1781.0,Captación de Leche en Centros de Acopio.,Secretaría de Agricultura y Desarrollo Rural,Secretaría de Agricultura y Desarrollo Rural,"Carretera S/N Venta Prieta, Ex Centro Minero 42080 Pachuca De Soto Pachuca De Soto",Ambos,1440.0,1.0,0.0,Nivel 2,221.0,0.0,100.0,FALSO,,1.0,0.0,2.0,7.273092595999522,"(6.579, 8.224]",0,1,0.09179778444881183,1.3639886036055924,0.6559398647502834,-0.6454347264697414,0.08913581800905887,0.3738688245995476,0.2610404085392533,0.3738688245995476,0.4866972406598419,301.0,292.0,287.0,5.0,0.3738688245995476,0.5641420803014716,14.0,Dominado por rareza,Rareza,0.7503940547476008,0.8094275863317937,2.2512917986064953,1.2014696741078175,0.18293853110111424,0.1777447229249331,0.3463639323142087,1.0,0.4161832021879608,0.07172820429277146,0.27022900273495093,509.0,306.0,1.0809160109398037,0.8571428571428572,1.5916949357684522,-1.3195065795308616,0.06343490230306092,-0.6876167590336059,-0.28986884486284525,-0.11836896865719373,0.06225132979667862,-1.5236481744151193,-0.511450283434417,0.36068325402604734,-0.6228659323296433,-0.5506579364013194,78.0,83.0,1
1264.0,"Publicación en el Periódico Oficial, que realizan los Municipios de instrumentos legales.",Secretaría de Gobierno,Secretaría de Gobierno,Calle 517 Centro 42000 Pachuca De Soto Pachuca De Soto,Ambos,255.0,0.0,0.0,Nivel 1,208.0,8.0,96.2962963,VERDADERO,,0.0,1.0,1.0,5.545177444479562,"(4.934, 6.579]",0,0,-0.47745624983578844,3.791736839553644,1.8234399782600113,2.9330496120370153,0.6058395779417396,0.6729918642121114,0.21281261859295147,0.6729918642121114,1.1331711098312711,227.5,397.5,623.5,37.0,0.6729918642121114,2.3008962280958,396.0,Dominado por rareza,Rareza,0.7503940547476008,0.7794752640484426,0.9314425368947573,0.35774963506849783,0.18293853110111424,0.17116739925186739,0.14330354688063304,0.2977600207297401,0.2936322724350932,0.06455610841341804,0.29260033536143154,229.0,322.0,2.170401341445726,0.9285714285714286,2.9556692231365216,-0.45600873480689336,0.1888376586705227,-0.6876167590336059,-0.3310191299741076,0.4639414795037954,0.3558480270647038,0.6553325481355352,0.0912972331392642,0.35410593035298166,-0.6481640977248081,0.20673948924480656,403.0,440.0,2
11334.0,"Publicación en el Periódico Oficial, que realizan los Municipios de instrumentos legales.",Secretaría de Gobierno,Secretaría de Gobierno,Calle 517 Centro 42000 Pachuca De Soto Pachuca De Soto,Ambos,255.0,0.0,0.0,,208.0,8.0,96.2962963,VERDADERO,,0.0,1.0,0.0,5.545177444479562,"(4.934, 6.579]",0,0,-0.47745624983578844,3.791736839553644,1.8234399782600113,2.9330496120370153,0.6058395779417396,0.6729918642121114,0.21281261859295147,0.6729918642121114,1.1331711098312711,227.5,397.5,623.5,34.0,0.6729918642121114,2.3008962280958,396.0,Dominado por rareza,Rareza,0.7503940547476008,0.7794752640484426,1.157452788691043,0.35774963506849783,0.18293853110111424,0.17116739925186739,0.1780754940817648,0.2977600207297401,0.30058666187531957,0.0663538052931815,0.30129332216171445,248.0,346.5,2.205173288646858,1.0,3.027097794565093,-0.5615200198587026,0.17351462566677558,-0.6876167590336059,-0.3310191299741076,0.4639414795037954,0.649444724332729,0.6553325481355352,0.15001657259286924,0.35410593035298166,-0.6481640977248081,0.2801386635618129,440.0,474.0,2
981.0,Constancias de estudios con calificaciones de Primaria General,Secretaría de Educación Pública,Instituto Hidalguense de Educación,Boulevard S/N Venta Prieta 42083 Pachuca De Soto Pachuca De Soto,Social,45.0,1.0,1.0,Nivel 2,3006.0,0.0,100.0,FALSO,,2.0,0.0,2.0,3.828641396489095,"(3.29, 4.934]",0,1,-1.04296148859359,1.754854912292604,0.8439068264813923,0.6688446547198725,0.27890697071614184,-0.0995273310560989,-0.4769009940710954,-0.0995273310560989,0.27784633195889746,182.5,177.5,177.5,2.0,-0.0995273310560989,1.8868683150749823,5.0,Dominado por rareza,Rareza,0.7503940547476008,0.8094275863317937,2.2512917986064953,1.2014696741078175,0.18293853110111424,0.1777447229249331,0.3463639323142087,1.0,0.32150397105683143,0.044518623835864454,0.1518799638210393,280.0,127.0,0.6075198552841572,0.8571428571428572,1.1182987801128057,-1.241206065057993,0.07480621075493887,-0.6876167590336059,-0.28986884486284525,-1.0399413353815337,0.06225132979667862,-1.5236481744151193,-0.6957647567792851,0.36068325402604734,-0.6228659323296433,-0.7810510280824043,23.0,25.0,1
1580.0,Solicitud de Fichas de Ingreso UPE,Secretaría de Educación Pública,Universidad Politécnica de la Energía,Carretera S/N Ejido de Zaragoza 42820 San Miguel Vindho Tula De Allende,Social,2880.0,1.0,3.0,Nivel 1,195.0,0.0,100.0,VERDADERO,,4.0,1.0,1.0,7.9658927350845286,"(6.579, 8.224]",1,1,0.32003773811792385,1.3639886036055924,0.6559398647502834,-0.8069462283537766,0.06581488310993365,0.4879888014341036,0.4208083761076317,0.4879888014341036,0.5551692267605756,393.0,378.0,373.0,8.0,0.4879888014341036,0.3359021266323596,20.0,Dominado por rareza,Rareza,1.157452788691043,0.8094275863317937,0.9314425368947573,0.35774963506849783,0.2821753605887091,0.1777447229249331,0.14330354688063304,0.2977600207297401,0.2777944905116238,0.05799992467595035,0.2728031079570947,209.0,313.5,2.091212431828379,0.9285714285714286,2.8764803135191745,-0.022597739165925276,0.2517804139135512,-0.09737585293178269,-0.28986884486284525,0.10379130004268618,0.3558480270647038,0.6553325481355352,0.14554543548965942,0.4599200835136422,-0.24117425187463498,0.21844940584207256,438.0,446.0,2
7072.0,Capacitación,Secretaría de Hacienda,Instituto Catastral,Calle 105 Real de Minas 42090 Pachuca De Soto Pachuca De Soto,,172800.0,1.0,1.0,,0.0,0.0,0.0,VERDADERO,,2.0,1.0,0.0,12.059895922372384,"(11.514, 13.159]",0,1,1.6687890519122244,3.003279479189374,1.444272137010033,0.3829273939621004,0.23762286557881412,1.5565305944611287,1.601433977441567,1.5565305944611287,1.5116272114806906,642.0,642.0,642.0,45.0,1.5565305944611287,-0.22451691490219128,0.0,Dominado por tiempo,Tiempo,0.7503940547476008,0.8094275863317937,1.157452788691043,0.35774963506849783,0.18293853110111424,0.1777447229249331,0.1780754940817648,0.2977600207297401,0.4786098726597362,0.1173507098579536,0.5238223356422352,566.0,608.0,3.095289342568941,1.0,3.917213848487176,-0.6885427989948869,0.15506755400069078,-0.6876167590336059,-0.28986884486284525,2.183948853878199,0.649444724332729,0.6553325481355352,0.5022481044900025,0.36068325402604734,-0.6228659323296433,0.7164650485042049,583.0,628.0,2
549.0,Solicitud de factibilidad para la contratación del servicio de agua potable.,Secretaría de Infraestructura Pública y Desarrollo Urbano Sostenible,Comisión de Agua y Alcantarillado del Sistema Valle del Mezquital,Calle 27 Segunda Demarcación 42660 Tepatepec Francisco I. Madero,Social,1440.0,1.0,3.0,,170.0,16.0,91.39784946,VERDADERO,,4.0,1.0,0.0,7.273092595999522,"(6.579, 8.224]",1,1,0.09179778444881183,1.3639886036055924,0.6559398647502834,-0.6454347264697414,0.08913581800905887,0.3738688245995476,0.2610404085392533,0.3738688245995476,0.4866972406598419,301.0,292.0,287.0,7.0,0.3738688245995476,0.5641420803014716,14.0,Dominado por rareza,Rareza,1.157452788691043,0.8094275863317937,1.157452788691043,0.35774963506849783,0.2821753605887091,0.1777447229249331,0.1780754940817648,0.2977600207297401,0.261924884584939,0.053238301936568144,0.2529661005487387,192.0,286.5,2.0118644021949548,1.0,2.8337889081131897,-0.1092333895277954,0.23919862297863673,-0.09737585293178269,-0.28986884486284525,-0.11836896865719373,0.649444724332729,0.6553325481355352,0.1598327212032885,0.4599200835136422,-0.24117425187463498,0.23630851298410888,451.0,458.0,2
8709.0,Cédula de Validación Estatal Impulso NAFIN-Hidalgo,Secretaría de Desarrollo Económico,Secretaría de Desarrollo Económico,Calle 305 Zona Plateada 42084 Pachuca De Soto Pachuca De Soto,Empresarial,15.0,1.0,1.0,Nivel 3.1,171.0,0.0,100.0,FALSO,,2.0,0.0,3.0,2.772588722239781,"(1.645, 3.29]",0,1,-1.390873389652303,1.8846665238145945,0.9063330158789191,1.0848430164207854,0.3389737188932182,-0.24227018688669189,-0.7017114679929362,-0.24227018688669189,0.21717109421955244,44.5,41.5,41.5,2.0,-0.24227018688669189,2.297206405531222,3.0,Dominado por rareza,Rareza,0.7503940547476008,0.8094275863317937,3.8607297110405954,1.2014696741078175,0.18293853110111424,0.1777447229249331,0.5939778775661291,1.0,0.34247818894109694,0.04911568542285618,0.17809773617637115,312.0,156.0,0.7123909447054846,0.7857142857142857,0.9041273528536411,-1.1120848733448543,0.09355802750261723,-0.6876167590336059,-0.28986884486284525,-1.317822492440359,-0.231345367471347,-1.5236481744151193,-0.8100603276446552,0.36068325402604734,-0.6228659323296433,-0.9239204916641172,11.0,13.0,1
10975.0,Por expedición de primeros y segundos testimonios,Secretaría de Gobierno,Dirección General del Archivo General de Notarías,Calle 517 Centro 42000 Pachuca De Soto Pachuca De Soto,Ambos,1440.0,1.0,0.0,,0.0,0.0,0.0,VERDADERO,,1.0,1.0,0.0,7.273092595999522,"(6.579, 8.224]",0,1,0.09179778444881183,1.3639886036055924,0.6559398647502834,-0.6454347264697414,0.08913581800905887,0.3738688245995476,0.2610404085392533,0.3738688245995476,0.4866972406598419,301.0,292.0,287.0,27.0,0.3738688245995476,0.5641420803014716,14.0,Dominado por rareza,Rareza,0.7503940547476008,0.8094275863317937,1.157452788691043,0.35774963506849783,0.18293853110111424,0.1777447229249331,0.1780754940817648,0.2977600207297401,0.24207751868742,0.049374385597803466,0.22815689317683993,171.5,256.5,1.9126275727073598,1.0,2.734552078625595,-0.49292856782458705,0.18347592111282765,-0.6876167590336059,-0.28986884486284525,-0.11836896865719373,0.649444724332729,0.6553325481355352,0.041784539982923884,0.36068325402604734,-0.6228659323296433,0.14088559287035682,378.5,405.5,2
1583.0,Inscripción UPE,Secretaría de Educación Pública,Universidad Politécnica de la Energía,Carretera S/N Ejido de Zaragoza 42820 San Miguel Vindho Tula De Allende,Social,30.0,1.0,3.0,Nivel 1,156.0,0.0,100.0,VERDADERO,,4.0,1.0,1.0,3.4339872044851463,"(3.29, 4.934]",1,1,-1.17297857348804,1.754854912292604,0.8439068264813923,0.7608498199607056,0.2921917612353043,-0.16453587350332388,-0.5679129534972103,-0.16453587350332388,0.23884120649056245,142.0,128.0,88.0,9.0,-0.16453587350332388,2.016885399969432,54.0,Dominado por rareza,Rareza,1.157452788691043,0.8094275863317937,0.9314425368947573,0.35774963506849783,0.2821753605887091,0.1777447229249331,0.14330354688063304,0.2977600207297401,0.1472895555241383,0.02049450256656139,0.10967193922273785,60.0,70.0,1.4386877568909515,0.9285714285714286,2.223955638581747,0.08533093144839103,0.26745451532423586,-0.09737585293178269,-0.28986884486284525,-1.166495122531356,0.3558480270647038,0.6553325481355352,-0.10851184902514902,0.4599200835136422,-0.24117425187463498,-0.099122199801438,283.0,292.0,2
10095.0,Financiamiento para Estudios de Nivel Superior,Secretaría de Educación Pública,Instituto Hidalguense de Financiamiento a la Educación Superior,Calle 100 Lomas Residencial Pachuca 42094 Pachuca De Soto Pachuca De Soto,Social,2880.0,1.0,5.0,Nivel 1,155.0,0.0,100.0,VERDADERO,,6.0,1.0,1.0,7.9658927350845286,"(6.579, 8.224]",2,1,0.32003773811792385,1.3639886036055924,0.6559398647502834,-0.8069462283537766,0.06581488310993365,0.4879888014341036,0.4208083761076317,0.4879888014341036,0.5551692267605756,393.0,378.0,373.0,-8.0,0.4879888014341036,0.3359021266323596,20.0,Dominado por rareza,Rareza,1.9671875475025984,0.8094275863317937,0.9314425368947573,0.35774963506849783,0.4795805591257976,0.1777447229249331,0.14330354688063304,0.2977600207297401,0.3172755302190415,0.06568615544252165,0.3221544075913668,276.0,372.0,2.2886176303654673,0.9285714285714286,3.073885512056263,0.7406614584575739,0.36262586395101004,1.0767509692910755,-0.28986884486284525,0.10379130004268618,0.3558480270647038,0.6553325481355352,0.38037079993423106,0.6573252820507307,0.5180995212722059,0.4082678491287828,555.0,547.0,2
585.0,Talleres artísticos especializados del Centro de las Artes de Hidalgo.,Secretaría de Cultura,Consejo Estatal para la Cultura y las Artes de Hidalgo,Calle S/N Centro 42000 Pachuca De Soto Pachuca De Soto,Social,14400.0,0.0,0.0,Nivel 1,0.0,0.0,0.0,VERDADERO,,0.0,1.0,1.0,9.575052927597383,"(8.224, 9.869]",0,0,0.8501684743362787,1.9459101490553135,0.9357849740192016,-0.42089491810441176,0.12155752291593097,0.8929767241777402,0.8758534242411555,0.8929767241777402,0.9101000241143247,492.0,563.0,560.0,34.0,0.8929767241777402,0.08561649968292284,68.0,Sensible,Mixto,0.7503940547476008,0.7794752640484426,0.9314425368947573,0.35774963506849783,0.18293853110111424,0.17116739925186739,0.14330354688063304,0.2977600207297401,0.337629244428219,0.07720026632434593,0.34759655035283876,305.0,411.0,2.3903862014113546,0.9285714285714286,3.1756540831021507,-0.4923945979064667,0.18355346768686803,-0.6876167590336059,-0.3310191299741076,0.8921916155051457,0.3558480270647038,0.6553325481355352,0.17694726033953426,0.35410593035298166,-0.6481640977248081,0.31380202324514417,461.0,495.0,2
5525.0,Expedición de Certificados Bachillerato del Estado de Hidalgo,Secretaría de Educación Pública,Bachillerato del Estado de Hidalgo,Circuito Lote 17 San Juan Tilcuautla 42160 San Juan Tilcuautla San Agustín Tlaxiaca,Social,30.0,0.0,2.0,Nivel 1,139.0,0.0,100.0,VERDADERO,,2.0,1.0,1.0,3.4339872044851463,"(3.29, 4.934]",1,0,-1.17297857348804,1.754854912292604,0.8439068264813923,0.7608498199607056,0.2921917612353043,-0.16453587350332388,-0.5679129534972103,-0.16453587350332388,0.23884120649056245,142.0,128.0,88.0,7.0,-0.16453587350332388,2.016885399969432,54.0,Dominado por rareza,Rareza,1.157452788691043,0.7794752640484426,0.9314425368947573,0.35774963506849783,0.2821753605887091,0.17116739925186739,0.14330354688063304,0.2977600207297401,0.14597409078952514,0.020281107500737493,0.10802760830447142,57.0,67.0,1.4321104332178858,0.9285714285714286,2.2173783149086814,0.06621492954739597,0.2646783655703512,-0.09737585293178269,-0.3310191299741076,-1.166495122531356,0.3558480270647038,0.6553325481355352,-0.11674190604740149,0.4533427598405765,-0.26647241726980003,-0.10544674115022928,280.0,287.0,2
7973.0,Equivalencia de Estudios de tipo Superior,Secretaría de Educación Pública,Secretaría de Educación Pública,Circuito Lote 17 Ex Hacienda La Concepción 42186 San Juan Tilcuautla San Agustín Tlaxiaca,Social,7200.0,1.0,5.0,Nivel 4.1,133.0,0.0,100.0,VERDADERO,,6.0,1.0,12.0,8.881975184248867,"(8.224, 9.869]",2,1,0.6218370651655479,1.9459101490553135,0.9357849740192016,-0.25931869873693625,0.14488780248834904,0.7788110195923748,0.716021437821644,0.7788110195923748,0.8416006013631054,461.5,461.5,441.5,-63.0,0.7788110195923748,0.31394790885365365,20.0,Dominado por rareza,Rareza,1.9671875475025984,0.8094275863317937,3.6094152827596893,0.35774963506849783,0.4795805591257976,0.1777447229249331,0.5553128525877803,0.2977600207297401,0.4578418349921251,0.10370259011540646,0.49786228855772147,545.0,596.0,2.991449154230886,0.1428571428571429,2.5789934445002487,1.853183113620987,0.5241934728667921,1.0767509692910755,-0.28986884486284525,0.6699423274268128,-2.8737156428835746,0.6553325481355352,-0.15231172857859926,0.6573252820507307,0.5180995212722059,-0.25758531151225517,258.0,195.0,3
7587.0,Acreditación de la Lengua Extranjera ITESHU.,Secretaría de Educación Pública,Instituto Tecnológico Superior de Huichapan,"Calle sin numero El Saucillo Huichapan, Hgo. 42411 Huichapan Huichapan",Social,34560.0,0.0,1.0,Nivel 1,110.0,0.0,100.0,VERDADERO,,1.0,1.0,1.0,10.450481157684562,"(9.869, 11.514]",0,0,1.1385744480123523,1.6245897174547026,0.7812625096170339,-1.0452909781434074,0.0313998579968417,0.959918478814693,1.0313808664937567,0.959918478814693,0.8884560911356294,586.5,586.5,548.5,25.0,0.959918478814693,-0.3573119383953184,38.0,Dominado por tiempo,Tiempo,0.7503940547476008,0.7794752640484426,0.9314425368947573,0.35774963506849783,0.18293853110111424,0.17116739925186739,0.14330354688063304,0.2977600207297401,0.35101759535560956,0.08104790436905714,0.364331989012077,328.0,438.0,2.4573279560483074,0.9285714285714286,3.2425958377391035,-0.5034668758816234,0.18194547968106678,-0.6876167590336059,-0.3310191299741076,1.0225088361171606,0.3558480270647038,0.6553325481355352,0.20301070446193722,0.35410593035298166,-0.6481640977248081,0.3463813283981479,481.0,506.0,2
8751.0,"Validación de trabajos con maquinaria pesada, para su ejecución mediante cuotas de recuperación.",Secretaría de Infraestructura Pública y Desarrollo Urbano Sostenible,Centro Estatal de Maquinaria para el Desarrollo,Calle 102 Rancho San Cayetano 42186 San Fernando Mineral De La Reforma,Social,10080.0,1.0,0.0,Nivel 1,104.0,0.0,100.0,FALSO,,1.0,0.0,1.0,9.218407743053941,"(8.224, 9.869]",0,1,0.7326732894998346,1.9459101490553135,0.9357849740192016,-0.3377507382094762,0.133562859897833,0.8342291317595181,0.7936067948556446,0.8342291317595181,0.8748514686633915,479.5,479.5,538.5,11.0,0.8342291317595181,0.203111684519367,59.0,Dominado por rareza,Rareza,0.7503940547476008,0.8094275863317937,0.9314425368947573,1.2014696741078175,0.18293853110111424,0.1777447229249331,0.14330354688063304,1.0,0.46764318653323966,0.08769037083114313,0.3345539831665496,557.0,391.0,1.3382159326661984,0.9285714285714286,2.123483814356994,-1.5011622279512111,0.03705369109238045,-0.6876167590336059,-0.28986884486284525,0.7778261794165603,0.3558480270647038,-1.5236481744151193,-0.2734919143660613,0.36068325402604734,-0.6228659323296433,-0.2532099750658746,186.0,197.0,1
669.0,Cambio de nombre del titular de contrato de agua potable.,Secretaría de Infraestructura Pública y Desarrollo Urbano Sostenible,Comisión de Agua y Alcantarillado del Sistema Valle del Mezquital,Calle 27 Segunda Demarcación 42660 Tepatepec Francisco I. Madero,Social,1440.0,1.0,1.0,,39.0,1.0,97.5,VERDADERO,,2.0,1.0,0.0,7.273092595999522,"(6.579, 8.224]",0,1,0.09179778444881183,1.3639886036055924,0.6559398647502834,-0.6454347264697414,0.08913581800905887,0.3738688245995476,0.2610404085392533,0.3738688245995476,0.4866972406598419,301.0,292.0,287.0,27.0,0.3738688245995476,0.5641420803014716,14.0,Dominado por rareza,Rareza,0.7503940547476008,0.8094275863317937,1.157452788691043,0.35774963506849783,0.18293853110111424,0.1777447229249331,0.1780754940817648,0.2977600207297401,0.24207751868742,0.049374385597803466,0.22815689317683993,171.5,256.5,1.9126275727073598,1.0,2.734552078625595,-0.49292856782458705,0.18347592111282765,-0.6876167590336059,-0.28986884486284525,-0.11836896865719373,0.649444724332729,0.6553325481355352,0.041784539982923884,0.36068325402604734,-0.6228659323296433,0.14088559287035682,378.5,405.5,2
5526.0,Expedición de Historial Académico Bachillerato del Estado de Hidalgo,Secretaría de Educación Pública,Bachillerato del Estado de Hidalgo,Circuito Lote 17 San Juan Tilcuautla 42160 San Juan Tilcuautla San Agustín Tlaxiaca,Social,30.0,0.0,1.0,Nivel 1,64.0,0.0,100.0,VERDADERO,,1.0,1.0,1.0,3.4339872044851463,"(3.29, 4.934]",0,0,-1.17297857348804,1.754854912292604,0.8439068264813923,0.7608498199607056,0.2921917612353043,-0.16453587350332388,-0.5679129534972103,-0.16453587350332388,0.23884120649056245,142.0,128.0,88.0,14.0,-0.16453587350332388,2.016885399969432,54.0,Dominado por rareza,Rareza,0.7503940547476008,0.7794752640484426,0.9314425368947573,0.35774963506849783,0.18293853110111424,0.17116739925186739,0.14330354688063304,0.2977600207297401,0.1261267248920062,0.016417191161972815,0.08321840093257271,28.0,33.5,1.3328736037302908,0.9285714285714286,2.1181414854210865,-0.31748024874939546,0.20895566370454213,-0.6876167590336059,-0.3310191299741076,-1.166495122531356,0.3558480270647038,0.6553325481355352,-0.2347900872677661,0.35410593035298166,-0.6481640977248081,-0.20086966126398131,212.0,226.0,2
8373.0,Constitución de Sociedades Cooperativas y Sociedades de Responsabilidad Limitada Microindustrial o Artesanal.,Secretaría de Desarrollo Económico,Secretaría de Desarrollo Económico,Camino 305 Zona Plateada 42084 Pachuca De Soto Pachuca De Soto,Empresarial,15.0,1.0,3.0,,39.0,0.0,100.0,FALSO,,4.0,0.0,0.0,2.772588722239781,"(1.645, 3.29]",1,1,-1.390873389652303,1.8846665238145945,0.9063330158789191,1.0848430164207854,0.3389737188932182,-0.24227018688669189,-0.7017114679929362,-0.24227018688669189,0.21717109421955244,44.5,41.5,41.5,-2.0,-0.24227018688669189,2.297206405531222,3.0,Dominado por rareza,Rareza,1.157452788691043,0.8094275863317937,1.157452788691043,1.2014696741078175,0.2821753605887091,0.1777447229249331,0.1780754940817648,1.0,0.27914507814174305,0.03147760152127514,0.09893134767717879,211.0,57.0,0.39572539070871515,1.0,1.2176498966269502,-1.0449235502034913,0.10331163035718488,-0.09737585293178269,-0.28986884486284525,-1.317822492440359,0.649444724332729,-1.5236481744151193,-0.5158541280634754,0.4599200835136422,-0.24117425187463498,-0.608300048599346,75.0,73.0,1
1128.0,Autorizaciones provisionales para profesionistas,Secretaría de Educación Pública,Secretaría de Educación Pública,Circuito Lote 17 Circuito Ex Hacienda La Concepción 42186 San Juan Tilcuautla San Agustín Tlaxiaca,Social,60.0,2.0,9.0,Nivel 2,24.0,0.0,100.0,VERDADERO,,11.0,1.0,2.0,4.110873864173311,"(3.29, 4.934]",3,2,-0.9499812454988917,1.754854912292604,0.8439068264813923,0.6030482046840534,0.2694065035049546,-0.05303720950874974,-0.41181482390480656,-0.05303720950874974,0.30574040488730697,199.5,194.5,194.5,-16.0,-0.05303720950874974,1.7938880719802839,5.0,Dominado por rareza,Rareza,2.8622008809294686,2.6931245508855346,2.2512917986064953,0.35774963506849783,0.6977758173332946,0.5913916021429794,0.3463639323142087,0.2977600207297401,0.37605083260229466,0.06700363602429095,0.3956235355704333,402.0,498.0,2.582494142281733,0.8571428571428572,3.0932730671103816,2.981504903571181,0.6880556798123737,2.3745329276275564,2.2980662882233824,-0.9494378303744968,0.06225132979667862,0.6553325481355352,0.8881490526817313,1.2891674194762741,2.9483352357897408,0.6791203208368645,638.0,622.0,0
9950.0,"Titulación Nivel Licenciatura, Grado Académico Maestría y Especialidad UNIDEH.",Secretaría de Educación Pública,Universidad Digital del Estado de Hidalgo,Boulevard Mza. 10 Santa Catarina 42163 San Miguel Tornacuxtla San Agustín Tlaxiaca,Social,30.0,0.0,4.0,,50.0,0.0,100.0,VERDADERO,,4.0,1.0,0.0,3.4339872044851463,"(3.29, 4.934]",2,0,-1.17297857348804,1.754854912292604,0.8439068264813923,0.7608498199607056,0.2921917612353043,-0.16453587350332388,-0.5679129534972103,-0.16453587350332388,0.23884120649056245,142.0,128.0,88.0,-43.0,-0.16453587350332388,2.016885399969432,54.0,Dominado por rareza,Rareza,1.9671875475025984,0.7794752640484426,1.157452788691043,0.35774963506849783,0.4795805591257976,0.17116739925186739,0.1780754940817648,0.2977600207297401,0.1924095199371692,0.02976503514707224,0.16607189473902648,108.0,142.0,1.664287578956106,1.0,2.4862120848743414,0.7239628421190859,0.36020078260406296,1.0767509692910755,-0.3310191299741076,-1.166495122531356,0.649444724332729,0.6553325481355352,0.1768027978507752,0.650747958377665,0.4928013558770408,0.15777087645348725,460.0,417.0,2
1541.0,Refrendo anual de registro de perito valuador,Secretaría de Hacienda,Instituto Catastral,Calle 105 Real de Minas 42090 Pachuca De Soto Pachuca De Soto,,172800.0,2.0,2.0,,0.0,0.0,0.0,VERDADERO,,4.0,1.0,0.0,12.059895922372384,"(11.514, 13.159]",1,2,1.6687890519122244,3.003279479189374,1.444272137010033,0.3829273939621004,0.23762286557881412,1.5565305944611287,1.601433977441567,1.5565305944611287,1.5116272114806906,642.0,642.0,642.0,5.0,1.5565305944611287,-0.22451691490219128,0.0,Dominado por tiempo,Tiempo,1.157452788691043,2.6931245508855346,1.157452788691043,0.35774963506849783,0.2821753605887091,0.5913916021429794,0.1780754940817648,0.2977600207297401,0.5811866144008644,0.1346350092288099,0.6520432628186454,635.0,655.0,3.6081730512745818,1.0,4.430097557192817,0.8973548133790533,0.38538188903165155,-0.09737585293178269,2.2980662882233824,2.183948853878199,0.649444724332729,0.6553325481355352,1.1378833123276126,0.8735669627316884,1.349823498244361,1.209637406147706,656.0,661.0,0
4808.0,Becas Institucionales UPMH,Secretaría de Educación Pública,Universidad Politécnica Metropolitana de Hidalgo,Boulevard 1009 San Javier 43860 Tolcayuca Tolcayuca,Social,87840.0,0.0,2.0,Nivel 1,46.0,0.0,100.0,FALSO,,2.0,0.0,1.0,11.383283641013712,"(9.869, 11.514]",1,0,1.4458821166549454,1.6245897174547026,0.7812625096170339,-1.2627538820086195,0.0,1.1135723131359896,1.246496234543572,1.1135723131359896,0.9806483917284073,632.0,632.0,615.0,28.0,1.1135723131359896,-0.6646196070379115,17.0,Dominado por tiempo,Tiempo,1.157452788691043,0.7794752640484426,0.9314425368947573,1.2014696741078175,0.2821753605887091,0.17116739925186739,0.14330354688063304,1.0,0.5420437239714399,0.10739681203065041,0.4275546549642998,618.0,536.0,1.7102186198571991,0.9285714285714286,2.495486501547995,-1.1827868801141241,0.08329022361202197,-0.09737585293178269,-0.3310191299741076,1.3216306732086103,0.3558480270647038,-1.5236481744151193,-0.0549128914095391,0.4533427598405765,-0.26647241726980003,-0.028160472852901353,300.0,328.0,1
1690.0,Vinculación al Servicio Social y Prácticas Profesionales,Oficialía Mayor,Oficialía Mayor,Avenida 100 A Centro 42000 Pachuca De Soto Pachuca De Soto,Social,7200.0,1.0,1.0,,226.0,0.0,100.0,FALSO,,2.0,0.0,0.0,8.881975184248867,"(8.224, 9.869]",0,1,0.6218370651655479,1.9459101490553135,0.9357849740192016,-0.25931869873693625,0.14488780248834904,0.7788110195923748,0.716021437821644,0.7788110195923748,0.8416006013631054,461.5,461.5,441.5,11.0,0.7788110195923748,0.31394790885365365,20.0,Dominado por rareza,Rareza,0.7503940547476008,0.8094275863317937,1.157452788691043,1.2014696741078175,0.18293853110111424,0.1777447229249331,0.1780754940817648,1.0,0.4635139535400373,0.08630277868021438,0.3293924419250467,555.0,381.0,1.3175697677001867,1.0,2.139494273618422,-1.5975072647309096,0.02306184010129793,-0.6876167590336059,-0.28986884486284525,0.6699423274268128,0.649444724332729,-1.5236481744151193,-0.23634934531040575,0.36068325402604734,-0.6228659323296433,-0.2067817637463052,208.0,219.0,1
6614.0,Ficha para Examen de Admisión UPP,Secretaría de Educación Pública,Universidad Politécnica de Pachuca,Carretera S/N Santa Bárbara 43830 Zempoala Zempoala,Social,80.0,0.0,2.0,Nivel 3.7,281.0,250.0,52.91902072,VERDADERO,,2.0,1.0,9.0,4.394449154672439,"(3.29, 4.934]",1,0,-0.8565586153436684,1.754854912292604,0.8439068264813923,0.536938704293067,0.2598608343925539,-0.006325894431138068,-0.3464189827961502,-0.006325894431138068,0.333767193933874,212.0,207.0,207.0,-2.0,-0.006325894431138068,1.7004654418250607,5.0,Dominado por rareza,Rareza,1.157452788691043,0.7794752640484426,3.3217332103079085,0.35774963506849783,0.2821753605887091,0.17116739925186739,0.5110526221137135,0.2977600207297401,0.2511659016505784,0.04838709775519297,0.23951737188078798,177.0,262.0,1.9580694875231521,0.3571428571428571,1.8041597225522956,0.8841370152942637,0.38346231468289216,-0.09737585293178269,-0.3310191299741076,-0.8585037222821733,-1.992925551079499,0.6553325481355352,-0.5248983416264055,0.4533427598405765,-0.26647241726980003,-0.6156422856239843,73.0,71.0,3
7969.0,Expedición de Credencial Escolar Bachillerato del Estado de Hidalgo,Secretaría de Educación Pública,Bachillerato del Estado de Hidalgo,Circuito Lote 17 San Juan Tilcuautla 42160 San Juan Tilcuautla San Agustín Tlaxiaca,Social,30.0,0.0,1.0,Nivel 1,41.0,0.0,100.0,VERDADERO,,1.0,1.0,1.0,3.4339872044851463,"(3.29, 4.934]",0,0,-1.17297857348804,1.754854912292604,0.8439068264813923,0.7608498199607056,0.2921917612353043,-0.16453587350332388,-0.5679129534972103,-0.16453587350332388,0.23884120649056245,142.0,128.0,88.0,14.0,-0.16453587350332388,2.016885399969432,54.0,Dominado por rareza,Rareza,0.7503940547476008,0.7794752640484426,0.9314425368947573,0.35774963506849783,0.18293853110111424,0.17116739925186739,0.14330354688063304,0.2977600207297401,0.1261267248920062,0.016417191161972815,0.08321840093257271,28.0,33.5,1.3328736037302908,0.9285714285714286,2.1181414854210865,-0.31748024874939546,0.20895566370454213,-0.6876167590336059,-0.3310191299741076,-1.166495122531356,0.3558480270647038,0.6553325481355352,-0.2347900872677661,0.35410593035298166,-0.6481640977248081,-0.20086966126398131,212.0,226.0,2
10078.0,Inscripción registro de perito Topográfo (Catastral),Secretaría de Hacienda,Instituto Catastral,Calle 105 Real de Minas 42090 Pachuca De Soto Pachuca De Soto,,172800.0,2.0,1.0,Nivel 1,0.0,0.0,0.0,VERDADERO,,3.0,1.0,1.0,12.059895922372384,"(11.514, 13.159]",0,2,1.6687890519122244,3.003279479189374,1.444272137010033,0.3829273939621004,0.23762286557881412,1.5565305944611287,1.601433977441567,1.5565305944611287,1.5116272114806906,642.0,642.0,642.0,8.0,1.5565305944611287,-0.22451691490219128,0.0,Dominado por tiempo,Tiempo,0.7503940547476008,2.6931245508855346,0.9314425368947573,0.35774963506849783,0.18293853110111424,0.5913916021429794,0.14330354688063304,0.2977600207297401,0.5543848590631191,0.12897339601028174,0.6185410686464639,625.0,650.0,3.4741642745858554,0.9285714285714286,4.259432156276651,0.6191709201340712,0.34498222016958957,-0.6876167590336059,2.2980662882233824,2.183948853878199,0.3558480270647038,0.6553325481355352,0.9611157916536428,0.7743301332440936,0.968131817789353,1.0408153117169476,644.0,652.0,0
682.0,Consulta Documental en temas de Población,Secretaría de Gobierno,Consejo Estatal de Población,Calle 308 Periodistas 42060 Pachuca De Soto Pachuca De Soto,Social,1440.0,0.0,1.0,Nivel 1,23.0,0.0,100.0,FALSO,,1.0,0.0,1.0,7.273092595999522,"(6.579, 8.224]",0,0,0.09179778444881183,1.3639886036055924,0.6559398647502834,-0.6454347264697414,0.08913581800905887,0.3738688245995476,0.2610404085392533,0.3738688245995476,0.4866972406598419,301.0,292.0,287.0,3.0,0.3738688245995476,0.5641420803014716,14.0,Dominado por rareza,Rareza,0.7503940547476008,0.7794752640484426,0.9314425368947573,1.2014696741078175,0.18293853110111424,0.17116739925186739,0.14330354688063304,1.0,0.37425566036663244,0.06101666199389237,0.2178195754582906,389.0,188.0,0.8712783018331623,0.9285714285714286,1.6565461835239579,-1.4441338664836663,0.04533571954542908,-0.6876167590336059,-0.3310191299741076,-0.11836896865719373,0.3558480270647038,-1.5236481744151193,-0.4609610010030646,0.35410593035298166,-0.6481640977248081,-0.48358330343310435,92.0,95.0,1
1448.0,Atención jurídica en materia familiar.,Secretaría de Gobierno,Centro de Justicia Para Mujeres,Calle 118 San Carlos 42084 Pachuca De Soto Pachuca De Soto,Social,50.0,0.0,0.0,,0.0,0.0,0.0,FALSO,,0.0,0.0,0.0,3.9318256327243257,"(3.29, 4.934]",0,0,-1.008967896547238,1.754854912292604,0.8439068264813923,0.6447894618512345,0.2754335983536076,-0.08253053503292285,-0.45310547963864883,-0.08253053503292285,0.2880444095728031,187.5,182.5,182.5,6.0,-0.08253053503292285,1.8528747230286302,5.0,Dominado por rareza,Rareza,0.7503940547476008,0.7794752640484426,1.157452788691043,1.2014696741078175,0.18293853110111424,0.17116739925186739,0.1780754940817648,1.0,0.28993017788036474,0.03658171006982007,0.11241272235045591,220.0,83.0,0.44965088940182363,1.0,1.2715753953200588,-1.4741559355007232,0.040975720004496105,-0.6876167590336059,-0.3310191299741076,-1.0068532391841425,0.649444724332729,-1.5236481744151193,-0.5799385156548492,0.35410593035298166,-0.6481640977248081,-0.6323051967478353,58.0,64.0,1
8260.0,Historial Académico UPH,Secretaría de Educación Pública,Universidad Politécnica de Huejutla,Calle S/N Tepoxtequito 43000 Huejutla De Reyes Huejutla De Reyes,Social,30.0,0.0,1.0,Nivel 2,100.0,0.0,100.0,VERDADERO,,1.0,1.0,2.0,3.4339872044851463,"(3.29, 4.934]",0,0,-1.17297857348804,1.754854912292604,0.8439068264813923,0.7608498199607056,0.2921917612353043,-0.16453587350332388,-0.5679129534972103,-0.16453587350332388,0.23884120649056245,142.0,128.0,88.0,19.0,-0.16453587350332388,2.016885399969432,54.0,Dominado por rareza,Rareza,0.7503940547476008,0.7794752640484426,2.2512917986064953,0.35774963506849783,0.18293853110111424,0.17116739925186739,0.3463639323142087,0.2977600207297401,0.16673880197872132,0.026915338395028004,0.13398349729096662,82.0,108.0,1.5359339891638664,0.8571428571428572,2.046712913992515,-0.21196896369758603,0.22427869670828926,-0.6876167590336059,-0.3310191299741076,-1.166495122531356,0.06225132979667862,0.6553325481355352,-0.2935094267213711,0.35410593035298166,-0.6481640977248081,-0.2742688355809876,162.0,181.0,2
626.0,Información de Predios con Potencial para el Desarrollo de Parques Industriales.,Secretaría de Desarrollo Económico,Corporación de Fomento de Infraestructura Industrial,Carretera S/N Las Colonias 42083 Pachuca De Soto Pachuca De Soto,Empresarial,1440.0,0.0,0.0,,0.0,0.0,0.0,FALSO,,0.0,0.0,0.0,7.273092595999522,"(6.579, 8.224]",0,0,0.09179778444881183,1.3639886036055924,0.6559398647502834,-0.6454347264697414,0.08913581800905887,0.3738688245995476,0.2610404085392533,0.3738688245995476,0.4866972406598419,301.0,292.0,287.0,11.0,0.3738688245995476,0.5641420803014716,14.0,Dominado por rareza,Rareza,0.7503940547476008,0.7794752640484426,1.157452788691043,1.2014696741078175,0.18293853110111424,0.17116739925186739,0.1780754940817648,1.0,0.3812100498068588,0.06281435887365583,0.22651256225857352,416.0,234.0,0.9060502490342941,1.0,1.7279747549525293,-1.5496451515354752,0.030012686541682033,-0.6876167590336059,-0.3310191299741076,-0.11836896865719373,0.649444724332729,-1.5236481744151193,-0.40224166154945956,0.35410593035298166,-0.6481640977248081,-0.41018412911609803,117.0,128.0,1
10600.0,Constancia de Estudios (CEH),Secretaría de Educación Pública,Colegio del Estado de Hidalgo,Boulevard 3 Circuito de la Concepción 42162 San Agustín Tlaxiaca San Agustín Tlaxiaca,Social,7200.0,1.0,0.0,Nivel 1,10.0,0.0,100.0,VERDADERO,,1.0,1.0,1.0,8.881975184248867,"(8.224, 9.869]",0,1,0.6218370651655479,1.9459101490553135,0.9357849740192016,-0.25931869873693625,0.14488780248834904,0.7788110195923748,0.716021437821644,0.7788110195923748,0.8416006013631054,461.5,461.5,441.5,35.0,0.7788110195923748,0.31394790885365365,20.0,Dominado por rareza,Rareza,0.7503940547476008,0.8094275863317937,0.9314425368947573,0.35774963506849783,0.18293853110111424,0.1777447229249331,0.14330354688063304,0.2977600207297401,0.31611156824575903,0.0708517134587747,0.3206994551247638,274.5,370.5,2.282797820499055,0.9285714285714286,3.068065702189851,-0.45439539786920674,0.18907195792230602,-0.6876167590336059,-0.28986884486284525,0.6699423274268128,0.3558480270647038,0.6553325481355352,0.14072745974612016,0.36068325402604734,-0.6228659323296433,0.2645642425743521,434.5,469.5,2
10617.0,"Capacitaciones, platicas o talleres sobre el cuidado y la conservación de la biodiversidad",Secretaría de Medio Ambiente y Recursos Naturales,Comisión Estatal de Biodiversidad de Hidalgo,Boulevard 2005 Coscotitlán 42064 Pachuca De Soto Pachuca De Soto,Ambos,1440.0,1.0,0.0,Nivel 1,2.0,0.0,100.0,FALSO,,1.0,0.0,1.0,7.273092595999522,"(6.579, 8.224]",0,1,0.09179778444881183,1.3639886036055924,0.6559398647502834,-0.6454347264697414,0.08913581800905887,0.3738688245995476,0.2610404085392533,0.3738688245995476,0.4866972406598419,301.0,292.0,287.0,2.0,0.3738688245995476,0.5641420803014716,14.0,Dominado por rareza,Rareza,0.7503940547476008,0.8094275863317937,0.9314425368947573,1.2014696741078175,0.18293853110111424,0.1777447229249331,0.14330354688063304,1.0,0.3755711251012456,0.06123005705971627,0.219463906376557,399.5,204.0,0.877855625506228,0.9285714285714286,1.6631235071970236,-1.425017864582671,0.04811186929931382,-0.6876167590336059,-0.28986884486284525,-0.11836896865719373,0.3558480270647038,-1.5236481744151193,-0.45273094398081215,0.36068325402604734,-0.6228659323296433,-0.4772587620843131,103.5,105.5,1
8954.0,Estudio de prefactibilidad en polígonos para proyectos energéticos.,Secretaría de Desarrollo Económico,Agencia Estatal de Energía de Hidalgo,Boulevard 222 Zona Plateada 42084 Pachuca De Soto Pachuca De Soto,Ambos,36000.0,1.0,3.0,Nivel 1,5.0,0.0,100.0,VERDADERO,,4.0,1.0,1.0,10.491301994830229,"(9.869, 11.514]",1,1,1.1520226929725312,1.6245897174547026,0.7812625096170339,-1.0548074813073176,0.030025753068313354,0.9666426012947826,1.040794637965882,0.9666426012947826,0.8924905646236831,588.5,588.5,550.5,37.0,0.9666426012947826,-0.3707601833554973,38.0,Dominado por tiempo,Tiempo,1.157452788691043,0.8094275863317937,0.9314425368947573,0.35774963506849783,0.2821753605887091,0.1777447229249331,0.14330354688063304,0.2977600207297401,0.3735252504837596,0.08551170085477337,0.3924665579222645,379.0,495.0,2.569866231689058,0.9285714285714286,3.3551341133798536,-0.10176787676786045,0.24028281315179412,-0.09737585293178269,-0.28986884486284525,1.0355988567987569,0.3558480270647038,0.6553325481355352,0.3319069468408736,0.4599200835136422,-0.24117425187463498,0.4514012950310902,528.0,565.0,2
7534.0,Servicios de Equinoterapia UPP,Secretaría de Educación Pública,Universidad Politécnica de Pachuca,Ampliación S/N Santa Barbara 43830 Rancho Luna Zempoala,Social,60.0,0.0,3.0,Nivel 1,3.0,0.0,100.0,VERDADERO,,3.0,1.0,1.0,4.110873864173311,"(3.29, 4.934]",1,0,-0.9499812454988917,1.754854912292604,0.8439068264813923,0.6030482046840534,0.2694065035049546,-0.05303720950874974,-0.41181482390480656,-0.05303720950874974,0.30574040488730697,199.5,194.5,194.5,5.0,-0.05303720950874974,1.7938880719802839,5.0,Dominado por rareza,Rareza,1.157452788691043,0.7794752640484426,0.9314425368947573,0.35774963506849783,0.2821753605887091,0.17116739925186739,0.14330354688063304,0.2977600207297401,0.16827382358844,0.026689760871815665,0.13590227430311497,88.0,114.5,1.5436090972124599,0.9285714285714286,2.3288769789032555,0.047772864377430245,0.26200008927869306,-0.09737585293178269,-0.3310191299741076,-0.9494378303744968,0.3558480270647038,0.6553325481355352,-0.07333044761602965,0.4533427598405765,-0.26647241726980003,-0.05118241811101448,297.0,302.0,2
1450.0,"Atención psicológica a mujeres en situación de violencia de género y, en su caso, a sus hijas e hijos menores de edad.",Secretaría de Gobierno,Centro de Justicia Para Mujeres,Calle 118 San Carlos 42084 Pachuca De Soto Pachuca De Soto,Social,50.0,0.0,0.0,,0.0,0.0,0.0,FALSO,,0.0,0.0,0.0,3.9318256327243257,"(3.29, 4.934]",0,0,-1.008967896547238,1.754854912292604,0.8439068264813923,0.6447894618512345,0.2754335983536076,-0.08253053503292285,-0.45310547963864883,-0.08253053503292285,0.2880444095728031,187.5,182.5,182.5,6.0,-0.08253053503292285,1.8528747230286302,5.0,Dominado por rareza,Rareza,0.7503940547476008,0.7794752640484426,1.157452788691043,1.2014696741078175,0.18293853110111424,0.17116739925186739,0.1780754940817648,1.0,0.28993017788036474,0.03658171006982007,0.11241272235045591,220.0,83.0,0.44965088940182363,1.0,1.2715753953200588,-1.4741559355007232,0.040975720004496105,-0.6876167590336059,-0.3310191299741076,-1.0068532391841425,0.649444724332729,-1.5236481744151193,-0.5799385156548492,0.35410593035298166,-0.6481640977248081,-0.6323051967478353,58.0,64.0,1
7386.0,Sanitarios con Biodigestor Para Población Indígena,Organismos No Sectorizados,Comisión Estatal para el Desarrollo Sostenible de los Pueblos Indígenas (CEDSPI),Calle 301 Real de Minas 42090 Pachuca De Soto Pachuca De Soto,Social,1440.0,1.0,3.0,,22.0,0.0,100.0,FALSO,,4.0,0.0,0.0,7.273092595999522,"(6.579, 8.224]",1,1,0.09179778444881183,1.3639886036055924,0.6559398647502834,-0.6454347264697414,0.08913581800905887,0.3738688245995476,0.2610404085392533,0.3738688245995476,0.4866972406598419,301.0,292.0,287.0,-13.0,0.3738688245995476,0.5641420803014716,14.0,Dominado por rareza,Rareza,1.157452788691043,0.8094275863317937,1.157452788691043,1.2014696741078175,0.2821753605887091,0.1777447229249331,0.1780754940817648,1.0,0.40237288043899094,0.0668916702782444,0.2529661005487387,468.0,286.5,1.0118644021949548,1.0,1.8337889081131897,-1.1468339713376892,0.0885115381613757,-0.09737585293178269,-0.28986884486284525,-0.11836896865719373,0.649444724332729,-1.5236481744151193,-0.2759634233068424,0.4599200835136422,-0.24117425187463498,-0.30843666765355476,183.0,170.0,1
1383.0,Revalidación de Estudios de tipo Superior,Secretaría de Educación Pública,Secretaría de Educación Pública,Circuito Lote 17 Ex Hacienda La Concepción 42186 San Juan Tilcuautla San Agustín Tlaxiaca,Social,11520.0,1.0,5.0,Nivel 4.1,9.0,0.0,100.0,VERDADERO,,6.0,1.0,12.0,9.351926736038054,"(8.224, 9.869]",2,1,0.7766605335163969,1.9459101490553135,0.9357849740192016,-0.36887782937228863,0.12906836348030673,0.8562227537677992,0.8243978656672382,0.8562227537677992,0.88804764186836,482.0,482.0,546.0,-67.0,0.8562227537677992,0.15912444050280472,64.0,Sensible,Mixto,1.9671875475025984,0.8094275863317937,3.6094152827596893,0.35774963506849783,0.4795805591257976,0.1777447229249331,0.5553128525877803,0.2977600207297401,0.47332418182721003,0.1081520153677887,0.5172152221015776,558.0,605.0,3.06886088840631,0.1428571428571429,2.656405178675673,1.8403790835507015,0.5223339885921799,1.0767509692910755,-0.28986884486284525,0.8206417241666868,-2.8737156428835746,0.6553325481355352,-0.12217184923062448,0.6573252820507307,0.5180995212722059,-0.21991046232728667,273.0,206.0,3
9885.0,Arrendamiento de salas y espacios en el Parque Científico y Tecnológico de Hidalgo (PCYTH),Organismos No Sectorizados,"Consejo de Ciencia, Tecnología e Innovación de Hidalgo (CITNOVA)",Boulevard 3 La Concepción 42162 San Agustín Tlaxiaca San Agustín Tlaxiaca,Ambos,1440.0,0.0,0.0,Nivel 1,9.0,9.0,50.0,VERDADERO,,0.0,1.0,1.0,7.273092595999522,"(6.579, 8.224]",0,0,0.09179778444881183,1.3639886036055924,0.6559398647502834,-0.6454347264697414,0.08913581800905887,0.3738688245995476,0.2610404085392533,0.3738688245995476,0.4866972406598419,301.0,292.0,287.0,16.0,0.3738688245995476,0.5641420803014716,14.0,Dominado por rareza,Rareza,0.7503940547476008,0.7794752640484426,0.9314425368947573,0.35774963506849783,0.18293853110111424,0.17116739925186739,0.14330354688063304,0.2977600207297401,0.23380766451258048,0.04736329365221612,0.2178195754582906,138.5,188.0,1.8712783018331622,0.9285714285714286,2.656546183523958,-0.40653328467377264,0.1960228043626901,-0.6876167590336059,-0.3310191299741076,-0.11836896865719373,0.3558480270647038,0.6553325481355352,-0.02516485649293365,0.35410593035298166,-0.6481640977248081,0.0611618772045593,342.5,358.5,2
1447.0,Atención jurídica en materia penal.,Secretaría de Gobierno,Centro de Justicia Para Mujeres,Calle 118 San Carlos 42084 Pachuca De Soto Pachuca De Soto,Social,50.0,0.0,0.0,,0.0,0.0,0.0,FALSO,,0.0,0.0,0.0,3.9318256327243257,"(3.29, 4.934]",0,0,-1.008967896547238,1.754854912292604,0.8439068264813923,0.6447894618512345,0.2754335983536076,-0.08253053503292285,-0.45310547963864883,-0.08253053503292285,0.2880444095728031,187.5,182.5,182.5,6.0,-0.08253053503292285,1.8528747230286302,5.0,Dominado por rareza,Rareza,0.7503940547476008,0.7794752640484426,1.157452788691043,1.2014696741078175,0.18293853110111424,0.17116739925186739,0.1780754940817648,1.0,0.28993017788036474,0.03658171006982007,0.11241272235045591,220.0,83.0,0.44965088940182363,1.0,1.2715753953200588,-1.4741559355007232,0.040975720004496105,-0.6876167590336059,-0.3310191299741076,-1.0068532391841425,0.649444724332729,-1.5236481744151193,-0.5799385156548492,0.35410593035298166,-0.6481640977248081,-0.6323051967478353,58.0,64.0,1
7643.0,Titulación Nivel Posgrado (CEH),Secretaría de Educación Pública,Colegio del Estado de Hidalgo,Boulevard 3 De la Concepción 42162 San Agustín Tlaxiaca San Agustín Tlaxiaca,Social,345600.0,1.0,0.0,Nivel 1,7.0,0.0,100.0,VERDADERO,,1.0,1.0,1.0,12.75304020942637,"(11.514, 13.159]",0,1,1.8971423836135621,3.003279479189374,1.444272137010033,0.2213356613560948,0.2142903460221125,1.6707072603117976,1.7612813096325035,1.6707072603117976,1.5801332109910917,658.5,658.5,658.5,44.0,1.6707072603117976,-0.45287024660352904,0.0,Dominado por tiempo,Tiempo,0.7503940547476008,0.8094275863317937,0.9314425368947573,0.35774963506849783,0.18293853110111424,0.1777447229249331,0.14330354688063304,0.2977600207297401,0.4944908163896436,0.12211559093462165,0.5436735153046195,586.0,628.0,3.174694061218478,0.9285714285714286,3.9599619429092736,-0.6019165250909235,0.16764798322558633,-0.6876167590336059,-0.28986884486284525,2.4062194805311847,0.3558480270647038,0.6553325481355352,0.4879828903669945,0.36068325402604734,-0.6228659323296433,0.6986335308504451,582.0,626.0,2
10619.0,Monitoreo y opiniones técnica en materia de Biodiversidad,Secretaría de Medio Ambiente y Recursos Naturales,Comisión Estatal de Biodiversidad de Hidalgo,Boulevard 2005 Coscotitlán 42064 Pachuca De Soto Pachuca De Soto,Ambos,1440.0,1.0,0.0,Nivel 1,4.0,0.0,100.0,FALSO,,1.0,0.0,1.0,7.273092595999522,"(6.579, 8.224]",0,1,0.09179778444881183,1.3639886036055924,0.6559398647502834,-0.6454347264697414,0.08913581800905887,0.3738688245995476,0.2610404085392533,0.3738688245995476,0.4866972406598419,301.0,292.0,287.0,2.0,0.3738688245995476,0.5641420803014716,14.0,Dominado por rareza,Rareza,0.7503940547476008,0.8094275863317937,0.9314425368947573,1.2014696741078175,0.18293853110111424,0.1777447229249331,0.14330354688063304,1.0,0.3755711251012456,0.06123005705971627,0.219463906376557,399.5,204.0,0.877855625506228,0.9285714285714286,1.6631235071970236,-1.425017864582671,0.04811186929931382,-0.6876167590336059,-0.28986884486284525,-0.11836896865719373,0.3558480270647038,-1.5236481744151193,-0.45273094398081215,0.36068325402604734,-0.6228659323296433,-0.4772587620843131,103.5,105.5,1
615.0,Asesoría para la Inversión de Desarrollos Industriales Específicamente en Parques Industriales y Logísticos.,Secretaría de Desarrollo Económico,Corporación de Fomento de Infraestructura Industrial,Carretera S/N Las Colonias 42083 Pachuca De Soto Pachuca De Soto,Empresarial,1440.0,0.0,0.0,,0.0,0.0,0.0,FALSO,,0.0,0.0,0.0,7.273092595999522,"(6.579, 8.224]",0,0,0.09179778444881183,1.3639886036055924,0.6559398647502834,-0.6454347264697414,0.08913581800905887,0.3738688245995476,0.2610404085392533,0.3738688245995476,0.4866972406598419,301.0,292.0,287.0,11.0,0.3738688245995476,0.5641420803014716,14.0,Dominado por rareza,Rareza,0.7503940547476008,0.7794752640484426,1.157452788691043,1.2014696741078175,0.18293853110111424,0.17116739925186739,0.1780754940817648,1.0,0.3812100498068588,0.06281435887365583,0.22651256225857352,416.0,234.0,0.9060502490342941,1.0,1.7279747549525293,-1.5496451515354752,0.030012686541682033,-0.6876167590336059,-0.3310191299741076,-0.11836896865719373,0.649444724332729,-1.5236481744151193,-0.40224166154945956,0.35410593035298166,-0.6481640977248081,-0.41018412911609803,117.0,128.0,1
7583.0,Dictamen de Convalidación ITESHU.,Secretaría de Educación Pública,Instituto Tecnológico Superior de Huichapan,"Calle sin numero El Saucillo Huichapan, Hgo. 42411 Huichapan Huichapan",Social,15840.0,1.0,4.0,Nivel 1,3.0,0.0,100.0,VERDADERO,,5.0,1.0,1.0,9.670356794688852,"(8.224, 9.869]",2,1,0.8815659134854285,1.9459101490553135,0.9357849740192016,-0.44311297182713316,0.11834941836356985,0.908675443752315,0.8978316316455603,0.908675443752315,0.9195192558590697,498.5,569.5,592.5,14.0,0.908675443752315,0.05421906053377312,94.0,Sensible,Mixto,1.9671875475025984,0.8094275863317937,0.9314425368947573,0.35774963506849783,0.4795805591257976,0.1777447229249331,0.14330354688063304,0.2977600207297401,0.4014128586826837,0.08986613008859777,0.42732606817091967,463.5,533.5,2.7093042726836787,0.9285714285714286,3.4945721543744743,0.6710791854884193,0.35252067506378765,1.0767509692910755,-0.28986884486284525,0.922752713182091,0.3558480270647038,0.6553325481355352,0.5441630825621121,0.6573252820507307,0.5180995212722059,0.613008202413634,593.5,607.5,2
11098.0,Certificado Parcial de Estudios (CEH),Secretaría de Educación Pública,Colegio del Estado de Hidalgo,Boulevard 3 Circuito de la Concepción 42162 San Agustín Tlaxiaca San Agustín Tlaxiaca,Social,7200.0,1.0,0.0,Nivel 1,10.0,0.0,100.0,VERDADERO,,1.0,1.0,1.0,8.881975184248867,"(8.224, 9.869]",0,1,0.6218370651655479,1.9459101490553135,0.9357849740192016,-0.25931869873693625,0.14488780248834904,0.7788110195923748,0.716021437821644,0.7788110195923748,0.8416006013631054,461.5,461.5,441.5,35.0,0.7788110195923748,0.31394790885365365,20.0,Dominado por rareza,Rareza,0.7503940547476008,0.8094275863317937,0.9314425368947573,0.35774963506849783,0.18293853110111424,0.1777447229249331,0.14330354688063304,0.2977600207297401,0.31611156824575903,0.0708517134587747,0.3206994551247638,274.5,370.5,2.282797820499055,0.9285714285714286,3.068065702189851,-0.45439539786920674,0.18907195792230602,-0.6876167590336059,-0.28986884486284525,0.6699423274268128,0.3558480270647038,0.6553325481355352,0.14072745974612016,0.36068325402604734,-0.6228659323296433,0.2645642425743521,434.5,469.5,2
10616.0,Jardines Polinizadores ó farmacias vivientes,Secretaría de Medio Ambiente y Recursos Naturales,Comisión Estatal de Biodiversidad de Hidalgo,Calle 2005 Coscotitlán 42064 Pachuca De Soto Pachuca De Soto,Ambos,1440.0,1.0,0.0,Nivel 2,2.0,0.0,100.0,FALSO,,1.0,0.0,2.0,7.273092595999522,"(6.579, 8.224]",0,1,0.09179778444881183,1.3639886036055924,0.6559398647502834,-0.6454347264697414,0.08913581800905887,0.3738688245995476,0.2610404085392533,0.3738688245995476,0.4866972406598419,301.0,292.0,287.0,5.0,0.3738688245995476,0.5641420803014716,14.0,Dominado por rareza,Rareza,0.7503940547476008,0.8094275863317937,2.2512917986064953,1.2014696741078175,0.18293853110111424,0.1777447229249331,0.3463639323142087,1.0,0.4161832021879608,0.07172820429277146,0.27022900273495093,509.0,306.0,1.0809160109398037,0.8571428571428572,1.5916949357684522,-1.3195065795308616,0.06343490230306092,-0.6876167590336059,-0.28986884486284525,-0.11836896865719373,0.06225132979667862,-1.5236481744151193,-0.511450283434417,0.36068325402604734,-0.6228659323296433,-0.5506579364013194,78.0,83.0,1
426.0,Asesoría y Capacitación en Materia de Contraloría Social,Secretaría de Contraloría,Secretaría de Controlaría,Carretera Lote 4-B Fracción I Ex Hacienda La Concepción 42162 San Juan Tilcuautla San Agustín Tlaxiaca,Social,1440.0,0.0,0.0,,0.0,0.0,0.0,FALSO,,0.0,0.0,0.0,7.273092595999522,"(6.579, 8.224]",0,0,0.09179778444881183,1.3639886036055924,0.6559398647502834,-0.6454347264697414,0.08913581800905887,0.3738688245995476,0.2610404085392533,0.3738688245995476,0.4866972406598419,301.0,292.0,287.0,11.0,0.3738688245995476,0.5641420803014716,14.0,Dominado por rareza,Rareza,0.7503940547476008,0.7794752640484426,1.157452788691043,1.2014696741078175,0.18293853110111424,0.17116739925186739,0.1780754940817648,1.0,0.3812100498068588,0.06281435887365583,0.22651256225857352,416.0,234.0,0.9060502490342941,1.0,1.7279747549525293,-1.5496451515354752,0.030012686541682033,-0.6876167590336059,-0.3310191299741076,-0.11836896865719373,0.649444724332729,-1.5236481744151193,-0.40224166154945956,0.35410593035298166,-0.6481640977248081,-0.41018412911609803,117.0,128.0,1
462.0,Centros de Atención Infantil (CAI),Organismos No Sectorizados,Sistema para el Desarrollo Integral de la Familia del Estado de Hidalgo,Calle 104 Ex. Hacienda de Guadalupe 42000 Pachuca De Soto Pachuca De Soto,Social,1440.0,0.0,6.0,,6299.0,0.0,100.0,FALSO,,6.0,0.0,0.0,7.273092595999522,"(6.579, 8.224]",2,0,0.09179778444881183,1.3639886036055924,0.6559398647502834,-0.6454347264697414,0.08913581800905887,0.3738688245995476,0.2610404085392533,0.3738688245995476,0.4866972406598419,301.0,292.0,287.0,-64.0,0.3738688245995476,0.5641420803014716,14.0,Dominado por rareza,Rareza,1.9671875475025984,0.7794752640484426,1.157452788691043,1.2014696741078175,0.4795805591257976,0.17116739925186739,0.1780754940817648,1.0,0.4405384554117955,0.0743645059789918,0.30067306926474435,528.5,344.0,1.2026922770589774,1.0,2.024616782977213,-0.40269077561518496,0.19658083844494986,1.0767509692910755,-0.3310191299741076,-0.11836896865719373,0.649444724332729,-1.5236481744151193,-0.04936811588452326,0.650747958377665,0.4928013558770408,-0.12494276571563578,332.5,268.5,1
499.0,Registro de Organizaciones de la Sociedad Civil de Asistencia Social,Organismos No Sectorizados,Sistema para el Desarrollo Integral de la Familia del Estado de Hidalgo,Calle 15 Centro 42000 Pachuca De Soto Pachuca De Soto,Social,1440.0,4.0,4.0,,2592.0,0.0,100.0,FALSO,,8.0,0.0,0.0,7.273092595999522,"(6.579, 8.224]",2,4,0.09179778444881183,1.3639886036055924,0.6559398647502834,-0.6454347264697414,0.08913581800905887,0.3738688245995476,0.2610404085392533,0.3738688245995476,0.4866972406598419,301.0,292.0,287.0,-29.0,0.3738688245995476,0.5641420803014716,14.0,Dominado por rareza,Rareza,1.9671875475025984,4.553876891600541,1.157452788691043,1.2014696741078175,0.4795805591257976,1.0,0.1780754940817648,1.0,0.6063049755614219,0.10125519833125099,0.5078812194517774,639.0,601.0,2.0315248778071098,1.0,2.853449383725345,2.0061865062478614,0.5464136176954297,1.0767509692910755,4.854478729886802,-0.11836896865719373,0.649444724332729,-1.5236481744151193,0.9877314560876587,1.4795805591257976,3.6807156597595134,0.6720358102549824,646.0,617.0,0
554.0,Servicio Social DIF,Organismos No Sectorizados,Sistema para el Desarrollo Integral de la Familia del Estado de Hidalgo,Calle 100 Centro 42000 Pachuca De Soto Pachuca De Soto,Social,1440.0,0.0,2.0,,822.0,0.0,100.0,FALSO,,2.0,0.0,0.0,7.273092595999522,"(6.579, 8.224]",1,0,0.09179778444881183,1.3639886036055924,0.6559398647502834,-0.6454347264697414,0.08913581800905887,0.3738688245995476,0.2610404085392533,0.3738688245995476,0.4866972406598419,301.0,292.0,287.0,-10.0,0.3738688245995476,0.5641420803014716,14.0,Dominado por rareza,Rareza,1.157452788691043,0.7794752640484426,1.157452788691043,1.2014696741078175,0.2821753605887091,0.17116739925186739,0.1780754940817648,1.0,0.4010574157043778,0.0666782752124205,0.25132176963047226,460.5,280.0,1.005287078521889,1.0,1.827211584440124,-1.1659499732386838,0.08573538840749106,-0.09737585293178269,-0.3310191299741076,-0.11836896865719373,0.649444724332729,-1.5236481744151193,-0.28419348032909486,0.4533427598405765,-0.26647241726980003,-0.31476120900234605,175.5,165.5,1
925.0,Prevención Social de la Violencia y la Delincuencia.,Secretaría de Seguridad Pública,Secretaría de Seguridad Pública,Calle S/N Fraccionamiento Colosio II 42039 Pachuca De Soto Pachuca De Soto,Ambos,8640.0,1.0,1.0,Nivel 1,294.0,0.0,100.0,FALSO,,2.0,0.0,1.0,9.0642735958414,"(8.224, 9.869]",0,1,0.6818944737434162,1.9459101490553135,0.9357849740192016,-0.30181766573522545,0.13875130056071056,0.8088397238813089,0.7580616238261517,0.8088397238813089,0.8596178239364659,475.0,475.0,526.0,12.0,0.8088397238813089,0.2538905002757854,51.0,Dominado por rareza,Rareza,0.7503940547476008,0.8094275863317937,0.9314425368947573,1.2014696741078175,0.18293853110111424,0.1777447229249331,0.14330354688063304,1.0,0.46256530495759784,0.08623105366482908,0.32820663119699733,554.0,380.0,1.3128265247879893,0.9285714285714286,2.098094406478785,-1.4969627775009389,0.03766356251812913,-0.6876167590336059,-0.28986884486284525,0.7283999717287417,0.3558480270647038,-1.5236481744151193,-0.283377155903625,0.36068325402604734,-0.6228659323296433,-0.2655665269878293,178.0,190.0,1
1177.0,Renovación anual del registro estatal de consultores en materia de protección civil,Secretaría de Gobierno,Subsecretaría de Protección Civil y Gestión de Riesgos,Calle 903 Revolución 42060 Pachuca De Soto Pachuca De Soto,Ambos,43200.0,0.0,0.0,Nivel 1,0.0,0.0,0.0,VERDADERO,,0.0,1.0,1.0,10.673618922112436,"(9.869, 11.514]",0,0,1.2120862014627916,1.6245897174547026,0.7812625096170339,-1.0973107648417608,0.023888627868291986,0.9966743555399127,1.0828390939090642,0.9966743555399127,0.9105096171707612,602.0,602.0,578.0,29.0,0.9966743555399127,-0.43082369184575764,24.0,Dominado por tiempo,Tiempo,0.7503940547476008,0.7794752640484426,0.9314425368947573,0.35774963506849783,0.18293853110111424,0.17116739925186739,0.14330354688063304,0.2977600207297401,0.3583687707006535,0.08316053661811687,0.3735209581933818,338.5,450.0,2.4940838327735273,0.9285714285714286,3.279351714464323,-0.509546359255332,0.18106257768309258,-0.6876167590336059,-0.3310191299741076,1.0940624385281792,0.3558480270647038,0.6553325481355352,0.21732142494414095,0.35410593035298166,-0.6481640977248081,0.36426972900090254,488.5,517.5,2
1261.0,"Por la Suscripción al Periódico Oficial, por ejercicio fiscal vigente.",Secretaría de Gobierno,Secretaría de Gobierno,Calle 517 Centro 42000 Pachuca De Soto Pachuca De Soto,Ambos,480.0,0.0,0.0,Nivel 1,10.0,0.0,100.0,VERDADERO,,0.0,1.0,1.0,6.175867270105761,"(4.934, 6.579]",0,0,-0.26967826530677347,3.791736839553644,1.8234399782600113,2.7860177983679235,0.5846093911458844,0.7768808564766189,0.358257207763262,0.7768808564766189,1.1955045051899758,377.0,449.0,630.0,36.0,0.7768808564766189,2.0931182435667846,253.0,Dominado por rareza,Rareza,0.7503940547476008,0.7794752640484426,0.9314425368947573,0.35774963506849783,0.18293853110111424,0.17116739925186739,0.14330354688063304,0.2977600207297401,0.3144100708879947,0.07052737763442188,0.3185725834275584,269.5,366.5,2.2742903337102334,0.9285714285714286,3.059558215401029,-0.4731921475684789,0.18634217204334824,-0.6876167590336059,-0.3310191299741076,0.6661848296746657,0.3558480270647038,0.6553325481355352,0.13174590317343826,0.35410593035298166,-0.6481640977248081,0.2573003267875242,429.5,465.5,2
1301.0,Expedición de Registro de Personal Docente de instituciones particulares de educación superior,Secretaría de Educación Pública,Secretaría de Educación Pública,Circuito Lote 17 Ex Hacienda La Concepción 42186 San Juan Tilcuautla San Agustín Tlaxiaca,Empresarial,14400.0,1.0,4.0,Nivel 4.1,816.0,0.0,100.0,VERDADERO,,5.0,1.0,12.0,9.575052927597383,"(8.224, 9.869]",2,1,0.8501684743362787,1.9459101490553135,0.9357849740192016,-0.42089491810441176,0.12155752291593097,0.8929767241777402,0.8758534242411555,0.8929767241777402,0.9101000241143247,492.0,563.0,560.0,-63.0,0.8929767241777402,0.08561649968292284,68.0,Sensible,Mixto,1.9671875475025984,0.8094275863317937,3.6094152827596893,0.35774963506849783,0.4795805591257976,0.1777447229249331,0.5553128525877803,0.2977600207297401,0.4806749759091982,0.11026453804680161,0.5264037147040628,571.0,613.0,3.105614858816251,0.1428571428571429,2.6931591490856137,1.8342999154847226,0.5214511323852389,1.0767509692910755,-0.28986884486284525,0.8921916155051457,-2.8737156428835746,0.6553325481355352,-0.10786187096293269,0.6573252820507307,0.5180995212722059,-0.20202298949267194,285.0,222.0,3
1477.0,Casa de la Mujer Hidalguense,Organismos No Sectorizados,Sistema para el Desarrollo Integral de la Familia del Estado de Hidalgo,Calle 103 Colosio I 42088 Pachuca De Soto Pachuca De Soto,Social,180.0,0.0,4.0,,6701.0,0.0,100.0,FALSO,,4.0,0.0,0.0,5.198497031265826,"(4.934, 6.579]",2,0,-0.5916685846577694,3.791736839553644,1.8234399782600113,3.013870719096663,0.6175094822781292,0.6158856968011209,0.1328639842175648,0.6158856968011209,1.098907409384677,223.5,393.5,619.5,-41.0,0.6158856968011209,2.415108562917781,396.0,Dominado por rareza,Rareza,1.9671875475025984,0.7794752640484426,1.157452788691043,1.2014696741078175,0.4795805591257976,0.17116739925186739,0.1780754940817648,1.0,0.4889418298521102,0.08827500668210232,0.36117728731513765,580.0,432.0,1.4447091492605506,1.0,2.266633655178786,-0.4427207703206808,0.1907674230390912,1.0767509692910755,-0.3310191299741076,0.3527714473293375,0.649444724332729,-1.5236481744151193,0.04485996731278301,0.650747958377665,0.4928013558770408,-0.007157661719003006,384.0,343.0,1
1481.0,"Reporte de violencia o maltrato en contra de Niñas, Niños y Adolescentes",Organismos No Sectorizados,Sistema para el Desarrollo Integral de la Familia del Estado de Hidalgo,Calle 118 Centro 42000 Pachuca De Soto Pachuca De Soto,Social,1440.0,0.0,0.0,,7955.0,0.0,100.0,FALSO,,0.0,0.0,0.0,7.273092595999522,"(6.579, 8.224]",0,0,0.09179778444881183,1.3639886036055924,0.6559398647502834,-0.6454347264697414,0.08913581800905887,0.3738688245995476,0.2610404085392533,0.3738688245995476,0.4866972406598419,301.0,292.0,287.0,11.0,0.3738688245995476,0.5641420803014716,14.0,Dominado por rareza,Rareza,0.7503940547476008,0.7794752640484426,1.157452788691043,1.2014696741078175,0.18293853110111424,0.17116739925186739,0.1780754940817648,1.0,0.3812100498068588,0.06281435887365583,0.22651256225857352,416.0,234.0,0.9060502490342941,1.0,1.7279747549525293,-1.5496451515354752,0.030012686541682033,-0.6876167590336059,-0.3310191299741076,-0.11836896865719373,0.649444724332729,-1.5236481744151193,-0.40224166154945956,0.35410593035298166,-0.6481640977248081,-0.41018412911609803,117.0,128.0,1
1776.0,Autorización Para el Uso y Aprovechamiento del Derecho de Vía Estatal,Secretaría de Infraestructura Pública y Desarrollo Urbano Sostenible,Secretaría de Infraestructura Pública y Desarrollo Urbano Sostenible,Boulevard No. 1120 Villa Aquiles Serdan 42030 Pachuca De Soto Pachuca De Soto,Ambos,35.0,1.0,7.0,Nivel 1,50.0,8.0,86.20689655,VERDADERO,,8.0,1.0,1.0,3.58351893845611,"(3.29, 4.934]",3,1,-1.1237160024979855,1.754854912292604,0.8439068264813923,0.7259897014785252,0.287158246320172,-0.13990458800829664,-0.5334291538041722,-0.13990458800829664,0.25361997778757883,177.0,172.0,162.0,-69.0,-0.13990458800829664,1.9676228289793778,15.0,Dominado por rareza,Rareza,2.8622008809294686,0.8094275863317937,0.9314425368947573,0.35774963506849783,0.6977758173332946,0.1777447229249331,0.14330354688063304,0.2977600207297401,0.23533590397206083,0.038092194650496826,0.21972987478264103,146.0,208.0,1.8789194991305642,0.9285714285714286,2.6641873808213594,1.6881591938697673,0.500227629141981,2.3745329276275564,-0.28986884486284525,-1.118544771017249,0.3558480270647038,0.6553325481355352,0.39545997738954025,0.8755205402582278,1.3573374856707445,0.31249332246343364,562.0,493.0,2
1777.0,Expedición de Oficio de Afectación o no Afectación del Derecho de Vía,Secretaría de Infraestructura Pública y Desarrollo Urbano Sostenible,Secretaría de Infraestructura Pública y Desarrollo Urbano Sostenible,Boulevard No. 1120 Villa Aquiles Serdan 42000 Pachuca De Soto Pachuca De Soto,Ambos,25.0,1.0,2.0,Nivel 1,52.0,0.0,100.0,FALSO,,3.0,0.0,1.0,3.258096538021482,"(1.645, 3.29]",1,1,-1.230924978662722,1.8846665238145945,0.9063330158789191,0.9716572762924646,0.32263062724803554,-0.1622959813919015,-0.5897475803002297,-0.1622959813919015,0.2651556175164267,103.0,167.0,168.0,-10.0,-0.1622959813919015,2.137257994541641,65.0,Dominado por rareza,Rareza,1.157452788691043,0.8094275863317937,0.9314425368947573,1.2014696741078175,0.2821753605887091,0.1777447229249331,0.14330354688063304,1.0,0.2881855298004748,0.03427661408431208,0.11023191225059345,216.0,75.5,0.4409276490023738,0.9285714285714286,1.2261955306931696,-0.9526401322561964,0.1167136267238355,-0.09737585293178269,-0.28986884486284525,-1.1621346674459703,0.3558480270647038,-1.5236481744151193,-0.5434359025182027,0.4599200835136422,-0.24117425187463498,-0.6427772666677551,69.0,59.0,1
1778.0,Expedición de Oficio de Afectación de Vialidades y Señalamiento por Accidentes,Secretaría de Infraestructura Pública y Desarrollo Urbano Sostenible,Secretaría de Infraestructura Pública y Desarrollo Urbano Sostenible,Boulevard No. 1120 Villa Aquiles Serdan 42030 Pachuca De Soto Pachuca De Soto,Ambos,20.0,1.0,2.0,Nivel 1,45.0,23.0,66.17647059,VERDADERO,,3.0,1.0,1.0,3.044522437723423,"(1.645, 3.29]",1,1,-1.3012860250986122,1.8846665238145945,0.9063330158789191,1.0214474997012368,0.32981992674178046,-0.19747650460984656,-0.6390003128053527,-0.19747650460984656,0.24404730358565963,77.5,72.5,142.5,4.0,-0.19747650460984656,2.2076190409775314,65.0,Dominado por rareza,Rareza,1.157452788691043,0.8094275863317937,0.9314425368947573,0.35774963506849783,0.2821753605887091,0.1777447229249331,0.14330354688063304,0.2977600207297401,0.14070142930283377,0.01860116071811976,0.10143678144610718,53.0,62.5,1.4057471257844287,0.9285714285714286,2.191015007475224,0.09077936682727462,0.26824577244036735,-0.09737585293178269,-0.28986884486284525,-1.2306214890164984,0.3558480270647038,0.6553325481355352,-0.12133712232217748,0.4599200835136422,-0.24117425187463498,-0.11515379142272358,276.0,280.0,2
4856.0,Expedición Tarjeta Preferente Tuzobús para Personas con Discapacidad,Secretaría de Movilidad y Transporte,Sistema de Transporte Masivo de Hidalgo,Calle S/N Venta Prieta 42083 Pachuca De Soto Pachuca De Soto,Social,20.0,1.0,2.0,Nivel 1,129.0,0.0,100.0,VERDADERO,,3.0,1.0,1.0,3.044522437723423,"(1.645, 3.29]",1,1,-1.3012860250986122,1.8846665238145945,0.9063330158789191,1.0214474997012368,0.32981992674178046,-0.19747650460984656,-0.6390003128053527,-0.19747650460984656,0.24404730358565963,77.5,72.5,142.5,4.0,-0.19747650460984656,2.2076190409775314,65.0,Dominado por rareza,Rareza,1.157452788691043,0.8094275863317937,0.9314425368947573,0.35774963506849783,0.2821753605887091,0.1777447229249331,0.14330354688063304,0.2977600207297401,0.14070142930283377,0.01860116071811976,0.10143678144610718,53.0,62.5,1.4057471257844287,0.9285714285714286,2.191015007475224,0.09077936682727462,0.26824577244036735,-0.09737585293178269,-0.28986884486284525,-1.2306214890164984,0.3558480270647038,0.6553325481355352,-0.12133712232217748,0.4599200835136422,-0.24117425187463498,-0.11515379142272358,276.0,280.0,2
5572.0,"Por la certificación, expedición y entrega de un ejemplar del Periódico Oficial del Estado.",Secretaría de Gobierno,Secretaría de Gobierno,Calle 517 Centro 42000 Pachuca De Soto Pachuca De Soto,Ambos,480.0,0.0,0.0,Nivel 3.7,120.0,2.0,98.36065574,VERDADERO,,0.0,1.0,9.0,6.175867270105761,"(4.934, 6.579]",0,0,-0.26967826530677347,3.791736839553644,1.8234399782600113,2.7860177983679235,0.5846093911458844,0.7768808564766189,0.358257207763262,0.7768808564766189,1.1955045051899758,377.0,449.0,630.0,9.0,0.7768808564766189,2.0931182435667846,253.0,Dominado por rareza,Rareza,0.7503940547476008,0.7794752640484426,3.3217332103079085,0.35774963506849783,0.18293853110111424,0.17116739925186739,0.5110526221137135,0.2977600207297401,0.38795988593461084,0.0895398695509196,0.4105098522358285,435.0,509.0,2.642039408943314,0.3571428571428571,2.4881296439724574,0.3708981328459963,0.3089264360733251,-0.6876167590336059,-0.3310191299741076,0.6661848296746657,-1.992925551079499,0.6553325481355352,-0.33800881245540226,0.35410593035298166,-0.6481640977248081,-0.32989306774852656,147.0,156.0,3
6583.0,Devolución Vehículos Recuperados,Procuraduría General de Justicia,Procuraduría General de Justicia,Calle Km 84.5 SPAUAH 42083 Pachuca De Soto Pachuca De Soto,Ambos,4320.0,0.0,5.0,Nivel 3.1,0.0,0.0,0.0,FALSO,,5.0,0.0,3.0,8.371242135931933,"(8.224, 9.869]",2,0,0.4535783124477769,1.9459101490553135,0.9357849740192016,-0.14025223635945364,0.16208002214691,0.6946816432334892,0.5982403109192043,0.6946816432334892,0.7911229755477741,426.5,419.5,406.5,-55.0,0.6946816432334892,0.48220666157142467,20.0,Dominado por rareza,Rareza,1.9671875475025984,0.7794752640484426,3.8607297110405954,1.2014696741078175,0.4795805591257976,0.17116739925186739,0.5939778775661291,1.0,0.5878814958354567,0.11430599309716727,0.4848518697943208,637.0,586.0,1.9394074791772833,0.7857142857142857,2.13114388732544,-0.13921989625375764,0.2348437880242204,1.0767509692910755,-0.3310191299741076,0.5061655253640223,-0.231345367471347,-1.5236481744151193,-0.10061923544109526,0.650747958377665,0.4928013558770408,-0.18900666516135084,289.0,234.0,1
6717.0,Convocatoria del Instituto de Formación Profesional,Secretaría de Seguridad Pública,Secretaría de Seguridad Pública,Carretera Km. 0+500 San José Palma Gorda 42188 San José Palma Gorda Mineral De La Reforma,Social,64800.0,3.0,15.0,Nivel 1,177.0,238.0,42.65060241,FALSO,,18.0,0.0,1.0,11.079076314320059,"(9.869, 11.514]",4,3,1.3456623530705094,1.6245897174547026,0.7812625096170339,-1.1918344646376733,0.010240181635975542,1.0634624313437717,1.1763424000344667,1.0634624313437717,0.9505824626530766,619.0,619.0,599.0,0.0,1.0634624313437717,-0.5643998434534755,20.0,Dominado por tiempo,Tiempo,4.1018917678574836,4.014880390867853,0.9314425368947573,1.2014696741078175,1.0,0.881640080844775,0.14330354688063304,1.0,0.8176812118138359,0.15551668809404967,0.7721015147672949,664.0,662.0,3.0884060590691798,0.9285714285714286,3.873673940759975,3.6658232271318236,0.7874368242258811,4.17210220048888,4.113973220187095,1.2240804886373549,0.3558480270647038,-1.5236481744151193,1.6684711523925828,1.8816400808447749,5.227145299644744,1.3208564102329208,664.0,664.0,0
392.0,Inscripción al Padrón de Contratistas (Persona Moral),Secretaría de Contraloría,Secretaría de Controlaría,"Carretera 0 Venta Prieta, Ex Centro Minero 42083 Pachuca De Soto Pachuca De Soto",Empresarial,21600.0,0.0,0.0,Nivel 1,0.0,0.0,0.0,VERDADERO,,0.0,1.0,1.0,9.980494888896912,"(9.869, 11.514]",0,0,0.9837395422993063,1.6245897174547026,0.7812625096170339,-0.9357237539840406,0.04722046564330571,0.88250102595817,0.9229964324946245,0.88250102595817,0.8420056194217156,536.0,522.0,487.0,33.0,0.88250102595817,-0.20247703268227235,49.0,Dominado por tiempo,Tiempo,0.7503940547476008,0.7794752640484426,0.9314425368947573,0.35774963506849783,0.18293853110111424,0.17116739925186739,0.14330354688063304,0.2977600207297401,0.33553410478430495,0.07659815042175078,0.3449776257979462,301.5,404.0,2.379910503191785,0.9285714285714286,3.16517838488258,-0.4906618999319366,0.18380510132241912,-0.6876167590336059,-0.3310191299741076,0.871798306674979,0.3558480270647038,0.6553325481355352,0.17286859857350093,0.35410593035298166,-0.6481640977248081,0.3087036960376025,457.5,490.5,2
406.0,Inscripción al Padrón de Contratistas (Persona Física),Secretaría de Contraloría,Secretaría de Controlaría,"Carretera 0 Venta Prieta, Ex Centro Minero 42083 Pachuca De Soto Pachuca De Soto",Empresarial,1440.0,0.0,0.0,,0.0,0.0,0.0,VERDADERO,,0.0,1.0,0.0,7.273092595999522,"(6.579, 8.224]",0,0,0.09179778444881183,1.3639886036055924,0.6559398647502834,-0.6454347264697414,0.08913581800905887,0.3738688245995476,0.2610404085392533,0.3738688245995476,0.4866972406598419,301.0,292.0,287.0,28.0,0.3738688245995476,0.5641420803014716,14.0,Dominado por rareza,Rareza,0.7503940547476008,0.7794752640484426,1.157452788691043,0.35774963506849783,0.18293853110111424,0.17116739925186739,0.1780754940817648,0.2977600207297401,0.24076205395280686,0.04916099053197957,0.22651256225857352,160.5,234.0,1.906050249034294,1.0,2.7279747549525295,-0.5120445697255819,0.18069977135894297,-0.6876167590336059,-0.3310191299741076,-0.11836896865719373,0.649444724332729,0.6553325481355352,0.03355448296067141,0.35410593035298166,-0.6481640977248081,0.1345610515215656,366.5,394.5,2
409.0,Revalidación del Registro de Contratistas (Persona Moral),Secretaría de Contraloría,Secretaría de Controlaría,"Carretera 301 Venta Prieta, Ex Centro Minero 42083 Pachuca De Soto Pachuca De Soto",Empresarial,1440.0,0.0,0.0,,0.0,0.0,0.0,VERDADERO,,0.0,1.0,0.0,7.273092595999522,"(6.579, 8.224]",0,0,0.09179778444881183,1.3639886036055924,0.6559398647502834,-0.6454347264697414,0.08913581800905887,0.3738688245995476,0.2610404085392533,0.3738688245995476,0.4866972406598419,301.0,292.0,287.0,28.0,0.3738688245995476,0.5641420803014716,14.0,Dominado por rareza,Rareza,0.7503940547476008,0.7794752640484426,1.157452788691043,0.35774963506849783,0.18293853110111424,0.17116739925186739,0.1780754940817648,0.2977600207297401,0.24076205395280686,0.04916099053197957,0.22651256225857352,160.5,234.0,1.906050249034294,1.0,2.7279747549525295,-0.5120445697255819,0.18069977135894297,-0.6876167590336059,-0.3310191299741076,-0.11836896865719373,0.649444724332729,0.6553325481355352,0.03355448296067141,0.35410593035298166,-0.6481640977248081,0.1345610515215656,366.5,394.5,2
412.0,Revalidación del Registro de Contratistas (Persona Física),Secretaría de Contraloría,Secretaría de Controlaría,"Carretera 0 Venta Prieta, Ex Centro Minero 42083 Pachuca De Soto Pachuca De Soto",Empresarial,21600.0,0.0,0.0,Nivel 1,0.0,0.0,0.0,VERDADERO,,0.0,1.0,1.0,9.980494888896912,"(9.869, 11.514]",0,0,0.9837395422993063,1.6245897174547026,0.7812625096170339,-0.9357237539840406,0.04722046564330571,0.88250102595817,0.9229964324946245,0.88250102595817,0.8420056194217156,536.0,522.0,487.0,33.0,0.88250102595817,-0.20247703268227235,49.0,Dominado por tiempo,Tiempo,0.7503940547476008,0.7794752640484426,0.9314425368947573,0.35774963506849783,0.18293853110111424,0.17116739925186739,0.14330354688063304,0.2977600207297401,0.33553410478430495,0.07659815042175078,0.3449776257979462,301.5,404.0,2.379910503191785,0.9285714285714286,3.16517838488258,-0.4906618999319366,0.18380510132241912,-0.6876167590336059,-0.3310191299741076,0.871798306674979,0.3558480270647038,0.6553325481355352,0.17286859857350093,0.35410593035298166,-0.6481640977248081,0.3087036960376025,457.5,490.5,2
430.0,Prestación de servicios del Complejo Deportivo Revolución Mexicana del Instituto Hidalguense del Deporte,Secretaría de Educación Pública,Instituto Hidalguense del Deporte,Calle - Periodistas 42060 Pachuca De Soto Pachuca De Soto,Social,10.0,3.0,3.0,Nivel 2,1500.0,200.0,88.23529412,VERDADERO,,6.0,1.0,2.0,2.3978952727983707,"(1.645, 3.29]",1,3,-1.5143144958471932,1.8846665238145945,0.9063330158789191,1.172194762402416,0.35158659387487234,-0.30399073998413706,-0.7881202423293596,-0.30399073998413706,0.18013876236108534,21.0,18.0,18.0,-58.0,-0.30399073998413706,2.4206475117261124,3.0,Dominado por rareza,Rareza,1.157452788691043,4.014880390867853,2.2512917986064953,0.35774963506849783,0.2821753605887091,0.881640080844775,0.3463639323142087,0.2977600207297401,0.3007897308986592,0.04581436787325275,0.3015471584408889,249.0,348.0,2.2061886337635555,0.8571428571428572,2.716967558592204,2.259674262757671,0.583226753438572,-0.09737585293178269,4.113973220187095,-1.4379754668868243,0.06225132979667862,0.6553325481355352,0.6592411556601404,1.163815441433484,2.466197632295538,0.43645151083523187,615.0,557.0,0
435.0,Caja general del Sistema DIF Hidalgo,Organismos No Sectorizados,Sistema para el Desarrollo Integral de la Familia del Estado de Hidalgo,Calle 100 Centro 42000 Pachuca De Soto Pachuca De Soto,Social,10.0,0.0,0.0,,1315.0,0.0,100.0,FALSO,,0.0,0.0,0.0,2.3978952727983707,"(1.645, 3.29]",0,0,-1.5143144958471932,1.8846665238145945,0.9063330158789191,1.172194762402416,0.35158659387487234,-0.30399073998413706,-0.7881202423293596,-0.30399073998413706,0.18013876236108534,21.0,18.0,18.0,7.0,-0.30399073998413706,2.4206475117261124,3.0,Dominado por rareza,Rareza,0.7503940547476008,0.7794752640484426,1.157452788691043,1.2014696741078175,0.18293853110111424,0.17116739925186739,0.1780754940817648,1.0,0.24563813689012187,0.02385275316420793,0.057047671112652354,175.0,10.0,0.22819068445060942,1.0,1.0501151903688446,-1.4375260478774687,0.04629534981185813,-0.6876167590336059,-0.3310191299741076,-1.4379754668868243,0.649444724332729,-1.5236481744151193,-0.6661629611953857,0.35410593035298166,-0.6481640977248081,-0.7400857536735057,30.0,37.0,1
440.0,Capacitar con temas gerontológicos a los enlaces y/o personas que estén al frente de grupos de personas adultas mayores de los diferentes DIF Municipales.,Organismos No Sectorizados,Sistema para el Desarrollo Integral de la Familia del Estado de Hidalgo,Calle 100 Centro 42000 Pachuca De Soto Pachuca De Soto,Social,7200.0,0.0,1.0,,1204.0,0.0,100.0,FALSO,,1.0,0.0,0.0,8.881975184248867,"(8.224, 9.869]",0,0,0.6218370651655479,1.9459101490553135,0.9357849740192016,-0.25931869873693625,0.14488780248834904,0.7788110195923748,0.716021437821644,0.7788110195923748,0.8416006013631054,461.5,461.5,441.5,10.0,0.7788110195923748,0.31394790885365365,20.0,Dominado por rareza,Rareza,0.7503940547476008,0.7794752640484426,1.157452788691043,1.2014696741078175,0.18293853110111424,0.17116739925186739,0.1780754940817648,1.0,0.4621984888054243,0.08608938361439049,0.3277481110067803,552.5,378.5,1.3109924440271212,1.0,2.1329169499453564,-1.616623266631905,0.02028569034741319,-0.6876167590336059,-0.3310191299741076,0.6699423274268128,0.649444724332729,-1.5236481744151193,-0.24457940233265818,0.35410593035298166,-0.6481640977248081,-0.2131063050950964,200.5,210.5,1
470.0,Centros de Desarrollo Comunitario Urbanos (CDC),Organismos No Sectorizados,Sistema para el Desarrollo Integral de la Familia del Estado de Hidalgo,Calle 600 Morelos 42040 Pachuca De Soto Pachuca De Soto,Social,1440.0,0.0,0.0,,854.0,0.0,100.0,FALSO,,0.0,0.0,0.0,7.273092595999522,"(6.579, 8.224]",0,0,0.09179778444881183,1.3639886036055924,0.6559398647502834,-0.6454347264697414,0.08913581800905887,0.3738688245995476,0.2610404085392533,0.3738688245995476,0.4866972406598419,301.0,292.0,287.0,11.0,0.3738688245995476,0.5641420803014716,14.0,Dominado por rareza,Rareza,0.7503940547476008,0.7794752640484426,1.157452788691043,1.2014696741078175,0.18293853110111424,0.17116739925186739,0.1780754940817648,1.0,0.3812100498068588,0.06281435887365583,0.22651256225857352,416.0,234.0,0.9060502490342941,1.0,1.7279747549525293,-1.5496451515354752,0.030012686541682033,-0.6876167590336059,-0.3310191299741076,-0.11836896865719373,0.649444724332729,-1.5236481744151193,-0.40224166154945956,0.35410593035298166,-0.6481640977248081,-0.41018412911609803,117.0,128.0,1
475.0,"Acompañamiento, asistencia y seguimiento de proyectos de inversión",Secretaría de Desarrollo Económico,Secretaría de Desarrollo Económico,Camino 305 Zona Plateada 42084 Pachuca De Soto Pachuca De Soto,Empresarial,60.0,1.0,0.0,Nivel 3.1,65.0,0.0,100.0,FALSO,,1.0,0.0,3.0,4.110873864173311,"(3.29, 4.934]",0,1,-0.9499812454988917,1.754854912292604,0.8439068264813923,0.6030482046840534,0.2694065035049546,-0.05303720950874974,-0.41181482390480656,-0.05303720950874974,0.30574040488730697,199.5,194.5,194.5,2.0,-0.05303720950874974,1.7938880719802839,5.0,Dominado por rareza,Rareza,0.7503940547476008,0.8094275863317937,3.8607297110405954,1.2014696741078175,0.18293853110111424,0.1777447229249331,0.5939778775661291,1.0,0.3803247844166854,0.0599923050606603,0.2254059805208567,405.0,215.5,0.9016239220834268,0.7857142857142857,1.0933603302315833,-1.1433843237246406,0.08901251835700204,-0.6876167590336059,-0.28986884486284525,-0.9494378303744968,-0.231345367471347,-1.5236481744151193,-0.7363833952314829,0.36068325402604734,-0.6228659323296433,-0.8318243261476517,18.0,20.0,1
476.0,Comercialización de prendas no desempeñadas,Organismos No Sectorizados,Sistema para el Desarrollo Integral de la Familia del Estado de Hidalgo,Calle 104 El Palmar 42030 Pachuca De Soto Pachuca De Soto,Social,1440.0,0.0,0.0,,353.0,0.0,100.0,FALSO,,0.0,0.0,0.0,7.273092595999522,"(6.579, 8.224]",0,0,0.09179778444881183,1.3639886036055924,0.6559398647502834,-0.6454347264697414,0.08913581800905887,0.3738688245995476,0.2610404085392533,0.3738688245995476,0.4866972406598419,301.0,292.0,287.0,11.0,0.3738688245995476,0.5641420803014716,14.0,Dominado por rareza,Rareza,0.7503940547476008,0.7794752640484426,1.157452788691043,1.2014696741078175,0.18293853110111424,0.17116739925186739,0.1780754940817648,1.0,0.3812100498068588,0.06281435887365583,0.22651256225857352,416.0,234.0,0.9060502490342941,1.0,1.7279747549525293,-1.5496451515354752,0.030012686541682033,-0.6876167590336059,-0.3310191299741076,-0.11836896865719373,0.649444724332729,-1.5236481744151193,-0.40224166154945956,0.35410593035298166,-0.6481640977248081,-0.41018412911609803,117.0,128.0,1
482.0,Credencialización para Personas con Discapacidad Permanente,Organismos No Sectorizados,Sistema para el Desarrollo Integral de la Familia del Estado de Hidalgo,Boulevard S/N El Palmar 42088 Pachuca De Soto Pachuca De Soto,Social,1440.0,0.0,3.0,,8408.0,0.0,100.0,FALSO,,3.0,0.0,0.0,7.273092595999522,"(6.579, 8.224]",1,0,0.09179778444881183,1.3639886036055924,0.6559398647502834,-0.6454347264697414,0.08913581800905887,0.3738688245995476,0.2610404085392533,0.3738688245995476,0.4866972406598419,301.0,292.0,287.0,-10.0,0.3738688245995476,0.5641420803014716,14.0,Dominado por rareza,Rareza,1.157452788691043,0.7794752640484426,1.157452788691043,1.2014696741078175,0.2821753605887091,0.17116739925186739,0.1780754940817648,1.0,0.4010574157043778,0.0666782752124205,0.25132176963047226,460.5,280.0,1.005287078521889,1.0,1.827211584440124,-1.1659499732386838,0.08573538840749106,-0.09737585293178269,-0.3310191299741076,-0.11836896865719373,0.649444724332729,-1.5236481744151193,-0.28419348032909486,0.4533427598405765,-0.26647241726980003,-0.31476120900234605,175.5,165.5,1
484.0,"Apoyo con Estudios de gabinete, laboratorio y medicamentos",Organismos No Sectorizados,Sistema para el Desarrollo Integral de la Familia del Estado de Hidalgo,Calle 100 Centro 42000 Pachuca De Soto Pachuca De Soto,Social,1440.0,0.0,1.0,Nivel 1,259.0,0.0,100.0,FALSO,,1.0,0.0,1.0,7.273092595999522,"(6.579, 8.224]",0,0,0.09179778444881183,1.3639886036055924,0.6559398647502834,-0.6454347264697414,0.08913581800905887,0.3738688245995476,0.2610404085392533,0.3738688245995476,0.4866972406598419,301.0,292.0,287.0,3.0,0.3738688245995476,0.5641420803014716,14.0,Dominado por rareza,Rareza,0.7503940547476008,0.7794752640484426,0.9314425368947573,1.2014696741078175,0.18293853110111424,0.17116739925186739,0.14330354688063304,1.0,0.37425566036663244,0.06101666199389237,0.2178195754582906,389.0,188.0,0.8712783018331623,0.9285714285714286,1.6565461835239579,-1.4441338664836663,0.04533571954542908,-0.6876167590336059,-0.3310191299741076,-0.11836896865719373,0.3558480270647038,-1.5236481744151193,-0.4609610010030646,0.35410593035298166,-0.6481640977248081,-0.48358330343310435,92.0,95.0,1
489.0,Apoyo de Gastos Funerarios,Organismos No Sectorizados,Sistema para el Desarrollo Integral de la Familia del Estado de Hidalgo,Calle 100 Centro 42000 Pachuca De Soto Pachuca De Soto,Social,1440.0,0.0,3.0,,612.0,0.0,100.0,FALSO,,3.0,0.0,0.0,7.273092595999522,"(6.579, 8.224]",1,0,0.09179778444881183,1.3639886036055924,0.6559398647502834,-0.6454347264697414,0.08913581800905887,0.3738688245995476,0.2610404085392533,0.3738688245995476,0.4866972406598419,301.0,292.0,287.0,-10.0,0.3738688245995476,0.5641420803014716,14.0,Dominado por rareza,Rareza,1.157452788691043,0.7794752640484426,1.157452788691043,1.2014696741078175,0.2821753605887091,0.17116739925186739,0.1780754940817648,1.0,0.4010574157043778,0.0666782752124205,0.25132176963047226,460.5,280.0,1.005287078521889,1.0,1.827211584440124,-1.1659499732386838,0.08573538840749106,-0.09737585293178269,-0.3310191299741076,-0.11836896865719373,0.649444724332729,-1.5236481744151193,-0.28419348032909486,0.4533427598405765,-0.26647241726980003,-0.31476120900234605,175.5,165.5,1
491.0,Jornadas Médicas de Subespecialidad,Organismos No Sectorizados,Sistema para el Desarrollo Integral de la Familia del Estado de Hidalgo,Calle 100 Centro 42000 Pachuca De Soto Pachuca De Soto,Social,1440.0,1.0,2.0,Nivel 1,616.0,0.0,100.0,FALSO,,3.0,0.0,1.0,7.273092595999522,"(6.579, 8.224]",1,1,0.09179778444881183,1.3639886036055924,0.6559398647502834,-0.6454347264697414,0.08913581800905887,0.3738688245995476,0.2610404085392533,0.3738688245995476,0.4866972406598419,301.0,292.0,287.0,-1.0,0.3738688245995476,0.5641420803014716,14.0,Dominado por rareza,Rareza,1.157452788691043,0.8094275863317937,0.9314425368947573,1.2014696741078175,0.2821753605887091,0.1777447229249331,0.14330354688063304,1.0,0.3954184909987646,0.06509397339848096,0.24427311374845573,449.5,270.5,0.9770924549938229,0.9285714285714286,1.7623603366846186,-1.0413226862858798,0.10383457116512282,-0.09737585293178269,-0.28986884486284525,-0.11836896865719373,0.3558480270647038,-1.5236481744151193,-0.33468276276044745,0.4599200835136422,-0.24117425187463498,-0.3818358419705611,149.5,148.5,1
494.0,Ayudas Técnicas,Organismos No Sectorizados,Sistema para el Desarrollo Integral de la Familia del Estado de Hidalgo,Boulevard S/N El Palmar 42080 Pachuca De Soto Pachuca De Soto,Social,1440.0,0.0,0.0,Nivel 1,1685.0,0.0,100.0,FALSO,,0.0,0.0,1.0,7.273092595999522,"(6.579, 8.224]",0,0,0.09179778444881183,1.3639886036055924,0.6559398647502834,-0.6454347264697414,0.08913581800905887,0.3738688245995476,0.2610404085392533,0.3738688245995476,0.4866972406598419,301.0,292.0,287.0,3.0,0.3738688245995476,0.5641420803014716,14.0,Dominado por rareza,Rareza,0.7503940547476008,0.7794752640484426,0.9314425368947573,1.2014696741078175,0.18293853110111424,0.17116739925186739,0.14330354688063304,1.0,0.37425566036663244,0.06101666199389237,0.2178195754582906,389.0,188.0,0.8712783018331623,0.9285714285714286,1.6565461835239579,-1.4441338664836663,0.04533571954542908,-0.6876167590336059,-0.3310191299741076,-0.11836896865719373,0.3558480270647038,-1.5236481744151193,-0.4609610010030646,0.35410593035298166,-0.6481640977248081,-0.48358330343310435,92.0,95.0,1
500.0,Servicio de Atención Psicológica,Organismos No Sectorizados,Sistema para el Desarrollo Integral de la Familia del Estado de Hidalgo,Calle 100 Centro 42000 Pachuca De Soto Pachuca De Soto,Social,1440.0,0.0,0.0,Nivel 1,9689.0,0.0,100.0,FALSO,,0.0,0.0,1.0,7.273092595999522,"(6.579, 8.224]",0,0,0.09179778444881183,1.3639886036055924,0.6559398647502834,-0.6454347264697414,0.08913581800905887,0.3738688245995476,0.2610404085392533,0.3738688245995476,0.4866972406598419,301.0,292.0,287.0,3.0,0.3738688245995476,0.5641420803014716,14.0,Dominado por rareza,Rareza,0.7503940547476008,0.7794752640484426,0.9314425368947573,1.2014696741078175,0.18293853110111424,0.17116739925186739,0.14330354688063304,1.0,0.37425566036663244,0.06101666199389237,0.2178195754582906,389.0,188.0,0.8712783018331623,0.9285714285714286,1.6565461835239579,-1.4441338664836663,0.04533571954542908,-0.6876167590336059,-0.3310191299741076,-0.11836896865719373,0.3558480270647038,-1.5236481744151193,-0.4609610010030646,0.35410593035298166,-0.6481640977248081,-0.48358330343310435,92.0,95.0,1
502.0,Servicio de Estacionamiento Plaza Independencia Reloj Monumental,Organismos No Sectorizados,Sistema para el Desarrollo Integral de la Familia del Estado de Hidalgo,Calle S/N Centro 42000 Pachuca De Soto Pachuca De Soto,Social,1440.0,0.0,0.0,,2671.0,0.0,100.0,FALSO,,0.0,0.0,0.0,7.273092595999522,"(6.579, 8.224]",0,0,0.09179778444881183,1.3639886036055924,0.6559398647502834,-0.6454347264697414,0.08913581800905887,0.3738688245995476,0.2610404085392533,0.3738688245995476,0.4866972406598419,301.0,292.0,287.0,11.0,0.3738688245995476,0.5641420803014716,14.0,Dominado por rareza,Rareza,0.7503940547476008,0.7794752640484426,1.157452788691043,1.2014696741078175,0.18293853110111424,0.17116739925186739,0.1780754940817648,1.0,0.3812100498068588,0.06281435887365583,0.22651256225857352,416.0,234.0,0.9060502490342941,1.0,1.7279747549525293,-1.5496451515354752,0.030012686541682033,-0.6876167590336059,-0.3310191299741076,-0.11836896865719373,0.649444724332729,-1.5236481744151193,-0.40224166154945956,0.35410593035298166,-0.6481640977248081,-0.41018412911609803,117.0,128.0,1
553.0,Licencia de Uso de Suelo,Secretaría de Infraestructura Pública y Desarrollo Urbano Sostenible,Secretaría de Infraestructura Pública y Desarrollo Urbano Sostenible,Boulevard km. 93.5 Venta Prieta 42080 Pachuca De Soto Pachuca De Soto,Ambos,30.0,2.0,8.0,Nivel 1,16.0,0.0,100.0,VERDADERO,,10.0,1.0,1.0,3.4339872044851463,"(3.29, 4.934]",3,2,-1.17297857348804,1.754854912292604,0.8439068264813923,0.7608498199607056,0.2921917612353043,-0.16453587350332388,-0.5679129534972103,-0.16453587350332388,0.23884120649056245,142.0,128.0,88.0,-15.0,-0.16453587350332388,2.016885399969432,54.0,Dominado por rareza,Rareza,2.8622008809294686,2.6931245508855346,0.9314425368947573,0.35774963506849783,0.6977758173332946,0.5913916021429794,0.14330354688063304,0.2977600207297401,0.31313902271666466,0.050096835420157595,0.31698377321339577,265.5,362.5,2.267935092853583,0.9285714285714286,3.053202974544379,2.8944356836893377,0.6754109231002847,2.3745329276275564,2.2980662882233824,-1.166495122531356,0.3558480270647038,0.6553325481355352,0.9034569337039644,1.2891674194762741,2.9483352357897408,0.6982551721146559,639.5,624.5,0
560.0,Taller Laboratorio de Órtesis y Prótesis,Organismos No Sectorizados,Sistema para el Desarrollo Integral de la Familia del Estado de Hidalgo,Boulevard S/N El Palmar 42088 Pachuca De Soto Pachuca De Soto,Social,1440.0,0.0,2.0,Nivel 1,1230.0,0.0,100.0,FALSO,,2.0,0.0,1.0,7.273092595999522,"(6.579, 8.224]",1,0,0.09179778444881183,1.3639886036055924,0.6559398647502834,-0.6454347264697414,0.08913581800905887,0.3738688245995476,0.2610404085392533,0.3738688245995476,0.4866972406598419,301.0,292.0,287.0,1.0,0.3738688245995476,0.5641420803014716,14.0,Dominado por rareza,Rareza,1.157452788691043,0.7794752640484426,0.9314425368947573,1.2014696741078175,0.2821753605887091,0.17116739925186739,0.14330354688063304,1.0,0.39410302626415145,0.06488057833265706,0.2426287828301893,444.5,265.5,0.9705151313207572,0.9285714285714286,1.7557830130115528,-1.0604386881868748,0.10105842141123811,-0.09737585293178269,-0.3310191299741076,-0.11836896865719373,0.3558480270647038,-1.5236481744151193,-0.34291281978269994,0.4533427598405765,-0.26647241726980003,-0.3881603833193523,144.5,145.5,1
564.0,Consulta Médica en el Servicio de Urgencias en el Hospital del Niño DIF Hidalgo,Organismos No Sectorizados,Sistema para el Desarrollo Integral de la Familia del Estado de Hidalgo,Boulevard S/N Venta Prieta 42083 Pachuca De Soto Pachuca De Soto,Social,1440.0,0.0,1.0,Nivel 1,4250.0,0.0,100.0,FALSO,,1.0,0.0,1.0,7.273092595999522,"(6.579, 8.224]",0,0,0.09179778444881183,1.3639886036055924,0.6559398647502834,-0.6454347264697414,0.08913581800905887,0.3738688245995476,0.2610404085392533,0.3738688245995476,0.4866972406598419,301.0,292.0,287.0,3.0,0.3738688245995476,0.5641420803014716,14.0,Dominado por rareza,Rareza,0.7503940547476008,0.7794752640484426,0.9314425368947573,1.2014696741078175,0.18293853110111424,0.17116739925186739,0.14330354688063304,1.0,0.37425566036663244,0.06101666199389237,0.2178195754582906,389.0,188.0,0.8712783018331623,0.9285714285714286,1.6565461835239579,-1.4441338664836663,0.04533571954542908,-0.6876167590336059,-0.3310191299741076,-0.11836896865719373,0.3558480270647038,-1.5236481744151193,-0.4609610010030646,0.35410593035298166,-0.6481640977248081,-0.48358330343310435,92.0,95.0,1
587.0,Por actualización o reexpedición de órdenes de escrituración,Secretaría de Infraestructura Pública y Desarrollo Urbano Sostenible,Comisión Estatal de Vivienda,Boulevard 117 El Palmar I 42088 Pachuca De Soto Pachuca De Soto,Social,30.0,1.0,4.0,,0.0,0.0,0.0,VERDADERO,,5.0,1.0,0.0,3.4339872044851463,"(3.29, 4.934]",2,1,-1.17297857348804,1.754854912292604,0.8439068264813923,0.7608498199607056,0.2921917612353043,-0.16453587350332388,-0.5679129534972103,-0.16453587350332388,0.23884120649056245,142.0,128.0,88.0,-43.0,-0.16453587350332388,2.016885399969432,54.0,Dominado por rareza,Rareza,1.9671875475025984,0.8094275863317937,1.157452788691043,0.35774963506849783,0.4795805591257976,0.1777447229249331,0.1780754940817648,0.2977600207297401,0.19372498467178234,0.02997843021289614,0.1677162256572929,111.0,145.0,1.6708649026291718,1.0,2.4927894085474067,0.743078844020081,0.36297693235794765,1.0767509692910755,-0.28986884486284525,-1.166495122531356,0.649444724332729,0.6553325481355352,0.1850328548730277,0.6573252820507307,0.5180995212722059,0.16409541780227854,469.0,426.0,2
590.0,Autorización de Fusión,Secretaría de Infraestructura Pública y Desarrollo Urbano Sostenible,Secretaría de Infraestructura Pública y Desarrollo Urbano Sostenible,Boulevard km. 93.5 Venta Prieta 42080 Pachuca De Soto Pachuca De Soto,Ambos,20.0,1.0,7.0,Nivel 1,2.0,0.0,100.0,VERDADERO,,8.0,1.0,1.0,3.044522437723423,"(1.645, 3.29]",3,1,-1.3012860250986122,1.8846665238145945,0.9063330158789191,1.0214474997012368,0.32981992674178046,-0.19747650460984656,-0.6390003128053527,-0.19747650460984656,0.24404730358565963,77.5,72.5,142.5,-72.0,-0.19747650460984656,2.2076190409775314,65.0,Dominado por rareza,Rareza,2.8622008809294686,0.8094275863317937,0.9314425368947573,0.35774963506849783,0.6977758173332946,0.1777447229249331,0.14330354688063304,0.2977600207297401,0.22382152065175087,0.03478311053962435,0.20533689563225355,125.5,165.5,1.8213475825290144,0.9285714285714286,2.60661546421981,1.6976816849910714,0.5016105470512643,2.3745329276275564,-0.28986884486284525,-1.2306214890164984,0.3558480270647038,0.6553325481355352,0.3730446337896903,0.8755205402582278,1.3573374856707445,0.2844741429636213,548.5,476.5,2
592.0,Autorización de Subdivisión,Secretaría de Infraestructura Pública y Desarrollo Urbano Sostenible,Secretaría de Infraestructura Pública y Desarrollo Urbano Sostenible,Boulevard km. 93.5 Venta Prieta 42080 Pachuca De Soto Pachuca De Soto,Ambos,25.0,2.0,6.0,Nivel 1,2.0,2.0,50.0,VERDADERO,,8.0,1.0,1.0,3.258096538021482,"(1.645, 3.29]",2,2,-1.230924978662722,1.8846665238145945,0.9063330158789191,0.9716572762924646,0.32263062724803554,-0.1622959813919015,-0.5897475803002297,-0.1622959813919015,0.2651556175164267,103.0,167.0,168.0,-31.0,-0.1622959813919015,2.137257994541641,65.0,Dominado por rareza,Rareza,1.9671875475025984,2.6931245508855346,0.9314425368947573,0.35774963506849783,0.4795805591257976,0.5913916021429794,0.14330354688063304,0.2977600207297401,0.2699479494974497,0.04172985954129874,0.26299493168937715,201.0,299.0,2.0519797267575086,0.9285714285714286,2.8372476084483043,2.050422081254345,0.5528377947437071,1.0767509692910755,2.2980662882233824,-1.1621346674459703,0.3558480270647038,0.6553325481355352,0.6447726330537453,1.070972161268777,2.109097271391202,0.4895357947863677,613.0,582.0,0
602.0,Autorización de Fraccionamiento,Secretaría de Infraestructura Pública y Desarrollo Urbano Sostenible,Secretaría de Infraestructura Pública y Desarrollo Urbano Sostenible,Boulevard km. 93.5 Venta Prieta 42080 Pachuca De Soto Pachuca De Soto,Ambos,30.0,1.0,14.0,Nivel 1,2.0,0.0,100.0,VERDADERO,,15.0,1.0,1.0,3.4339872044851463,"(3.29, 4.934]",4,1,-1.17297857348804,1.754854912292604,0.8439068264813923,0.7608498199607056,0.2921917612353043,-0.16453587350332388,-0.5679129534972103,-0.16453587350332388,0.23884120649056245,142.0,128.0,88.0,-24.0,-0.16453587350332388,2.016885399969432,54.0,Dominado por rareza,Rareza,4.1018917678574836,0.8094275863317937,0.9314425368947573,0.35774963506849783,1.0,0.1777447229249331,0.14330354688063304,0.2977600207297401,0.29085448340639647,0.04844394801852303,0.2891280990755606,224.5,317.5,2.1565123963022423,0.9285714285714286,2.941780277993038,2.8607708001634116,0.6705218904145226,4.17210220048888,-0.28986884486284525,-1.166495122531356,0.3558480270647038,0.6553325481355352,0.7453837616589836,1.1777447229249332,2.519773415474571,0.5911147170358635,624.5,600.5,2
606.0,Por trámite de avalúo y traslado de Dominio de la Comisión Estatal de Vivienda,Secretaría de Infraestructura Pública y Desarrollo Urbano Sostenible,Comisión Estatal de Vivienda,Boulevard 117 El Palmar I 42088 Pachuca De Soto Pachuca De Soto,Social,30.0,1.0,5.0,,3.0,0.0,100.0,VERDADERO,,6.0,1.0,0.0,3.4339872044851463,"(3.29, 4.934]",2,1,-1.17297857348804,1.754854912292604,0.8439068264813923,0.7608498199607056,0.2921917612353043,-0.16453587350332388,-0.5679129534972103,-0.16453587350332388,0.23884120649056245,142.0,128.0,88.0,-43.0,-0.16453587350332388,2.016885399969432,54.0,Dominado por rareza,Rareza,1.9671875475025984,0.8094275863317937,1.157452788691043,0.35774963506849783,0.4795805591257976,0.1777447229249331,0.1780754940817648,0.2977600207297401,0.19372498467178234,0.02997843021289614,0.1677162256572929,111.0,145.0,1.6708649026291718,1.0,2.4927894085474067,0.743078844020081,0.36297693235794765,1.0767509692910755,-0.28986884486284525,-1.166495122531356,0.649444724332729,0.6553325481355352,0.1850328548730277,0.6573252820507307,0.5180995212722059,0.16409541780227854,469.0,426.0,2
609.0,Entrega de paquetes de Conejos.,Secretaría de Agricultura y Desarrollo Rural,Secretaría de Agricultura y Desarrollo Rural,"Carretera S/N Venta Prieta, Ex Centro Minero 42080 Pachuca De Soto Pachuca De Soto",Ambos,2880.0,1.0,1.0,Nivel 2,35.0,0.0,100.0,FALSO,,2.0,0.0,2.0,7.9658927350845286,"(6.579, 8.224]",0,1,0.32003773811792385,1.3639886036055924,0.6559398647502834,-0.8069462283537766,0.06581488310993365,0.4879888014341036,0.4208083761076317,0.4879888014341036,0.5551692267605756,393.0,378.0,373.0,3.0,0.4879888014341036,0.3359021266323596,20.0,Dominado por rareza,Rareza,0.7503940547476008,0.8094275863317937,2.2512917986064953,1.2014696741078175,0.18293853110111424,0.1777447229249331,0.3463639323142087,1.0,0.439007197554872,0.07828752391191712,0.2987589969435899,525.0,336.5,1.1950359877743597,0.8571428571428572,1.7058149126030082,-1.3383822142208008,0.060693660234228286,-0.6876167590336059,-0.28986884486284525,0.10379130004268618,0.06225132979667862,-1.5236481744151193,-0.46701822969444107,0.36068325402604734,-0.6228659323296433,-0.4951178692263494,83.0,86.0,1
616.0,Albergue del Hospital del Niño DIF Hidalgo,Organismos No Sectorizados,Sistema para el Desarrollo Integral de la Familia del Estado de Hidalgo,Boulevard S/N Venta Prieta 42083 Pachuca De Soto Pachuca De Soto,Social,1440.0,0.0,0.0,Nivel 1,531.0,0.0,100.0,FALSO,,0.0,0.0,1.0,7.273092595999522,"(6.579, 8.224]",0,0,0.09179778444881183,1.3639886036055924,0.6559398647502834,-0.6454347264697414,0.08913581800905887,0.3738688245995476,0.2610404085392533,0.3738688245995476,0.4866972406598419,301.0,292.0,287.0,3.0,0.3738688245995476,0.5641420803014716,14.0,Dominado por rareza,Rareza,0.7503940547476008,0.7794752640484426,0.9314425368947573,1.2014696741078175,0.18293853110111424,0.17116739925186739,0.14330354688063304,1.0,0.37425566036663244,0.06101666199389237,0.2178195754582906,389.0,188.0,0.8712783018331623,0.9285714285714286,1.6565461835239579,-1.4441338664836663,0.04533571954542908,-0.6876167590336059,-0.3310191299741076,-0.11836896865719373,0.3558480270647038,-1.5236481744151193,-0.4609610010030646,0.35410593035298166,-0.6481640977248081,-0.48358330343310435,92.0,95.0,1
617.0,Autorización de Relotificación de Fraccionamiento,Secretaría de Infraestructura Pública y Desarrollo Urbano Sostenible,Secretaría de Infraestructura Pública y Desarrollo Urbano Sostenible,Boulevard km. 93.5 Venta Prieta 42080 Pachuca De Soto Pachuca De Soto,Ambos,20.0,1.0,8.0,Nivel 1,2.0,0.0,100.0,VERDADERO,,9.0,1.0,1.0,3.044522437723423,"(1.645, 3.29]",3,1,-1.3012860250986122,1.8846665238145945,0.9063330158789191,1.0214474997012368,0.32981992674178046,-0.19747650460984656,-0.6390003128053527,-0.19747650460984656,0.24404730358565963,77.5,72.5,142.5,-72.0,-0.19747650460984656,2.2076190409775314,65.0,Dominado por rareza,Rareza,2.8622008809294686,0.8094275863317937,0.9314425368947573,0.35774963506849783,0.6977758173332946,0.1777447229249331,0.14330354688063304,0.2977600207297401,0.22382152065175087,0.03478311053962435,0.20533689563225355,125.5,165.5,1.8213475825290144,0.9285714285714286,2.60661546421981,1.6976816849910714,0.5016105470512643,2.3745329276275564,-0.28986884486284525,-1.2306214890164984,0.3558480270647038,0.6553325481355352,0.3730446337896903,0.8755205402582278,1.3573374856707445,0.2844741429636213,548.5,476.5,2
618.0,Alerta AMBER en Hidalgo,Procuraduría General de Justicia,Procuraduría General de Justicia,Carretera km. 84.5 La Herradura 42083 Pachuca De Soto Pachuca De Soto,Social,10.0,0.0,4.0,Nivel 3.5,0.0,0.0,0.0,FALSO,,4.0,0.0,7.0,2.3978952727983707,"(1.645, 3.29]",2,0,-1.5143144958471932,1.8846665238145945,0.9063330158789191,1.172194762402416,0.35158659387487234,-0.30399073998413706,-0.7881202423293596,-0.30399073998413706,0.18013876236108534,21.0,18.0,18.0,-10.0,-0.30399073998413706,2.4206475117261124,3.0,Dominado por rareza,Rareza,1.9671875475025984,0.7794752640484426,2.7862149739515463,1.2014696741078175,0.4795805591257976,0.17116739925186739,0.428662501790275,1.0,0.3550839440367606,0.048358156391990405,0.19385493004595072,331.0,161.0,0.7754197201838029,0.5,0.8467572183935279,0.4480073234054874,0.3201247327413558,1.0767509692910755,-0.3310191299741076,-1.4379754668868243,-1.4057321565434482,-1.5236481744151193,-0.7243247917056849,0.650747958377665,0.4928013558770408,-0.9686386104920878,21.0,11.0,1
620.0,Autorización de Protocolización,Secretaría de Infraestructura Pública y Desarrollo Urbano Sostenible,Secretaría de Infraestructura Pública y Desarrollo Urbano Sostenible,Boulevard km. 93.5 Venta Prieta 42080 Pachuca De Soto Pachuca De Soto,Ambos,20.0,1.0,4.0,Nivel 1,1.0,0.0,100.0,FALSO,,5.0,0.0,1.0,3.044522437723423,"(1.645, 3.29]",2,1,-1.3012860250986122,1.8846665238145945,0.9063330158789191,1.0214474997012368,0.32981992674178046,-0.19747650460984656,-0.6390003128053527,-0.19747650460984656,0.24404730358565963,77.5,72.5,142.5,-47.0,-0.19747650460984656,2.2076190409775314,65.0,Dominado por rareza,Rareza,1.9671875475025984,0.8094275863317937,0.9314425368947573,1.2014696741078175,0.4795805591257976,0.1777447229249331,0.14330354688063304,1.0,0.32063046486430347,0.039940759826367314,0.1507880810803793,279.0,126.0,0.6031523243215172,0.9285714285714286,1.3884202060123128,-0.18356201735911984,0.22840413766056517,1.0767509692910755,-0.28986884486284525,-1.2306214890164984,0.3558480270647038,-1.5236481744151193,-0.32230790238773677,0.6573252820507307,0.5180995212722059,-0.470080528773677,156.0,109.0,1
621.0,Autorización de Venta de Lotes,Secretaría de Infraestructura Pública y Desarrollo Urbano Sostenible,Secretaría de Infraestructura Pública y Desarrollo Urbano Sostenible,Boulevard km. 93.5 Venta Prieta 42080 Pachuca De Soto Pachuca De Soto,Ambos,25.0,1.0,10.0,Nivel 1,103.0,1.0,99.03846154,VERDADERO,,11.0,1.0,1.0,3.258096538021482,"(1.645, 3.29]",3,1,-1.230924978662722,1.8846665238145945,0.9063330158789191,0.9716572762924646,0.32263062724803554,-0.1622959813919015,-0.5897475803002297,-0.1622959813919015,0.2651556175164267,103.0,167.0,168.0,-70.0,-0.1622959813919015,2.137257994541641,65.0,Dominado por rareza,Rareza,2.8622008809294686,0.8094275863317937,0.9314425368947573,0.35774963506849783,0.6977758173332946,0.1777447229249331,0.14330354688063304,0.2977600207297401,0.23085762529533987,0.03680519556414042,0.21413202643673981,132.5,172.5,1.8565281057469596,0.9285714285714286,2.641795987437755,1.6918627677174942,0.5007654861519935,2.3745329276275564,-0.28986884486284525,-1.1621346674459703,0.3558480270647038,0.6553325481355352,0.38674199810379595,0.8755205402582278,1.3573374856707445,0.3015958483562533,557.5,487.5,2
622.0,Autorización de Régimen de Propiedad en Condominio,Secretaría de Infraestructura Pública y Desarrollo Urbano Sostenible,Secretaría de Infraestructura Pública y Desarrollo Urbano Sostenible,Boulevard km. 93.5 Venta Prieta 42080 Pachuca De Soto Pachuca De Soto,Ambos,30.0,1.0,11.0,Nivel 1,31.0,0.0,100.0,VERDADERO,,12.0,1.0,1.0,3.4339872044851463,"(3.29, 4.934]",4,1,-1.17297857348804,1.754854912292604,0.8439068264813923,0.7608498199607056,0.2921917612353043,-0.16453587350332388,-0.5679129534972103,-0.16453587350332388,0.23884120649056245,142.0,128.0,88.0,-24.0,-0.16453587350332388,2.016885399969432,54.0,Dominado por rareza,Rareza,4.1018917678574836,0.8094275863317937,0.9314425368947573,0.35774963506849783,1.0,0.1777447229249331,0.14330354688063304,0.2977600207297401,0.29085448340639647,0.04844394801852303,0.2891280990755606,224.5,317.5,2.1565123963022423,0.9285714285714286,2.941780277993038,2.8607708001634116,0.6705218904145226,4.17210220048888,-0.28986884486284525,-1.166495122531356,0.3558480270647038,0.6553325481355352,0.7453837616589836,1.1777447229249332,2.519773415474571,0.5911147170358635,624.5,600.5,2
629.0,Inscripción UTTT,Secretaría de Educación Pública,Universidad Tecnológica de Tula-Tepeji,Avenida 1000 El 61 42830 El Carmen (La Mesita) Tula De Allende,Social,15.0,0.0,3.0,Nivel 1,2058.0,0.0,100.0,VERDADERO,,3.0,1.0,1.0,2.772588722239781,"(1.645, 3.29]",1,0,-1.390873389652303,1.8846665238145945,0.9063330158789191,1.0848430164207854,0.3389737188932182,-0.24227018688669189,-0.7017114679929362,-0.24227018688669189,0.21717109421955244,44.5,41.5,41.5,-7.0,-0.24227018688669189,2.297206405531222,3.0,Dominado por rareza,Rareza,1.157452788691043,0.7794752640484426,0.9314425368947573,0.35774963506849783,0.2821753605887091,0.17116739925186739,0.14330354688063304,0.2977600207297401,0.13042722811285157,0.015813141234011542,0.08859402995862942,38.5,44.5,1.3543761198345177,0.9285714285714286,2.1396440015253133,0.07907231475721671,0.2665455984243083,-0.09737585293178269,-0.3310191299741076,-1.317822492440359,0.3558480270647038,0.6553325481355352,-0.14700738002920205,0.4533427598405765,-0.26647241726980003,-0.14327858362748003,264.5,257.5,2
632.0,Búsqueda de documentos en archivo y expedición de copias,Secretaría de Infraestructura Pública y Desarrollo Urbano Sostenible,Comisión Estatal de Vivienda,Boulevard 117 El Palmar I 42088 Pachuca De Soto Pachuca De Soto,Social,15.0,1.0,1.0,,24.0,0.0,100.0,VERDADERO,,2.0,1.0,0.0,2.772588722239781,"(1.645, 3.29]",0,1,-1.390873389652303,1.8846665238145945,0.9063330158789191,1.0848430164207854,0.3389737188932182,-0.24227018688669189,-0.7017114679929362,-0.24227018688669189,0.21717109421955244,44.5,41.5,41.5,24.0,-0.24227018688669189,2.297206405531222,3.0,Dominado por rareza,Rareza,0.7503940547476008,0.8094275863317937,1.157452788691043,0.35774963506849783,0.18293853110111424,0.1777447229249331,0.1780754940817648,0.2977600207297401,0.11884971639017206,0.013960316840834212,0.07412214030528005,15.0,17.5,1.2964885612211203,1.0,2.1184130671393553,-0.391018146690389,0.19827601330863687,-0.6876167590336059,-0.28986884486284525,-1.317822492440359,0.649444724332729,0.6553325481355352,-0.19810616477370915,0.36068325402604734,-0.6228659323296433,-0.1589777880754345,226.0,250.0,2
633.0,Expedición de constancias de Propiedad y/o Posesión,Secretaría de Infraestructura Pública y Desarrollo Urbano Sostenible,Comisión Estatal de Vivienda,Boulevard 117 El Palmar I 42088 Pachuca De Soto Pachuca De Soto,Social,30.0,1.0,4.0,,0.0,0.0,0.0,VERDADERO,,5.0,1.0,0.0,3.4339872044851463,"(3.29, 4.934]",2,1,-1.17297857348804,1.754854912292604,0.8439068264813923,0.7608498199607056,0.2921917612353043,-0.16453587350332388,-0.5679129534972103,-0.16453587350332388,0.23884120649056245,142.0,128.0,88.0,-43.0,-0.16453587350332388,2.016885399969432,54.0,Dominado por rareza,Rareza,1.9671875475025984,0.8094275863317937,1.157452788691043,0.35774963506849783,0.4795805591257976,0.1777447229249331,0.1780754940817648,0.2977600207297401,0.19372498467178234,0.02997843021289614,0.1677162256572929,111.0,145.0,1.6708649026291718,1.0,2.4927894085474067,0.743078844020081,0.36297693235794765,1.0767509692910755,-0.28986884486284525,-1.166495122531356,0.649444724332729,0.6553325481355352,0.1850328548730277,0.6573252820507307,0.5180995212722059,0.16409541780227854,469.0,426.0,2
639.0,Dictamen de Estudio de impacto Urbano y Vial,Secretaría de Infraestructura Pública y Desarrollo Urbano Sostenible,Secretaría de Infraestructura Pública y Desarrollo Urbano Sostenible,Boulevard km. 93.5 Venta Prieta 42080 Pachuca De Soto Pachuca De Soto,Ambos,30.0,1.0,4.0,Nivel 1,11.0,0.0,100.0,VERDADERO,,5.0,1.0,1.0,3.4339872044851463,"(3.29, 4.934]",2,1,-1.17297857348804,1.754854912292604,0.8439068264813923,0.7608498199607056,0.2921917612353043,-0.16453587350332388,-0.5679129534972103,-0.16453587350332388,0.23884120649056245,142.0,128.0,88.0,-50.0,-0.16453587350332388,2.016885399969432,54.0,Dominado por rareza,Rareza,1.9671875475025984,0.8094275863317937,0.9314425368947573,0.35774963506849783,0.4795805591257976,0.1777447229249331,0.14330354688063304,0.2977600207297401,0.186770595231556,0.02818073333313269,0.15902323885700997,101.0,134.0,1.63609295542804,0.9285714285714286,2.4213608371188355,0.8485901290718901,0.3782999653616947,1.0767509692910755,-0.28986884486284525,-1.166495122531356,0.3558480270647038,0.6553325481355352,0.12631351541942265,0.6573252820507307,0.5180995212722059,0.09069624348527223,426.0,376.0,2
640.0,Reposición de Acta Entrega,Secretaría de Infraestructura Pública y Desarrollo Urbano Sostenible,Comisión Estatal de Vivienda,Boulevard 117 El Palmar I 42088 Pachuca De Soto Pachuca De Soto,Social,30.0,1.0,3.0,Nivel 1,124.0,13.0,90.51094891,VERDADERO,,4.0,1.0,1.0,3.4339872044851463,"(3.29, 4.934]",1,1,-1.17297857348804,1.754854912292604,0.8439068264813923,0.7608498199607056,0.2921917612353043,-0.16453587350332388,-0.5679129534972103,-0.16453587350332388,0.23884120649056245,142.0,128.0,88.0,9.0,-0.16453587350332388,2.016885399969432,54.0,Dominado por rareza,Rareza,1.157452788691043,0.8094275863317937,0.9314425368947573,0.35774963506849783,0.2821753605887091,0.1777447229249331,0.14330354688063304,0.2977600207297401,0.1472895555241383,0.02049450256656139,0.10967193922273785,60.0,70.0,1.4386877568909515,0.9285714285714286,2.223955638581747,0.08533093144839103,0.26745451532423586,-0.09737585293178269,-0.28986884486284525,-1.166495122531356,0.3558480270647038,0.6553325481355352,-0.10851184902514902,0.4599200835136422,-0.24117425187463498,-0.099122199801438,283.0,292.0,2
642.0,Copias Certificadas y Simples,Secretaría de Infraestructura Pública y Desarrollo Urbano Sostenible,Secretaría de Infraestructura Pública y Desarrollo Urbano Sostenible,Boulevard km. 93.5 Venta Prieta 42080 Pachuca De Soto Pachuca De Soto,Ambos,20.0,1.0,1.0,Nivel 1,0.0,0.0,0.0,VERDADERO,,2.0,1.0,1.0,3.044522437723423,"(1.645, 3.29]",0,1,-1.3012860250986122,1.8846665238145945,0.9063330158789191,1.0214474997012368,0.32981992674178046,-0.19747650460984656,-0.6390003128053527,-0.19747650460984656,0.24404730358565963,77.5,72.5,142.5,10.0,-0.19747650460984656,2.2076190409775314,65.0,Dominado por rareza,Rareza,0.7503940547476008,0.8094275863317937,0.9314425368947573,0.35774963506849783,0.18293853110111424,0.1777447229249331,0.14330354688063304,0.2977600207297401,0.1208540634053148,0.014737244379355082,0.07662757407420845,22.0,27.0,1.3065102962968338,0.9285714285714286,2.0917781779876297,-0.2929158114695168,0.2125230705745583,-0.6876167590336059,-0.28986884486284525,-1.2306214890164984,0.3558480270647038,0.6553325481355352,-0.2393853035425421,0.36068325402604734,-0.6228659323296433,-0.21057671153647567,205.0,215.0,2
646.0,Copia de Plano,Secretaría de Infraestructura Pública y Desarrollo Urbano Sostenible,Comisión Estatal de Vivienda,Boulevard 117 El Palmar I 42088 Pachuca De Soto Pachuca De Soto,Social,30.0,1.0,1.0,,1.0,0.0,100.0,VERDADERO,,2.0,1.0,0.0,3.4339872044851463,"(3.29, 4.934]",0,1,-1.17297857348804,1.754854912292604,0.8439068264813923,0.7608498199607056,0.2921917612353043,-0.16453587350332388,-0.5679129534972103,-0.16453587350332388,0.23884120649056245,142.0,128.0,88.0,27.0,-0.16453587350332388,2.016885399969432,54.0,Dominado por rareza,Rareza,0.7503940547476008,0.8094275863317937,1.157452788691043,0.35774963506849783,0.18293853110111424,0.1777447229249331,0.1780754940817648,0.2977600207297401,0.13439657906684568,0.018428283107560162,0.09355571865112206,45.0,52.0,1.3742228746044884,1.0,2.1961473805227234,-0.4038755319002097,0.19640878045467977,-0.6876167590336059,-0.28986884486284525,-1.166495122531356,0.649444724332729,0.6553325481355352,-0.1678406907919086,0.36068325402604734,-0.6228659323296433,-0.12114594559818376,246.0,273.0,2
648.0,Elaboración de Croquis de Localización por Lote,Secretaría de Infraestructura Pública y Desarrollo Urbano Sostenible,Comisión Estatal de Vivienda,Boulevard 117 El Palmar I 42088 Pachuca De Soto Pachuca De Soto,Social,30.0,1.0,1.0,,14.0,0.0,100.0,VERDADERO,,2.0,1.0,0.0,3.4339872044851463,"(3.29, 4.934]",0,1,-1.17297857348804,1.754854912292604,0.8439068264813923,0.7608498199607056,0.2921917612353043,-0.16453587350332388,-0.5679129534972103,-0.16453587350332388,0.23884120649056245,142.0,128.0,88.0,27.0,-0.16453587350332388,2.016885399969432,54.0,Dominado por rareza,Rareza,0.7503940547476008,0.8094275863317937,1.157452788691043,0.35774963506849783,0.18293853110111424,0.1777447229249331,0.1780754940817648,0.2977600207297401,0.13439657906684568,0.018428283107560162,0.09355571865112206,45.0,52.0,1.3742228746044884,1.0,2.1961473805227234,-0.4038755319002097,0.19640878045467977,-0.6876167590336059,-0.28986884486284525,-1.166495122531356,0.649444724332729,0.6553325481355352,-0.1678406907919086,0.36068325402604734,-0.6228659323296433,-0.12114594559818376,246.0,273.0,2
659.0,Marcado de lotes,Secretaría de Infraestructura Pública y Desarrollo Urbano Sostenible,Comisión Estatal de Vivienda,Boulevard 117 El Palmar I 42088 Pachuca De Soto Pachuca De Soto,Social,30.0,1.0,1.0,,0.0,0.0,0.0,VERDADERO,,2.0,1.0,0.0,3.4339872044851463,"(3.29, 4.934]",0,1,-1.17297857348804,1.754854912292604,0.8439068264813923,0.7608498199607056,0.2921917612353043,-0.16453587350332388,-0.5679129534972103,-0.16453587350332388,0.23884120649056245,142.0,128.0,88.0,27.0,-0.16453587350332388,2.016885399969432,54.0,Dominado por rareza,Rareza,0.7503940547476008,0.8094275863317937,1.157452788691043,0.35774963506849783,0.18293853110111424,0.1777447229249331,0.1780754940817648,0.2977600207297401,0.13439657906684568,0.018428283107560162,0.09355571865112206,45.0,52.0,1.3742228746044884,1.0,2.1961473805227234,-0.4038755319002097,0.19640878045467977,-0.6876167590336059,-0.28986884486284525,-1.166495122531356,0.649444724332729,0.6553325481355352,-0.1678406907919086,0.36068325402604734,-0.6228659323296433,-0.12114594559818376,246.0,273.0,2
662.0,Entrega física del lote por segunda vez,Secretaría de Infraestructura Pública y Desarrollo Urbano Sostenible,Comisión Estatal de Vivienda,Boulevard 117 El Palmar I 42088 Pachuca De Soto Pachuca De Soto,Social,30.0,1.0,1.0,,5.0,0.0,100.0,VERDADERO,,2.0,1.0,0.0,3.4339872044851463,"(3.29, 4.934]",0,1,-1.17297857348804,1.754854912292604,0.8439068264813923,0.7608498199607056,0.2921917612353043,-0.16453587350332388,-0.5679129534972103,-0.16453587350332388,0.23884120649056245,142.0,128.0,88.0,27.0,-0.16453587350332388,2.016885399969432,54.0,Dominado por rareza,Rareza,0.7503940547476008,0.8094275863317937,1.157452788691043,0.35774963506849783,0.18293853110111424,0.1777447229249331,0.1780754940817648,0.2977600207297401,0.13439657906684568,0.018428283107560162,0.09355571865112206,45.0,52.0,1.3742228746044884,1.0,2.1961473805227234,-0.4038755319002097,0.19640878045467977,-0.6876167590336059,-0.28986884486284525,-1.166495122531356,0.649444724332729,0.6553325481355352,-0.1678406907919086,0.36068325402604734,-0.6228659323296433,-0.12114594559818376,246.0,273.0,2
668.0,Levantamiento Topográfico,Secretaría de Infraestructura Pública y Desarrollo Urbano Sostenible,Comisión Estatal de Vivienda,Boulevard 117 El Palmar I 42088 Pachuca De Soto Pachuca De Soto,Social,30.0,1.0,1.0,,24.0,0.0,100.0,VERDADERO,,2.0,1.0,0.0,3.4339872044851463,"(3.29, 4.934]",0,1,-1.17297857348804,1.754854912292604,0.8439068264813923,0.7608498199607056,0.2921917612353043,-0.16453587350332388,-0.5679129534972103,-0.16453587350332388,0.23884120649056245,142.0,128.0,88.0,27.0,-0.16453587350332388,2.016885399969432,54.0,Dominado por rareza,Rareza,0.7503940547476008,0.8094275863317937,1.157452788691043,0.35774963506849783,0.18293853110111424,0.1777447229249331,0.1780754940817648,0.2977600207297401,0.13439657906684568,0.018428283107560162,0.09355571865112206,45.0,52.0,1.3742228746044884,1.0,2.1961473805227234,-0.4038755319002097,0.19640878045467977,-0.6876167590336059,-0.28986884486284525,-1.166495122531356,0.649444724332729,0.6553325481355352,-0.1678406907919086,0.36068325402604734,-0.6228659323296433,-0.12114594559818376,246.0,273.0,2
674.0,Capacitación Acuícola y Pesquera,Secretaría de Agricultura y Desarrollo Rural,Secretaría de Agricultura y Desarrollo Rural,Carretera S/N Venta Prieta 42080 Pachuca De Soto Pachuca De Soto,Ambos,43200.0,1.0,0.0,Nivel 2,28.0,0.0,100.0,FALSO,,1.0,0.0,2.0,10.673618922112436,"(9.869, 11.514]",0,1,1.2120862014627916,1.6245897174547026,0.7812625096170339,-1.0973107648417608,0.023888627868291986,0.9966743555399127,1.0828390939090642,0.9966743555399127,0.9105096171707612,602.0,602.0,578.0,11.0,0.9966743555399127,-0.43082369184575764,24.0,Dominado por tiempo,Tiempo,0.7503940547476008,0.8094275863317937,2.2512917986064953,1.2014696741078175,0.18293853110111424,0.1777447229249331,0.3463639323142087,1.0,0.5407443083760338,0.10752544725867222,0.4259303854700422,616.5,526.5,1.7037215418801688,0.8571428571428572,2.2145004667088175,-1.422519654112421,0.048474675623463415,-0.6876167590336059,-0.28986884486284525,1.0940624385281792,0.06225132979667862,-1.5236481744151193,-0.26896400199734255,0.36068325402604734,-0.6228659323296433,-0.2475500846049762,187.5,198.5,1
706.0,Admisión UTVM,Secretaría de Educación Pública,Universidad Tecnológica del Valle del Mezquital,Carretera S/N El Nith 42300 Ixmiquilpan Ixmiquilpan,Social,1440.0,0.0,1.0,Nivel 1,1196.0,0.0,100.0,VERDADERO,,1.0,1.0,1.0,7.273092595999522,"(6.579, 8.224]",0,0,0.09179778444881183,1.3639886036055924,0.6559398647502834,-0.6454347264697414,0.08913581800905887,0.3738688245995476,0.2610404085392533,0.3738688245995476,0.4866972406598419,301.0,292.0,287.0,16.0,0.3738688245995476,0.5641420803014716,14.0,Dominado por rareza,Rareza,0.7503940547476008,0.7794752640484426,0.9314425368947573,0.35774963506849783,0.18293853110111424,0.17116739925186739,0.14330354688063304,0.2977600207297401,0.23380766451258048,0.04736329365221612,0.2178195754582906,138.5,188.0,1.8712783018331622,0.9285714285714286,2.656546183523958,-0.40653328467377264,0.1960228043626901,-0.6876167590336059,-0.3310191299741076,-0.11836896865719373,0.3558480270647038,0.6553325481355352,-0.02516485649293365,0.35410593035298166,-0.6481640977248081,0.0611618772045593,342.5,358.5,2
738.0,Solicitud de baja temporal ó toma muerta del servicio de agua potable.,Secretaría de Infraestructura Pública y Desarrollo Urbano Sostenible,Comisión de Agua y Alcantarillado del Sistema Valle del Mezquital,Calle 27 Segunda Demarcación 42660 Tepatepec Francisco I. Madero,Social,1440.0,1.0,0.0,,39.0,1.0,97.5,FALSO,,1.0,0.0,0.0,7.273092595999522,"(6.579, 8.224]",0,1,0.09179778444881183,1.3639886036055924,0.6559398647502834,-0.6454347264697414,0.08913581800905887,0.3738688245995476,0.2610404085392533,0.3738688245995476,0.4866972406598419,301.0,292.0,287.0,8.0,0.3738688245995476,0.5641420803014716,14.0,Dominado por rareza,Rareza,0.7503940547476008,0.8094275863317937,1.157452788691043,1.2014696741078175,0.18293853110111424,0.1777447229249331,0.1780754940817648,1.0,0.382525514541472,0.06302775393947972,0.22815689317683993,427.5,256.5,0.9126275727073597,1.0,1.734552078625595,-1.5305291496344806,0.03278883629556667,-0.6876167590336059,-0.28986884486284525,-0.11836896865719373,0.649444724332729,-1.5236481744151193,-0.394011604527207,0.36068325402604734,-0.6228659323296433,-0.4038595877673068,133.5,141.5,1
740.0,Director Responsable y Corresponsable Modalidad Registro de DRyC,Secretaría de Infraestructura Pública y Desarrollo Urbano Sostenible,Secretaría de Infraestructura Pública y Desarrollo Urbano Sostenible,Boulevard km. 93.5 Venta Prieta 42080 Pachuca De Soto Pachuca De Soto,Social,30.0,2.0,5.0,Nivel 1,48.0,0.0,100.0,VERDADERO,,7.0,1.0,1.0,3.4339872044851463,"(3.29, 4.934]",2,2,-1.17297857348804,1.754854912292604,0.8439068264813923,0.7608498199607056,0.2921917612353043,-0.16453587350332388,-0.5679129534972103,-0.16453587350332388,0.23884120649056245,142.0,128.0,88.0,-31.0,-0.16453587350332388,2.016885399969432,54.0,Dominado por rareza,Rareza,1.9671875475025984,2.6931245508855346,0.9314425368947573,0.35774963506849783,0.4795805591257976,0.5913916021429794,0.14330354688063304,0.2977600207297401,0.2694999710751652,0.0416011163652243,0.26243495866152156,200.0,298.0,2.0497398346460862,0.9285714285714286,2.835007716336882,2.0507925631490393,0.5528915985268464,1.0767509692910755,2.2980662882233824,-1.166495122531356,0.3558480270647038,0.6553325481355352,0.6439005420366681,1.070972161268777,2.109097271391202,0.4884456810150213,612.0,581.0,0
751.0,Instalación física de toma de agua potable.,Secretaría de Infraestructura Pública y Desarrollo Urbano Sostenible,Comisión de Agua y Alcantarillado del Sistema Valle del Mezquital,Calle 27 Segunda Demarcación 42660 Tepatepec Francisco I. Madero,Social,1440.0,0.0,1.0,,21.0,21.0,50.0,FALSO,,1.0,0.0,0.0,7.273092595999522,"(6.579, 8.224]",0,0,0.09179778444881183,1.3639886036055924,0.6559398647502834,-0.6454347264697414,0.08913581800905887,0.3738688245995476,0.2610404085392533,0.3738688245995476,0.4866972406598419,301.0,292.0,287.0,11.0,0.3738688245995476,0.5641420803014716,14.0,Dominado por rareza,Rareza,0.7503940547476008,0.7794752640484426,1.157452788691043,1.2014696741078175,0.18293853110111424,0.17116739925186739,0.1780754940817648,1.0,0.3812100498068588,0.06281435887365583,0.22651256225857352,416.0,234.0,0.9060502490342941,1.0,1.7279747549525293,-1.5496451515354752,0.030012686541682033,-0.6876167590336059,-0.3310191299741076,-0.11836896865719373,0.649444724332729,-1.5236481744151193,-0.40224166154945956,0.35410593035298166,-0.6481640977248081,-0.41018412911609803,117.0,128.0,1
764.0,"Asesoría de la Incubadora de Empresas del ICATHI, para iniciar o fortalecer un negocio",Secretaría de Trabajo y Previsión Social,Instituto de Capacitación para el Trabajo del Estado de Hidalgo,Calle Lote 17 San Juan Tilcuautla 42160 San Agustín Tlaxiaca San Agustín Tlaxiaca,Ambos,60.0,0.0,1.0,Nivel 1,83.0,22.0,79.04761905,VERDADERO,,1.0,1.0,1.0,4.110873864173311,"(3.29, 4.934]",0,0,-0.9499812454988917,1.754854912292604,0.8439068264813923,0.6030482046840534,0.2694065035049546,-0.05303720950874974,-0.41181482390480656,-0.05303720950874974,0.30574040488730697,199.5,194.5,194.5,22.0,-0.05303720950874974,1.7938880719802839,5.0,Dominado por rareza,Rareza,0.7503940547476008,0.7794752640484426,0.9314425368947573,0.35774963506849783,0.18293853110111424,0.17116739925186739,0.14330354688063304,0.2977600207297401,0.14842645769092103,0.022825844533050987,0.11109306693121625,66.0,78.5,1.444372267724865,0.9285714285714286,2.2296401494156606,-0.3359223139193611,0.2062773874128841,-0.6876167590336059,-0.3310191299741076,-0.9494378303744968,0.3558480270647038,0.6553325481355352,-0.19137862883639425,0.35410593035298166,-0.6481640977248081,-0.1466053382247665,231.0,253.0,2
771.0,Inscripción COBAEH,Secretaría de Educación Pública,Colegio de Bachilleres del Estado de Hidalgo,"Circuito Lote 17, San Juan Tilcuautla 42160 San Juan Tilcuautla San Agustín Tlaxiaca",Social,10.0,0.0,6.0,Nivel 1,13307.0,0.0,100.0,VERDADERO,,6.0,1.0,1.0,2.3978952727983707,"(1.645, 3.29]",2,0,-1.5143144958471932,1.8846665238145945,0.9063330158789191,1.172194762402416,0.35158659387487234,-0.30399073998413706,-0.7881202423293596,-0.30399073998413706,0.18013876236108534,21.0,18.0,18.0,-44.0,-0.30399073998413706,2.4206475117261124,3.0,Dominado por rareza,Rareza,1.9671875475025984,0.7794752640484426,0.9314425368947573,0.35774963506849783,0.4795805591257976,0.17116739925186739,0.14330354688063304,0.2977600207297401,0.1575641572007802,0.0199518350481042,0.12251519131854025,78.0,100.0,1.4900607652741609,0.9285714285714286,2.2753286469649563,0.8525401949045244,0.378873619536134,1.0767509692910755,-0.3310191299741076,-1.4379754668868243,0.3558480270647038,0.6553325481355352,0.06378738952607652,0.650747958377665,0.4928013558770408,0.016501616047613854,390.0,346.0,2
778.0,Constancia de Persona Concesionaria y/o Permisionaria,Secretaría de Movilidad y Transporte,Sistema de Transporte Convencional de Hidalgo,Avenida 205 Sistema de Transporte Convencional 42083 Pachuca De Soto Pachuca De Soto,Social,30.0,1.0,2.0,,0.0,0.0,0.0,VERDADERO,,3.0,1.0,0.0,3.4339872044851463,"(3.29, 4.934]",1,1,-1.17297857348804,1.754854912292604,0.8439068264813923,0.7608498199607056,0.2921917612353043,-0.16453587350332388,-0.5679129534972103,-0.16453587350332388,0.23884120649056245,142.0,128.0,88.0,7.0,-0.16453587350332388,2.016885399969432,54.0,Dominado por rareza,Rareza,1.157452788691043,0.8094275863317937,1.157452788691043,0.35774963506849783,0.2821753605887091,0.1777447229249331,0.1780754940817648,0.2977600207297401,0.15424394496436467,0.02229219944632484,0.11836492602302079,72.0,91.0,1.4734597040920834,1.0,2.2953842100103183,-0.020180353603418324,0.25213148232048876,-0.09737585293178269,-0.28986884486284525,-1.166495122531356,0.649444724332729,0.6553325481355352,-0.04979250957154395,0.4599200835136422,-0.24117425187463498,-0.025723025484431672,327.0,334.0,2
795.0,Inscripción UTVM,Secretaría de Educación Pública,Universidad Tecnológica del Valle del Mezquital,Carretera s/n El Nith 42300 Ixmiquilpan Ixmiquilpan,Social,1440.0,0.0,2.0,Nivel 1,1482.0,0.0,100.0,VERDADERO,,2.0,1.0,1.0,7.273092595999522,"(6.579, 8.224]",1,0,0.09179778444881183,1.3639886036055924,0.6559398647502834,-0.6454347264697414,0.08913581800905887,0.3738688245995476,0.2610404085392533,0.3738688245995476,0.4866972406598419,301.0,292.0,287.0,10.0,0.3738688245995476,0.5641420803014716,14.0,Dominado por rareza,Rareza,1.157452788691043,0.7794752640484426,0.9314425368947573,0.35774963506849783,0.2821753605887091,0.17116739925186739,0.14330354688063304,0.2977600207297401,0.25365503041009946,0.05122720999098081,0.2426287828301893,179.5,265.5,1.9705151313207572,0.9285714285714286,2.755783013011553,-0.022838106376981193,0.2517455062284991,-0.09737585293178269,-0.3310191299741076,-0.11836896865719373,0.3558480270647038,0.6553325481355352,0.09288332472743101,0.4533427598405765,-0.26647241726980003,0.15658479731831132,405.5,415.5,2
796.0,Reinscripción UTVM,Secretaría de Educación Pública,Universidad Tecnológica del Valle del Mezquital,Carretera s/n El Nith 42300 Ixmiquilpan Ixmiquilpan,Social,1440.0,0.0,1.0,Nivel 1,5294.0,0.0,100.0,VERDADERO,,1.0,1.0,1.0,7.273092595999522,"(6.579, 8.224]",0,0,0.09179778444881183,1.3639886036055924,0.6559398647502834,-0.6454347264697414,0.08913581800905887,0.3738688245995476,0.2610404085392533,0.3738688245995476,0.4866972406598419,301.0,292.0,287.0,16.0,0.3738688245995476,0.5641420803014716,14.0,Dominado por rareza,Rareza,0.7503940547476008,0.7794752640484426,0.9314425368947573,0.35774963506849783,0.18293853110111424,0.17116739925186739,0.14330354688063304,0.2977600207297401,0.23380766451258048,0.04736329365221612,0.2178195754582906,138.5,188.0,1.8712783018331622,0.9285714285714286,2.656546183523958,-0.40653328467377264,0.1960228043626901,-0.6876167590336059,-0.3310191299741076,-0.11836896865719373,0.3558480270647038,0.6553325481355352,-0.02516485649293365,0.35410593035298166,-0.6481640977248081,0.0611618772045593,342.5,358.5,2
827.0,Otorgamiento o Renovación de Permisos del Servicio Privado y Complementario de Transporte de Personas y Bienes,Secretaría de Movilidad y Transporte,Sistema de Transporte Convencional de Hidalgo,Calle 205 Sistema de Transporte Convencional 42083 Pachuca De Soto Pachuca De Soto,Social,30.0,1.0,10.0,,0.0,0.0,0.0,VERDADERO,,11.0,1.0,0.0,3.4339872044851463,"(3.29, 4.934]",3,1,-1.17297857348804,1.754854912292604,0.8439068264813923,0.7608498199607056,0.2921917612353043,-0.16453587350332388,-0.5679129534972103,-0.16453587350332388,0.23884120649056245,142.0,128.0,88.0,-43.0,-0.16453587350332388,2.016885399969432,54.0,Dominado por rareza,Rareza,2.8622008809294686,0.8094275863317937,1.157452788691043,0.35774963506849783,0.6977758173332946,0.1777447229249331,0.1780754940817648,0.2977600207297401,0.23736403631328176,0.038474149267829424,0.22226504020916718,149.5,211.5,1.889060160836669,1.0,2.710984666754904,1.5867219645603792,0.4854962569313858,2.3745329276275564,-0.28986884486284525,-1.166495122531356,0.649444724332729,0.6553325481355352,0.44458924654032383,0.8755205402582278,1.3573374856707445,0.3739049089019132,572.5,529.5,2
862.0,Mediación y Conciliación en Materia Penal,Procuraduría General de Justicia,Procuraduría General de Justicia,Calle S/N Colonias 42082 Pachuca De Soto Pachuca De Soto,Ambos,15.0,0.0,2.0,Nivel 3.1,8548.0,8013.0,51.61524063,FALSO,,2.0,0.0,3.0,2.772588722239781,"(1.645, 3.29]",1,0,-1.390873389652303,1.8846665238145945,0.9063330158789191,1.0848430164207854,0.3389737188932182,-0.24227018688669189,-0.7017114679929362,-0.24227018688669189,0.21717109421955244,44.5,41.5,41.5,-3.0,-0.24227018688669189,2.297206405531222,3.0,Dominado por rareza,Rareza,1.157452788691043,0.7794752640484426,3.8607297110405954,1.2014696741078175,0.2821753605887091,0.17116739925186739,0.5939778775661291,1.0,0.36101009010400276,0.052766206695796944,0.20126261263000345,346.0,162.0,0.8050504505200138,0.7857142857142857,0.9967868586681703,-0.747505696949058,0.14650457961454152,-0.09737585293178269,-0.3310191299741076,-1.317822492440359,-0.231345367471347,-1.5236481744151193,-0.7002422034465431,0.4533427598405765,-0.26647241726980003,-0.8348221128991564,22.0,19.0,1
913.0,Inscripción UTT,Secretaría de Educación Pública,Universidad Tecnológica de Tulancingo,Calle 301 Las Presas 43642 Tulancingo De Bravo Tulancingo De Bravo,Social,2880.0,0.0,1.0,Nivel 4.2,674.0,0.0,100.0,VERDADERO,,1.0,1.0,13.0,7.9658927350845286,"(6.579, 8.224]",0,0,0.32003773811792385,1.3639886036055924,0.6559398647502834,-0.8069462283537766,0.06581488310993365,0.4879888014341036,0.4208083761076317,0.4879888014341036,0.5551692267605756,393.0,378.0,373.0,2.0,0.4879888014341036,0.3359021266323596,20.0,Dominado por rareza,Rareza,0.7503940547476008,0.7794752640484426,4.708027571427799,0.35774963506849783,0.18293853110111424,0.17116739925186739,0.7243356654578548,0.2977600207297401,0.37283808359493603,0.08396176007458198,0.391607599311235,378.0,494.0,2.56643039724494,0.0714285714285714,1.9135233032156567,0.8407265012580012,0.3771579583388228,-0.6876167590336059,-0.3310191299741076,0.10379130004268618,-3.1673123401516,0.6553325481355352,-0.6853648761962184,0.35410593035298166,-0.6481640977248081,-0.7640881474245467,25.0,27.0,3
917.0,Admisión UTT,Secretaría de Educación Pública,Universidad Tecnológica de Tulancingo,Calle 301 Las Presas 43642 Tulancingo De Bravo Tulancingo De Bravo,Social,2880.0,0.0,3.0,Nivel 4.2,1482.0,0.0,100.0,VERDADERO,,3.0,1.0,13.0,7.9658927350845286,"(6.579, 8.224]",1,0,0.32003773811792385,1.3639886036055924,0.6559398647502834,-0.8069462283537766,0.06581488310993365,0.4879888014341036,0.4208083761076317,0.4879888014341036,0.5551692267605756,393.0,378.0,373.0,-11.0,0.4879888014341036,0.3359021266323596,20.0,Dominado por rareza,Rareza,1.157452788691043,0.7794752640484426,4.708027571427799,0.35774963506849783,0.2821753605887091,0.17116739925186739,0.7243356654578548,0.2977600207297401,0.39268544949245504,0.08782567641334665,0.41641680668313374,439.0,514.0,2.665667226732535,0.0714285714285714,2.0127601327032516,1.2244216795547929,0.4328806602046319,-0.09737585293178269,-0.3310191299741076,0.10379130004268618,-3.1673123401516,0.6553325481355352,-0.5673166949758538,0.4533427598405765,-0.26647241726980003,-0.6686652273107947,65.0,54.0,3
944.0,Inscripción UPP,Secretaría de Educación Pública,Universidad Politécnica de Pachuca,Carretera S/N Santa Barbara 43830 Rancho Luna Zempoala,Social,30.0,1.0,4.0,Nivel 2,114.0,0.0,100.0,VERDADERO,,5.0,1.0,2.0,3.4339872044851463,"(3.29, 4.934]",2,1,-1.17297857348804,1.754854912292604,0.8439068264813923,0.7608498199607056,0.2921917612353043,-0.16453587350332388,-0.5679129534972103,-0.16453587350332388,0.23884120649056245,142.0,128.0,88.0,-44.0,-0.16453587350332388,2.016885399969432,54.0,Dominado por rareza,Rareza,1.9671875475025984,0.8094275863317937,2.2512917986064953,0.35774963506849783,0.4795805591257976,0.1777447229249331,0.3463639323142087,0.2977600207297401,0.2273826723182711,0.03867888056618788,0.20978833521540388,129.0,169.0,1.8391533408616159,0.8571428571428572,2.3499322656902644,0.9541014141236996,0.39362299836544185,1.0767509692910755,-0.28986884486284525,-1.166495122531356,0.06225132979667862,0.6553325481355352,0.06759417596581761,0.6573252820507307,0.5180995212722059,0.017297069168265927,392.0,348.0,2
947.0,Reinscripción UPP,Secretaría de Educación Pública,Universidad Politécnica de Pachuca,Carretera S/N Santa Barbara 43830 Rancho Luna Zempoala,Social,15.0,0.0,2.0,Nivel 1,4400.0,0.0,100.0,VERDADERO,,2.0,1.0,1.0,2.772588722239781,"(1.645, 3.29]",1,0,-1.390873389652303,1.8846665238145945,0.9063330158789191,1.0848430164207854,0.3389737188932182,-0.24227018688669189,-0.7017114679929362,-0.24227018688669189,0.21717109421955244,44.5,41.5,41.5,-7.0,-0.24227018688669189,2.297206405531222,3.0,Dominado por rareza,Rareza,1.157452788691043,0.7794752640484426,0.9314425368947573,0.35774963506849783,0.2821753605887091,0.17116739925186739,0.14330354688063304,0.2977600207297401,0.13042722811285157,0.015813141234011542,0.08859402995862942,38.5,44.5,1.3543761198345177,0.9285714285714286,2.1396440015253133,0.07907231475721671,0.2665455984243083,-0.09737585293178269,-0.3310191299741076,-1.317822492440359,0.3558480270647038,0.6553325481355352,-0.14700738002920205,0.4533427598405765,-0.26647241726980003,-0.14327858362748003,264.5,257.5,2
954.0,Certificado de Normas Técnicas de Competencia Laboral en CONALEPH,Secretaría de Educación Pública,Colegio de Educación Profesional Técnica del Estado de Hidalgo,Calle Lt 17 San Juan Tilcuautla 42160 San Juan Tilcuautla San Agustín Tlaxiaca,Social,1440.0,0.0,2.0,Nivel 3.1,136.0,0.0,100.0,VERDADERO,,2.0,1.0,3.0,7.273092595999522,"(6.579, 8.224]",1,0,0.09179778444881183,1.3639886036055924,0.6559398647502834,-0.6454347264697414,0.08913581800905887,0.3738688245995476,0.2610404085392533,0.3738688245995476,0.4866972406598419,301.0,292.0,287.0,-2.0,0.3738688245995476,0.5641420803014716,14.0,Dominado por rareza,Rareza,1.157452788691043,0.7794752640484426,3.8607297110405954,0.35774963506849783,0.2821753605887091,0.17116739925186739,0.5939778775661291,0.2977600207297401,0.3437898965471987,0.07452690711108996,0.3552973655015633,315.0,421.0,2.4211894620062533,0.7857142857142857,2.6129258701544096,0.1881844637266377,0.28239157223599337,-0.09737585293178269,-0.3310191299741076,-0.11836896865719373,-0.231345367471347,0.6553325481355352,-0.024555354179779165,0.4533427598405765,-0.26647241726980003,0.009786448684298593,347.0,345.0,2
960.0,Autorización para el trabajo de mayores de 15 años y menores de 16,Secretaría de Trabajo y Previsión Social,Secretaría de Trabajo y Previsión Social,Carretera 1955 CANACINTRA 0 La Reforma (CANACINTRA) [Parque Industrial] Mineral De La Reforma,Social,259200.0,2.0,4.0,,0.0,0.0,0.0,FALSO,,6.0,0.0,0.0,12.465359101477507,"(11.514, 13.159]",2,2,1.8023671099878293,3.003279479189374,1.444272137010033,0.28840234507508133,0.22397422454881763,1.623319623498931,1.6949386180944903,1.623319623498931,1.551700628903372,652.0,652.0,652.0,0.0,1.623319623498931,-0.35809497297779624,0.0,Dominado por tiempo,Tiempo,1.9671875475025984,2.6931245508855346,1.157452788691043,1.2014696741078175,0.4795805591257976,0.5913916021429794,0.1780754940817648,1.0,0.7744734557698945,0.1598134681113322,0.7180918197123682,662.0,659.0,2.872367278849473,1.0,3.6942917847677084,0.6119664122865748,0.3439359348223044,1.0767509692910755,2.2980662882233824,2.313968759672197,0.649444724332729,-1.5236481744151193,0.9629165134208529,1.070972161268777,2.109097271391202,0.8872156452452522,645.0,645.0,0
979.0,Inscripción a cursos de inglés,Secretaría de Educación Pública,Instituto Hidalguense de Educación,Boulevard S/N Venta Prieta 42083 Pachuca De Soto Pachuca De Soto,Social,40.0,1.0,2.0,Nivel 1,43.0,0.0,100.0,VERDADERO,,3.0,1.0,1.0,3.713572066704308,"(3.29, 4.934]",1,1,-1.0808705723496963,1.754854912292604,0.8439068264813923,0.6956706023862167,0.2827804173241942,-0.11848187293415202,-0.5034373527003697,-0.11848187293415202,0.2664736068320656,179.0,174.0,174.0,6.0,-0.11848187293415202,1.9247773988310886,5.0,Dominado por rareza,Rareza,1.157452788691043,0.8094275863317937,0.9314425368947573,0.35774963506849783,0.2821753605887091,0.1777447229249331,0.14330354688063304,0.2977600207297401,0.15650035563797265,0.02314156680415281,0.12118543936503082,77.0,98.0,1.4847417574601232,0.9285714285714286,2.270009639150919,0.07771352286782154,0.2663482658550367,-0.09737585293178269,-0.28986884486284525,-1.0768406253526153,0.3558480270647038,0.6553325481355352,-0.09058094958940086,0.4599200835136422,-0.24117425187463498,-0.07670857550675281,294.0,300.0,2
988.0,Certificado de no Propiedad (Registro Público de la Propiedad y del Comercio),Secretaría de Gobierno,Dirección General del Instituto de la Función Registral,Avenida 907 Las Terrazas 42094 Pachuca De Soto Pachuca De Soto,Ambos,8640.0,2.0,1.0,,47334.0,0.0,100.0,VERDADERO,,3.0,1.0,0.0,9.0642735958414,"(8.224, 9.869]",0,2,0.6818944737434162,1.9459101490553135,0.9357849740192016,-0.30181766573522545,0.13875130056071056,0.8088397238813089,0.7580616238261517,0.8088397238813089,0.8596178239364659,475.0,475.0,526.0,11.0,0.8088397238813089,0.2538905002757854,51.0,Dominado por rareza,Rareza,0.7503940547476008,2.6931245508855346,1.157452788691043,0.35774963506849783,0.18293853110111424,0.5913916021429794,0.1780754940817648,0.2977600207297401,0.4118010743873815,0.0877957652350079,0.4403113378017918,482.5,547.5,2.7612453512071675,1.0,3.5831698571254025,0.6373289533342947,0.3476192474967948,-0.6876167590336059,2.2980662882233824,0.7283999717287417,0.649444724332729,0.6553325481355352,0.7287253546773564,0.7743301332440936,0.968131817789353,0.7503272654965897,620.5,631.5,0
989.0,Certificado de Única Propiedad (Registro Público de la Propiedad y del Comercio),Secretaría de Gobierno,Dirección General del Instituto de la Función Registral,Avenida 907 Las Terrazas 42094 Pachuca De Soto Pachuca De Soto,Ambos,8640.0,2.0,1.0,Nivel 3.5,47334.0,0.0,100.0,VERDADERO,,3.0,1.0,7.0,9.0642735958414,"(8.224, 9.869]",0,2,0.6818944737434162,1.9459101490553135,0.9357849740192016,-0.30181766573522545,0.13875130056071056,0.8088397238813089,0.7580616238261517,0.8088397238813089,0.8596178239364659,475.0,475.0,526.0,-62.0,0.8088397238813089,0.2538905002757854,51.0,Dominado por rareza,Rareza,0.7503940547476008,2.6931245508855346,2.7862149739515463,0.35774963506849783,0.18293853110111424,0.5913916021429794,0.428662501790275,0.2977600207297401,0.4619184759290835,0.10075102135745437,0.5029580897289194,550.5,599.5,3.0118323589156777,0.5,3.0831698571254025,1.3759079486969605,0.45488047852302466,-0.6876167590336059,2.2980662882233824,0.7283999717287417,-1.4057321565434482,0.6553325481355352,0.317689978502121,0.7743301332440936,0.968131817789353,0.23653304527754543,522.5,460.5,0
991.0,Informes sobre Inscripción de Testamentos (Registro Público de la Propiedad y del Comercio),Secretaría de Gobierno,Dirección General del Instituto de la Función Registral,Avenida 907 Las Terrazas 42094 Pachuca De Soto Pachuca De Soto,Ambos,21600.0,2.0,1.0,Nivel 3.5,47334.0,0.0,100.0,VERDADERO,,3.0,1.0,7.0,9.980494888896912,"(9.869, 11.514]",0,2,0.9837395422993063,1.6245897174547026,0.7812625096170339,-0.9357237539840406,0.04722046564330571,0.88250102595817,0.9229964324946245,0.88250102595817,0.8420056194217156,536.0,522.0,487.0,-59.0,0.88250102595817,-0.20247703268227235,49.0,Dominado por tiempo,Tiempo,0.7503940547476008,2.6931245508855346,2.7862149739515463,0.35774963506849783,0.18293853110111424,0.5913916021429794,0.428662501790275,0.2977600207297401,0.4766507363444557,0.10498488152187621,0.5213734152481346,562.0,607.0,3.0854936609925385,0.5,3.1568311592022633,1.3637242463570638,0.45311108226393826,-0.6876167590336059,2.2980662882233824,0.871798306674979,-1.4057321565434482,0.6553325481355352,0.34636964549136845,0.7743301332440936,0.968131817789353,0.27238262901410476,531.0,472.0,0
993.0,Inscripción de Accesión de Terrenos Rústicos (Registro Público de la Propiedad y del Comercio),Secretaría de Gobierno,Dirección General del Instituto de la Función Registral,Avenida 907 Las Terrazas 42094 Pachuca De Soto Pachuca De Soto,Ambos,21600.0,1.0,7.0,Nivel 3.5,47334.0,0.0,100.0,VERDADERO,,8.0,1.0,7.0,9.980494888896912,"(9.869, 11.514]",3,1,0.9837395422993063,1.6245897174547026,0.7812625096170339,-0.9357237539840406,0.04722046564330571,0.88250102595817,0.9229964324946245,0.88250102595817,0.8420056194217156,536.0,522.0,487.0,-43.0,0.88250102595817,-0.20247703268227235,49.0,Dominado por tiempo,Tiempo,2.8622008809294686,0.8094275863317937,2.7862149739515463,0.35774963506849783,0.6977758173332946,0.1777447229249331,0.428662501790275,0.2977600207297401,0.49688881774728255,0.11161036465005389,0.5466710170016682,589.5,630.5,3.186684068006673,0.5,3.2580215662163976,2.1521193087405033,0.5676069255754925,2.3745329276275564,-0.28986884486284525,0.871798306674979,-1.4057321565434482,0.6553325481355352,0.44121255620635547,0.8755205402582278,1.3573374856707445,0.36968404598445265,567.5,524.5,3
997.0,"Inscripción de Actos Mercantiles, Rectificación (Registro Público de la Propiedad y del Comercio)",Secretaría de Gobierno,Dirección General del Instituto de la Función Registral,Avenida 907 Las Terrazas 42094 Pachuca De Soto Pachuca De Soto,Ambos,21600.0,1.0,3.0,Nivel 3.5,47334.0,0.0,100.0,VERDADERO,,4.0,1.0,7.0,9.980494888896912,"(9.869, 11.514]",1,1,0.9837395422993063,1.6245897174547026,0.7812625096170339,-0.9357237539840406,0.04722046564330571,0.88250102595817,0.9229964324946245,0.88250102595817,0.8420056194217156,536.0,522.0,487.0,6.0,0.88250102595817,-0.20247703268227235,49.0,Dominado por tiempo,Tiempo,1.157452788691043,0.8094275863317937,2.7862149739515463,0.35774963506849783,0.2821753605887091,0.1777447229249331,0.428662501790275,0.2977600207297401,0.4137687263983655,0.0954284148285493,0.4427709028155218,494.0,559.0,2.771083611262087,0.5,2.842421109471812,0.5452169905767063,0.33424215096459553,-0.09737585293178269,-0.28986884486284525,0.871798306674979,-1.4057321565434482,0.6553325481355352,-0.05316919990551239,0.4599200835136422,-0.24117425187463498,-0.029943888401892216,311.0,317.0,3
1003.0,Inscripción de Contratos que transmiten la Propiedad de Muebles con Limitaciones. (Registro Público de la Propiedad y del Comercio),Secretaría de Gobierno,Dirección General del Instituto de la Función Registral,Avenida 907 Las Terrazas 42094 Pachuca De Soto Pachuca De Soto,Ambos,21600.0,1.0,2.0,Nivel 3.5,47334.0,0.0,100.0,VERDADERO,,3.0,1.0,7.0,9.980494888896912,"(9.869, 11.514]",1,1,0.9837395422993063,1.6245897174547026,0.7812625096170339,-0.9357237539840406,0.04722046564330571,0.88250102595817,0.9229964324946245,0.88250102595817,0.8420056194217156,536.0,522.0,487.0,6.0,0.88250102595817,-0.20247703268227235,49.0,Dominado por tiempo,Tiempo,1.157452788691043,0.8094275863317937,2.7862149739515463,0.35774963506849783,0.2821753605887091,0.1777447229249331,0.428662501790275,0.2977600207297401,0.4137687263983655,0.0954284148285493,0.4427709028155218,494.0,559.0,2.771083611262087,0.5,2.842421109471812,0.5452169905767063,0.33424215096459553,-0.09737585293178269,-0.28986884486284525,0.871798306674979,-1.4057321565434482,0.6553325481355352,-0.05316919990551239,0.4599200835136422,-0.24117425187463498,-0.029943888401892216,311.0,317.0,3
1014.0,Inscripción de Escrituras Constitutivas de Personas Morales o Modificaciones de Capital (Registro Público de la Propiedad y del Comercio),Secretaría de Gobierno,Dirección General del Instituto de la Función Registral,Avenida 907 Las Terrazas 42094 Pachuca De Soto Pachuca De Soto,Ambos,21600.0,1.0,1.0,Nivel 3.5,47334.0,0.0,100.0,VERDADERO,,2.0,1.0,7.0,9.980494888896912,"(9.869, 11.514]",0,1,0.9837395422993063,1.6245897174547026,0.7812625096170339,-0.9357237539840406,0.04722046564330571,0.88250102595817,0.9229964324946245,0.88250102595817,0.8420056194217156,536.0,522.0,487.0,26.0,0.88250102595817,-0.20247703268227235,49.0,Dominado por tiempo,Tiempo,0.7503940547476008,0.8094275863317937,2.7862149739515463,0.35774963506849783,0.18293853110111424,0.1777447229249331,0.428662501790275,0.2977600207297401,0.39392136050084653,0.09156449848978462,0.4179616954436231,441.0,516.0,2.6718467817744926,0.5,2.7431842799842174,0.16152181227991474,0.27851944909878645,-0.6876167590336059,-0.28986884486284525,0.871798306674979,-1.4057321565434482,0.6553325481355352,-0.17121738112587703,0.36068325402604734,-0.6228659323296433,-0.1253668085156443,240.0,266.0,3
1023.0,Impartición de Justicia en Conflictos Laborales del Sector Privado,Secretaría de Trabajo y Previsión Social,Secretaría de Trabajo y Previsión Social,Carretera 1955 CANACINTRA 0 La Reforma (CANACINTRA) [Parque Industrial] Mineral De La Reforma,Social,259200.0,0.0,0.0,Nivel 1,0.0,0.0,0.0,FALSO,,0.0,0.0,1.0,12.465359101477507,"(11.514, 13.159]",0,0,1.8023671099878293,3.003279479189374,1.444272137010033,0.28840234507508133,0.22397422454881763,1.623319623498931,1.6949386180944903,1.623319623498931,1.551700628903372,652.0,652.0,652.0,25.0,1.623319623498931,-0.35809497297779624,0.0,Dominado por tiempo,Tiempo,0.7503940547476008,0.7794752640484426,0.9314425368947573,1.2014696741078175,0.18293853110111424,0.17116739925186739,0.14330354688063304,1.0,0.6241458201465091,0.13283184602831727,0.5301822751831364,645.5,617.5,2.1207291007325457,0.9285714285714286,2.9059969824233414,-1.6507951145600508,0.015323033003747114,-0.6876167590336059,-0.3310191299741076,2.313968759672197,0.3558480270647038,-1.5236481744151193,0.025506544662813636,0.35410593035298166,-0.6481640977248081,0.12450112864924334,358.5,383.5,1
1024.0,Impartición de justicia de conflictos laborales del sector público,Secretaría de Trabajo y Previsión Social,Secretaría de Trabajo y Previsión Social,Carretera 1955 CANACINTRA 0 La Reforma (CANACINTRA) [Parque Industrial] Mineral De La Reforma,Social,518400.0,0.0,1.0,Nivel 1,0.0,0.0,0.0,FALSO,,1.0,0.0,1.0,13.158504353030688,"(11.514, 13.159]",0,0,2.030720759439178,3.003279479189374,1.444272137010033,0.1268103876167628,0.20064167252528797,1.7374964482246056,1.8547861727104342,1.7374964482246056,1.6202067237387765,663.5,663.5,663.5,38.0,1.7374964482246056,-0.5864486224291448,0.0,Dominado por tiempo,Tiempo,0.7503940547476008,0.7794752640484426,0.9314425368947573,1.2014696741078175,0.18293853110111424,0.17116739925186739,0.14330354688063304,1.0,0.646981185091644,0.1393944331164711,0.558726481364555,654.5,638.5,2.23490592545822,0.9285714285714286,3.020173807149016,-1.6696801519860875,0.012580425408606292,-0.6876167590336059,-0.3310191299741076,2.5362396956112074,0.3558480270647038,-1.5236481744151193,0.06996073185061569,0.35410593035298166,-0.6481640977248081,0.1800688626339959,394.5,432.5,1
1025.0,Celebración de Convenios Fuera de Juicio de los trabajadores al Servicio de los Gobiernos Estatal y Municipal.,Secretaría de Trabajo y Previsión Social,Secretaría de Trabajo y Previsión Social,Carretera 1955 CANACINTRA 0 La Reforma (CANACINTRA) [Parque Industrial] Mineral De La Reforma,Social,259200.0,0.0,1.0,,0.0,0.0,0.0,FALSO,,1.0,0.0,0.0,12.465359101477507,"(11.514, 13.159]",0,0,1.8023671099878293,3.003279479189374,1.444272137010033,0.28840234507508133,0.22397422454881763,1.623319623498931,1.6949386180944903,1.623319623498931,1.551700628903372,652.0,652.0,652.0,37.0,1.623319623498931,-0.35809497297779624,0.0,Dominado por tiempo,Tiempo,0.7503940547476008,0.7794752640484426,1.157452788691043,1.2014696741078175,0.18293853110111424,0.17116739925186739,0.1780754940817648,1.0,0.6311002095867355,0.13462954290808074,0.5388752619834194,650.0,622.0,2.1555010479336776,1.0,2.977425553851913,-1.7563063996118602,0.0,-0.6876167590336059,-0.3310191299741076,2.313968759672197,0.649444724332729,-1.5236481744151193,0.0842258841164187,0.35410593035298166,-0.6481640977248081,0.1979003029662496,399.0,436.0,1
1028.0,"Registro de Sindicatos, Expedición de la Toma de Nota y Registro de Condiciones Generales de Trabajo de los Sindicatos al Servicio de los Gobiernos Estatal y Municipal del Estado de Hidalgo.",Secretaría de Trabajo y Previsión Social,Secretaría de Trabajo y Previsión Social,Carretera 1955 CANACINTRA 0 La Reforma (CANACINTRA) [Parque Industrial] Mineral De La Reforma,Social,518400.0,0.0,1.0,Nivel 1,0.0,0.0,0.0,FALSO,,1.0,0.0,1.0,13.158504353030688,"(11.514, 13.159]",0,0,2.030720759439178,3.003279479189374,1.444272137010033,0.1268103876167628,0.20064167252528797,1.7374964482246056,1.8547861727104342,1.7374964482246056,1.6202067237387765,663.5,663.5,663.5,38.0,1.7374964482246056,-0.5864486224291448,0.0,Dominado por tiempo,Tiempo,0.7503940547476008,0.7794752640484426,0.9314425368947573,1.2014696741078175,0.18293853110111424,0.17116739925186739,0.14330354688063304,1.0,0.646981185091644,0.1393944331164711,0.558726481364555,654.5,638.5,2.23490592545822,0.9285714285714286,3.020173807149016,-1.6696801519860875,0.012580425408606292,-0.6876167590336059,-0.3310191299741076,2.5362396956112074,0.3558480270647038,-1.5236481744151193,0.06996073185061569,0.35410593035298166,-0.6481640977248081,0.1800688626339959,394.5,432.5,1
1030.0,Tramitación de la Declaración de Beneficiarios de trabajadores al Servicio de los Gobiernos Estatal y Municipal.,Secretaría de Trabajo y Previsión Social,Secretaría de Trabajo y Previsión Social,Carretera 1955 CANACINTRA 0 La Reforma (CANACINTRA) [Parque Industrial] Mineral De La Reforma,Social,259200.0,1.0,0.0,Nivel 1,0.0,0.0,0.0,FALSO,,1.0,0.0,1.0,12.465359101477507,"(11.514, 13.159]",0,1,1.8023671099878293,3.003279479189374,1.444272137010033,0.28840234507508133,0.22397422454881763,1.623319623498931,1.6949386180944903,1.623319623498931,1.551700628903372,652.0,652.0,652.0,13.0,1.623319623498931,-0.35809497297779624,0.0,Dominado por tiempo,Tiempo,0.7503940547476008,0.8094275863317937,0.9314425368947573,1.2014696741078175,0.18293853110111424,0.1777447229249331,0.14330354688063304,1.0,0.6254612848811223,0.13304524109414118,0.5318266061014029,647.0,619.0,2.1273064244056115,0.9285714285714286,2.912574306096407,-1.631679112659056,0.018099182757631786,-0.6876167590336059,-0.28986884486284525,2.313968759672197,0.3558480270647038,-1.5236481744151193,0.03373660168506607,0.36068325402604734,-0.6228659323296433,0.13082566999803458,374.0,387.0,1
1037.0,Acuerdo que autoriza o niega el reconocimiento de validez oficial de estudios de tipo superior. (RVOE),Secretaría de Educación Pública,Secretaría de Educación Pública,Circuito Lote 17 Ex Hacienda La Concepción 42186 San Agustín Tlaxiaca San Agustín Tlaxiaca,Empresarial,86400.0,1.0,5.0,Nivel 2,9.0,0.0,100.0,VERDADERO,,6.0,1.0,2.0,11.366754528799243,"(9.869, 11.514]",2,1,1.4404366734554037,1.6245897174547026,0.7812625096170339,-1.2589004738062273,0.0005564005088149505,1.1108495915362189,1.2426844243038928,1.1108495915362189,0.9790147587685449,625.5,625.5,608.5,13.0,1.1108495915362189,-0.6591741638383698,17.0,Dominado por tiempo,Tiempo,1.9671875475025984,0.8094275863317937,2.2512917986064953,0.35774963506849783,0.4795805591257976,0.1777447229249331,0.3463639323142087,0.2977600207297401,0.4824597653261796,0.11198472179445149,0.5286347014752896,576.0,616.0,3.1145388059011587,0.8571428571428572,3.6253177307298072,0.743150528970216,0.36298734291124773,1.0767509692910755,-0.28986884486284525,1.3163302816472193,0.06225132979667862,0.6553325481355352,0.5641592568015328,0.6573252820507307,0.5180995212722059,0.6380034202129098,598.0,611.0,2
1040.0,Registro y cotejo de documentos de alumnos inscritos en nivel licenciatura y posgrado,Secretaría de Educación Pública,Secretaría de Educación Pública,Circuito Lote 17 Ex Hacienda la Concepción 42186 San Agustín Tlaxiaca San Agustín Tlaxiaca,Empresarial,1440.0,1.0,3.0,Nivel 1,4209.0,0.0,100.0,VERDADERO,,4.0,1.0,1.0,7.273092595999522,"(6.579, 8.224]",1,1,0.09179778444881183,1.3639886036055924,0.6559398647502834,-0.6454347264697414,0.08913581800905887,0.3738688245995476,0.2610404085392533,0.3738688245995476,0.4866972406598419,301.0,292.0,287.0,10.0,0.3738688245995476,0.5641420803014716,14.0,Dominado por rareza,Rareza,1.157452788691043,0.8094275863317937,0.9314425368947573,0.35774963506849783,0.2821753605887091,0.1777447229249331,0.14330354688063304,0.2977600207297401,0.2549704951447126,0.0514406050568047,0.24427311374845573,181.5,270.5,1.977092454993823,0.9285714285714286,2.7623603366846186,-0.003722104475986078,0.25452165598238385,-0.09737585293178269,-0.28986884486284525,-0.11836896865719373,0.3558480270647038,0.6553325481355352,0.10111338174968347,0.4599200835136422,-0.24117425187463498,0.16290933866710255,412.5,422.5,2
1043.0,Expedición de certificado de defunción,Secretaría de Salud,Secretaría de Salud,Avenida 405 Ex Hacienda de Guadalupe 42090 Pachuca De Soto Pachuca De Soto,Social,60.0,1.0,0.0,Nivel 1,13.0,0.0,100.0,FALSO,,1.0,0.0,1.0,4.110873864173311,"(3.29, 4.934]",0,1,-0.9499812454988917,1.754854912292604,0.8439068264813923,0.6030482046840534,0.2694065035049546,-0.05303720950874974,-0.41181482390480656,-0.05303720950874974,0.30574040488730697,199.5,194.5,194.5,7.0,-0.05303720950874974,1.7938880719802839,5.0,Dominado por rareza,Rareza,0.7503940547476008,0.8094275863317937,0.9314425368947573,1.2014696741078175,0.18293853110111424,0.1777447229249331,0.14330354688063304,1.0,0.2901899182795861,0.03669260794055114,0.11273739784948265,223.0,86.0,0.4509495913979306,0.9285714285714286,1.2362174730887263,-1.3544068938282596,0.058366452349507776,-0.6876167590336059,-0.28986884486284525,-0.9494378303744968,0.3558480270647038,-1.5236481744151193,-0.6189447163242727,0.36068325402604734,-0.6228659323296433,-0.6850259775136389,41.0,48.0,1
1058.0,Inscripción de Poderes Civiles y Sustituciones (Registro Público de la Propiedad y del Comercio),Secretaría de Gobierno,Dirección General del Instituto de la Función Registral,Avenida 907 Las Terrazas 42094 Pachuca De Soto Pachuca De Soto,Ambos,21600.0,1.0,2.0,Nivel 3.5,0.0,0.0,0.0,VERDADERO,,3.0,1.0,7.0,9.980494888896912,"(9.869, 11.514]",1,1,0.9837395422993063,1.6245897174547026,0.7812625096170339,-0.9357237539840406,0.04722046564330571,0.88250102595817,0.9229964324946245,0.88250102595817,0.8420056194217156,536.0,522.0,487.0,6.0,0.88250102595817,-0.20247703268227235,49.0,Dominado por tiempo,Tiempo,1.157452788691043,0.8094275863317937,2.7862149739515463,0.35774963506849783,0.2821753605887091,0.1777447229249331,0.428662501790275,0.2977600207297401,0.4137687263983655,0.0954284148285493,0.4427709028155218,494.0,559.0,2.771083611262087,0.5,2.842421109471812,0.5452169905767063,0.33424215096459553,-0.09737585293178269,-0.28986884486284525,0.871798306674979,-1.4057321565434482,0.6553325481355352,-0.05316919990551239,0.4599200835136422,-0.24117425187463498,-0.029943888401892216,311.0,317.0,3
1060.0,Regularización de la propiedad,Secretaría de Infraestructura Pública y Desarrollo Urbano Sostenible,Comisión Estatal de Vivienda,Boulevard 117 El Palmar I 42088 Pachuca De Soto Pachuca De Soto,Social,20.0,1.0,0.0,,0.0,0.0,0.0,VERDADERO,,1.0,1.0,0.0,3.044522437723423,"(1.645, 3.29]",0,1,-1.3012860250986122,1.8846665238145945,0.9063330158789191,1.0214474997012368,0.32981992674178046,-0.19747650460984656,-0.6390003128053527,-0.19747650460984656,0.24404730358565963,77.5,72.5,142.5,26.0,-0.19747650460984656,2.2076190409775314,65.0,Dominado por rareza,Rareza,0.7503940547476008,0.8094275863317937,1.157452788691043,0.35774963506849783,0.18293853110111424,0.1777447229249331,0.1780754940817648,0.2977600207297401,0.12780845284554113,0.016534941259118533,0.08532056087449139,35.0,41.0,1.3412822434979657,1.0,2.163206749416201,-0.398427096521326,0.1972000375708112,-0.6876167590336059,-0.28986884486284525,-1.2306214890164984,0.649444724332729,0.6553325481355352,-0.18066596408893704,0.36068325402604734,-0.6228659323296433,-0.13717753721946935,236.0,262.0,2
1071.0,Inscripción por Constitución del Patrimonio Familiar. (Registro Público de la Propiedad y del Comercio),Secretaría de Gobierno,Dirección General del Instituto de la Función Registral,Avenida 907 Las Terrazas 42094 Pachuca De Soto Pachuca De Soto,Ambos,21600.0,1.0,2.0,,47334.0,0.0,100.0,VERDADERO,,3.0,1.0,0.0,9.980494888896912,"(9.869, 11.514]",1,1,0.9837395422993063,1.6245897174547026,0.7812625096170339,-0.9357237539840406,0.04722046564330571,0.88250102595817,0.9229964324946245,0.88250102595817,0.8420056194217156,536.0,522.0,487.0,33.0,0.88250102595817,-0.20247703268227235,49.0,Dominado por tiempo,Tiempo,1.157452788691043,0.8094275863317937,1.157452788691043,0.35774963506849783,0.2821753605887091,0.1777447229249331,0.1780754940817648,0.2977600207297401,0.36365132485666346,0.0824731587061028,0.38012415088839424,354.0,465.0,2.5204966035535774,1.0,3.342421109471812,-0.1933620047859594,0.22698091993836575,-0.09737585293178269,-0.28986884486284525,0.871798306674979,0.649444724332729,0.6553325481355352,0.35786617626972306,0.4599200835136422,-0.24117425187463498,0.4838503318171521,540.0,573.0,2
1074.0,Ratificación de firmas. (Registro Público de la Propiedad y del Comercio),Secretaría de Gobierno,Dirección General del Instituto de la Función Registral,Avenida 907 Las Terrazas 42094 Pachuca De Soto Pachuca De Soto,Ambos,21600.0,1.0,2.0,,47334.0,0.0,100.0,VERDADERO,,3.0,1.0,0.0,9.980494888896912,"(9.869, 11.514]",1,1,0.9837395422993063,1.6245897174547026,0.7812625096170339,-0.9357237539840406,0.04722046564330571,0.88250102595817,0.9229964324946245,0.88250102595817,0.8420056194217156,536.0,522.0,487.0,33.0,0.88250102595817,-0.20247703268227235,49.0,Dominado por tiempo,Tiempo,1.157452788691043,0.8094275863317937,1.157452788691043,0.35774963506849783,0.2821753605887091,0.1777447229249331,0.1780754940817648,0.2977600207297401,0.36365132485666346,0.0824731587061028,0.38012415088839424,354.0,465.0,2.5204966035535774,1.0,3.342421109471812,-0.1933620047859594,0.22698091993836575,-0.09737585293178269,-0.28986884486284525,0.871798306674979,0.649444724332729,0.6553325481355352,0.35786617626972306,0.4599200835136422,-0.24117425187463498,0.4838503318171521,540.0,573.0,2
1081.0,Reinscripción ITESHU.,Secretaría de Educación Pública,Instituto Tecnológico Superior de Huichapan,Calle S/N El Saucillo 42411 Huichapan Huichapan,Social,19.0,0.0,2.0,Nivel 1,3274.0,0.0,100.0,VERDADERO,,2.0,1.0,1.0,2.995732273553991,"(1.645, 3.29]",1,0,-1.3173597297376543,1.8846665238145945,0.9063330158789191,1.032821880633927,0.3314622939673641,-0.20551335692936756,-0.6502519060526821,-0.20551335692936756,0.23922519219394706,58.0,53.0,123.0,-6.0,-0.20551335692936756,2.2236927456165736,65.0,Dominado por rareza,Rareza,1.157452788691043,0.7794752640484426,0.9314425368947573,0.35774963506849783,0.2821753605887091,0.17116739925186739,0.14330354688063304,0.2977600207297401,0.13777859410431642,0.017925828272374773,0.0977832374479605,49.0,56.0,1.3911329497918419,0.9285714285714286,2.1764008314826375,0.07299267371732664,0.26566267352902884,-0.09737585293178269,-0.3310191299741076,-1.246267034348097,0.3558480270647038,0.6553325481355352,-0.13269628841074965,0.4533427598405765,-0.26647241726980003,-0.12538971910441454,270.0,264.0,2
1090.0,Inscripción de alumnos a educación primaria. (de 2° a 6° grado),Secretaría de Educación Pública,Instituto Hidalguense de Educación,Boulevard S/N Venta Prieta 42083 Pachuca De Soto Pachuca De Soto,Social,1440.0,0.0,3.0,Nivel 1,380.0,0.0,100.0,FALSO,,3.0,0.0,1.0,7.273092595999522,"(6.579, 8.224]",1,0,0.09179778444881183,1.3639886036055924,0.6559398647502834,-0.6454347264697414,0.08913581800905887,0.3738688245995476,0.2610404085392533,0.3738688245995476,0.4866972406598419,301.0,292.0,287.0,1.0,0.3738688245995476,0.5641420803014716,14.0,Dominado por rareza,Rareza,1.157452788691043,0.7794752640484426,0.9314425368947573,1.2014696741078175,0.2821753605887091,0.17116739925186739,0.14330354688063304,1.0,0.39410302626415145,0.06488057833265706,0.2426287828301893,444.5,265.5,0.9705151313207572,0.9285714285714286,1.7557830130115528,-1.0604386881868748,0.10105842141123811,-0.09737585293178269,-0.3310191299741076,-0.11836896865719373,0.3558480270647038,-1.5236481744151193,-0.34291281978269994,0.4533427598405765,-0.26647241726980003,-0.3881603833193523,144.5,145.5,1
1096.0,Sustitución del Cargo de Albacea. (Registro Público de la Propiedad y del Comercio),Secretaría de Gobierno,Dirección General del Instituto de la Función Registral,Avenida 907 Las Terrazas 42094 Pachuca De Soto Pachuca De Soto,Ambos,21600.0,1.0,2.0,,47334.0,0.0,100.0,VERDADERO,,3.0,1.0,0.0,9.980494888896912,"(9.869, 11.514]",1,1,0.9837395422993063,1.6245897174547026,0.7812625096170339,-0.9357237539840406,0.04722046564330571,0.88250102595817,0.9229964324946245,0.88250102595817,0.8420056194217156,536.0,522.0,487.0,33.0,0.88250102595817,-0.20247703268227235,49.0,Dominado por tiempo,Tiempo,1.157452788691043,0.8094275863317937,1.157452788691043,0.35774963506849783,0.2821753605887091,0.1777447229249331,0.1780754940817648,0.2977600207297401,0.36365132485666346,0.0824731587061028,0.38012415088839424,354.0,465.0,2.5204966035535774,1.0,3.342421109471812,-0.1933620047859594,0.22698091993836575,-0.09737585293178269,-0.28986884486284525,0.871798306674979,0.649444724332729,0.6553325481355352,0.35786617626972306,0.4599200835136422,-0.24117425187463498,0.4838503318171521,540.0,573.0,2
1121.0,Equivalencia de Estudios de Educación Media Superior,Secretaría de Educación Pública,Secretaría de Educación Pública,Circuito Lote 17 Ex-Hacienda La Concepción 42160 San Juan Tilcuautla San Agustín Tlaxiaca,Social,7200.0,1.0,5.0,Nivel 4.1,1484.0,0.0,100.0,VERDADERO,,6.0,1.0,12.0,8.881975184248867,"(8.224, 9.869]",2,1,0.6218370651655479,1.9459101490553135,0.9357849740192016,-0.25931869873693625,0.14488780248834904,0.7788110195923748,0.716021437821644,0.7788110195923748,0.8416006013631054,461.5,461.5,441.5,-63.0,0.7788110195923748,0.31394790885365365,20.0,Dominado por rareza,Rareza,1.9671875475025984,0.8094275863317937,3.6094152827596893,0.35774963506849783,0.4795805591257976,0.1777447229249331,0.5553128525877803,0.2977600207297401,0.4578418349921251,0.10370259011540646,0.49786228855772147,545.0,596.0,2.991449154230886,0.1428571428571429,2.5789934445002487,1.853183113620987,0.5241934728667921,1.0767509692910755,-0.28986884486284525,0.6699423274268128,-2.8737156428835746,0.6553325481355352,-0.15231172857859926,0.6573252820507307,0.5180995212722059,-0.25758531151225517,258.0,195.0,3
1125.0,Revalidación de Estudios de Educación Media Superior,Secretaría de Educación Pública,Secretaría de Educación Pública,Circuito Lote 17 Ex Hacienda La Concepción 42160 San Juan Tilcuautla San Agustín Tlaxiaca,Social,7200.0,1.0,5.0,Nivel 4.1,135.0,0.0,100.0,VERDADERO,,6.0,1.0,12.0,8.881975184248867,"(8.224, 9.869]",2,1,0.6218370651655479,1.9459101490553135,0.9357849740192016,-0.25931869873693625,0.14488780248834904,0.7788110195923748,0.716021437821644,0.7788110195923748,0.8416006013631054,461.5,461.5,441.5,-63.0,0.7788110195923748,0.31394790885365365,20.0,Dominado por rareza,Rareza,1.9671875475025984,0.8094275863317937,3.6094152827596893,0.35774963506849783,0.4795805591257976,0.1777447229249331,0.5553128525877803,0.2977600207297401,0.4578418349921251,0.10370259011540646,0.49786228855772147,545.0,596.0,2.991449154230886,0.1428571428571429,2.5789934445002487,1.853183113620987,0.5241934728667921,1.0767509692910755,-0.28986884486284525,0.6699423274268128,-2.8737156428835746,0.6553325481355352,-0.15231172857859926,0.6573252820507307,0.5180995212722059,-0.25758531151225517,258.0,195.0,3
1133.0,CURP (Clave Única de Registro de Población),Secretaría de Educación Pública,Instituto Hidalguense de Educación,Boulevard s/n Venta Prieta 42083 Pachuca De Soto Pachuca De Soto,Social,2.0,0.0,1.0,Nivel 1,265.0,0.0,100.0,FALSO,,1.0,0.0,1.0,1.0986122886681098,"(-0.0142, 1.645]",0,0,-1.9423575509375297,4.890349128221754,2.35176081183373,5.4067297193197135,0.963018677078723,0.2047016304481002,-0.6541220421061517,0.2047016304481002,1.063525303002352,56.5,220.5,616.5,6.0,0.2047016304481002,4.294118362771259,560.0,Dominado por rareza,Rareza,0.7503940547476008,0.7794752640484426,0.9314425368947573,1.2014696741078175,0.18293853110111424,0.17116739925186739,0.14330354688063304,1.0,0.340422221536343,0.05129337141592396,0.17552777692042873,310.0,151.0,0.7021111076817149,0.9285714285714286,1.4873789893725105,-1.4161533301490508,0.04939923447188771,-0.6876167590336059,-0.3310191299741076,-0.447691058884873,0.3558480270647038,-1.5236481744151193,-0.5268254190486005,0.35410593035298166,-0.6481640977248081,-0.5659138259900242,72.0,78.0,1
1134.0,Registro de una institución de educación media superior y superior,Secretaría de Educación Pública,Secretaría de Educación Pública,Circuito Lote 17 Ex Hacienda La Concepción 42186 San Agustín Tlaxiaca San Agustín Tlaxiaca,Social,2880.0,1.0,7.0,Nivel 2,7.0,0.0,100.0,VERDADERO,,8.0,1.0,2.0,7.9658927350845286,"(6.579, 8.224]",3,1,0.32003773811792385,1.3639886036055924,0.6559398647502834,-0.8069462283537766,0.06581488310993365,0.4879888014341036,0.4208083761076317,0.4879888014341036,0.5551692267605756,393.0,378.0,373.0,-7.0,0.4879888014341036,0.3359021266323596,20.0,Dominado por rareza,Rareza,2.8622008809294686,0.8094275863317937,2.2512917986064953,0.35774963506849783,0.6977758173332946,0.1777447229249331,0.3463639323142087,0.2977600207297401,0.40152665894725603,0.08468002173051013,0.427468318501635,465.0,535.0,2.70987327400654,0.8571428571428572,3.2206521988351886,1.6898158640496814,0.5004682215281954,2.3745329276275564,-0.28986884486284525,0.10379130004268618,0.06225132979667862,0.6553325481355352,0.5812078521479223,0.8755205402582278,1.3573374856707445,0.5446781659114112,599.0,592.0,2
1135.0,Registro Profesional Estatal,Secretaría de Educación Pública,Secretaría de Educación Pública,Circuito Lote 17 Ex Hacienda La Concepción 42186 San Agustín Tlaxiaca San Agustín Tlaxiaca,Social,60.0,5.0,7.0,Nivel 2,19643.0,0.0,100.0,VERDADERO,,12.0,1.0,2.0,4.110873864173311,"(3.29, 4.934]",3,4,-0.9499812454988917,1.754854912292604,0.8439068264813923,0.6030482046840534,0.2694065035049546,-0.05303720950874974,-0.41181482390480656,-0.05303720950874974,0.30574040488730697,199.5,194.5,194.5,-4.0,-0.05303720950874974,1.7938880719802839,5.0,Dominado por rareza,Rareza,2.8622008809294686,4.553876891600541,2.2512917986064953,0.35774963506849783,0.6977758173332946,1.0,0.3463639323142087,0.2977600207297401,0.45777251217369874,0.08026055027863463,0.49777563503468847,543.0,594.0,2.991102540138754,0.8571428571428572,3.5018814649674024,4.169063749456082,0.8605206761438169,2.3745329276275564,4.854478729886802,-0.9494378303744968,0.06225132979667862,0.6553325481355352,1.399431541014415,1.6977758173332946,4.5199536241580525,1.0720249179289425,661.0,657.0,0
1139.0,Carta de No Inconveniente para Incorporación a una Institución Educativa,Secretaría de Educación Pública,Secretaría de Educación Pública,Circuito Lote 17 Ex Hacienda La Concepción 42186 San Agustín Tlaxiaca San Agustín Tlaxiaca,Empresarial,43200.0,1.0,6.0,,1.0,0.0,100.0,VERDADERO,,7.0,1.0,0.0,10.673618922112436,"(9.869, 11.514]",2,1,1.2120862014627916,1.6245897174547026,0.7812625096170339,-1.0973107648417608,0.023888627868291986,0.9966743555399127,1.0828390939090642,0.9966743555399127,0.9105096171707612,602.0,602.0,578.0,18.0,0.9966743555399127,-0.43082369184575764,24.0,Dominado por tiempo,Tiempo,1.9671875475025984,0.8094275863317937,1.157452788691043,0.35774963506849783,0.4795805591257976,0.1777447229249331,0.1780754940817648,0.2977600207297401,0.4259670304804296,0.0967217756690402,0.45801878291810205,513.0,571.0,2.832075131672408,1.0,3.653999637590643,0.5510127335141443,0.33508384633649807,1.0767509692910755,-0.28986884486284525,1.0940624385281792,0.649444724332729,0.6553325481355352,0.6371443670849348,0.6573252820507307,0.5180995212722059,0.7292348080671623,611.0,629.0,2
1140.0,Informe de antecedentes profesionales,Secretaría de Educación Pública,Secretaría de Educación Pública,Circuito Lote 17 Ex Hacienda La Concepción 42186 San Agustín Tlaxiaca San Agustín Tlaxiaca,Social,2880.0,1.0,1.0,Nivel 2,93.0,0.0,100.0,VERDADERO,,2.0,1.0,2.0,7.9658927350845286,"(6.579, 8.224]",0,1,0.32003773811792385,1.3639886036055924,0.6559398647502834,-0.8069462283537766,0.06581488310993365,0.4879888014341036,0.4208083761076317,0.4879888014341036,0.5551692267605756,393.0,378.0,373.0,15.0,0.4879888014341036,0.3359021266323596,20.0,Dominado por rareza,Rareza,0.7503940547476008,0.8094275863317937,2.2512917986064953,0.35774963506849783,0.18293853110111424,0.1777447229249331,0.3463639323142087,0.2977600207297401,0.29855920170081995,0.06463415557024085,0.2987589969435899,240.0,336.5,2.19503598777436,0.8571428571428572,2.7058149126030084,-0.3007816324109073,0.2113807450514893,-0.6876167590336059,-0.28986884486284525,0.10379130004268618,0.06225132979667862,0.6553325481355352,-0.031222085184310223,0.36068325402604734,-0.6228659323296433,0.0496273114113142,337.0,352.0,2
1142.0,Registro como unidad receptora de servicio social,Secretaría de Educación Pública,Secretaría de Educación Pública,Circuito Lote 17 Ex Hacienda La Concepción 42186 San Juan Tilcuautla San Agustín Tlaxiaca,Ambos,1440.0,1.0,2.0,Nivel 4.1,227.0,0.0,100.0,FALSO,,3.0,0.0,12.0,7.273092595999522,"(6.579, 8.224]",1,1,0.09179778444881183,1.3639886036055924,0.6559398647502834,-0.6454347264697414,0.08913581800905887,0.3738688245995476,0.2610404085392533,0.3738688245995476,0.4866972406598419,301.0,292.0,287.0,0.0,0.3738688245995476,0.5641420803014716,14.0,Dominado por rareza,Rareza,1.157452788691043,0.8094275863317937,3.6094152827596893,1.2014696741078175,0.2821753605887091,0.1777447229249331,0.5553128525877803,1.0,0.4778203521401941,0.08639470294977673,0.34727544017524253,565.0,410.0,1.3891017607009701,0.1428571428571429,0.9766460509703327,0.11930144928402402,0.2723879342063411,-0.09737585293178269,-0.28986884486284525,-0.11836896865719373,-2.8737156428835746,-1.5236481744151193,-0.980595496750103,0.4599200835136422,-0.24117425187463498,-1.1892267594576307,5.0,5.0,3
1143.0,Registro de Colegio de Profesionistas y Federación,Secretaría de Educación Pública,Secretaría de Educación Pública,Circuito Lote 17 Ex Hacienda La Concepción 42186 San Juan Tilcuautla San Agustín Tlaxiaca,Social,7200.0,1.0,3.0,Nivel 2,5.0,0.0,100.0,VERDADERO,,4.0,1.0,2.0,8.881975184248867,"(8.224, 9.869]",1,1,0.6218370651655479,1.9459101490553135,0.9357849740192016,-0.25931869873693625,0.14488780248834904,0.7788110195923748,0.716021437821644,0.7788110195923748,0.8416006013631054,461.5,461.5,441.5,-2.0,0.7788110195923748,0.31394790885365365,20.0,Dominado por rareza,Rareza,1.157452788691043,0.8094275863317937,2.2512917986064953,0.35774963506849783,0.2821753605887091,0.1777447229249331,0.3463639323142087,0.2977600207297401,0.3765710112299932,0.08521377703059456,0.39627375885505645,403.0,499.0,2.585095035420226,0.8571428571428572,3.0958739602488743,0.03481106547939403,0.26011769279186214,-0.09737585293178269,-0.28986884486284525,0.6699423274268128,0.06225132979667862,0.6553325481355352,0.20005630151287973,0.4599200835136422,-0.24117425187463498,0.2865879883710979,480.0,478.0,2
1145.0,Ampliaciones de autorizaciones para profesionistas,Secretaría de Educación Pública,Secretaría de Educación Pública,Circuito Lote 17 Ex Hacienda La Concepción 42186 San Agustín Tlaxiaca San Agustín Tlaxiaca,Social,60.0,2.0,3.0,Nivel 2,24.0,0.0,100.0,VERDADERO,,5.0,1.0,2.0,4.110873864173311,"(3.29, 4.934]",1,2,-0.9499812454988917,1.754854912292604,0.8439068264813923,0.6030482046840534,0.2694065035049546,-0.05303720950874974,-0.41181482390480656,-0.05303720950874974,0.30574040488730697,199.5,194.5,194.5,-86.0,-0.05303720950874974,1.7938880719802839,5.0,Dominado por rareza,Rareza,1.157452788691043,2.6931245508855346,2.2512917986064953,0.35774963506849783,0.2821753605887091,0.5913916021429794,0.3463639323142087,0.2977600207297401,0.29293074125337754,0.05082168620278636,0.29172342138428686,226.0,319.0,2.1668936855371475,0.8571428571428572,2.677672610365796,1.374602585407384,0.4546909052014767,-0.09737585293178269,2.2980662882233824,-0.9494378303744968,0.06225132979667862,0.6553325481355352,0.3937672965698634,0.8735669627316884,1.349823498244361,0.27949238645051955,559.0,473.0,0
1147.0,Servicio Médico Hospitalario,Secretaría de Salud,Secretaría de Salud,Carretera 101 Ciudad de los Niños 42070 Pachuca De Soto Pachuca De Soto,Social,2880.0,0.0,3.0,Nivel 1,110466.0,0.0,100.0,VERDADERO,,3.0,1.0,1.0,7.9658927350845286,"(6.579, 8.224]",1,0,0.32003773811792385,1.3639886036055924,0.6559398647502834,-0.8069462283537766,0.06581488310993365,0.4879888014341036,0.4208083761076317,0.4879888014341036,0.5551692267605756,393.0,378.0,373.0,8.0,0.4879888014341036,0.3359021266323596,20.0,Dominado por rareza,Rareza,1.157452788691043,0.7794752640484426,0.9314425368947573,0.35774963506849783,0.2821753605887091,0.17116739925186739,0.14330354688063304,0.2977600207297401,0.27647902577701067,0.05778652961012646,0.2711587770388283,205.0,309.0,2.084635108155313,0.9285714285714286,2.869902989846109,-0.04171374106692034,0.24900426415966648,-0.09737585293178269,-0.3310191299741076,0.10379130004268618,0.3558480270647038,0.6553325481355352,0.137315378467407,0.4533427598405765,-0.26647241726980003,0.21212486449328127,433.0,441.0,2
1159.0,Por la actualización de opiniones técnicas de factibilidad,Secretaría de Gobierno,Subsecretaría de Protección Civil y Gestión de Riesgos,Calle 115 Revolución 42060 Pachuca De Soto Pachuca De Soto,Ambos,43200.0,0.0,0.0,Nivel 1,0.0,0.0,0.0,VERDADERO,,0.0,1.0,1.0,10.673618922112436,"(9.869, 11.514]",0,0,1.2120862014627916,1.6245897174547026,0.7812625096170339,-1.0973107648417608,0.023888627868291986,0.9966743555399127,1.0828390939090642,0.9966743555399127,0.9105096171707612,602.0,602.0,578.0,29.0,0.9966743555399127,-0.43082369184575764,24.0,Dominado por tiempo,Tiempo,0.7503940547476008,0.7794752640484426,0.9314425368947573,0.35774963506849783,0.18293853110111424,0.17116739925186739,0.14330354688063304,0.2977600207297401,0.3583687707006535,0.08316053661811687,0.3735209581933818,338.5,450.0,2.4940838327735273,0.9285714285714286,3.279351714464323,-0.509546359255332,0.18106257768309258,-0.6876167590336059,-0.3310191299741076,1.0940624385281792,0.3558480270647038,0.6553325481355352,0.21732142494414095,0.35410593035298166,-0.6481640977248081,0.36426972900090254,488.5,517.5,2
1169.0,Por la impartición de cursos de capacitación a personas físicas o morales del sector privado,Secretaría de Gobierno,Subsecretaría de Protección Civil y Gestión de Riesgos,Calle 115 Revolución 42060 Pachuca De Soto Pachuca De Soto,Ambos,43200.0,0.0,0.0,Nivel 1,0.0,0.0,0.0,VERDADERO,,0.0,1.0,1.0,10.673618922112436,"(9.869, 11.514]",0,0,1.2120862014627916,1.6245897174547026,0.7812625096170339,-1.0973107648417608,0.023888627868291986,0.9966743555399127,1.0828390939090642,0.9966743555399127,0.9105096171707612,602.0,602.0,578.0,29.0,0.9966743555399127,-0.43082369184575764,24.0,Dominado por tiempo,Tiempo,0.7503940547476008,0.7794752640484426,0.9314425368947573,0.35774963506849783,0.18293853110111424,0.17116739925186739,0.14330354688063304,0.2977600207297401,0.3583687707006535,0.08316053661811687,0.3735209581933818,338.5,450.0,2.4940838327735273,0.9285714285714286,3.279351714464323,-0.509546359255332,0.18106257768309258,-0.6876167590336059,-0.3310191299741076,1.0940624385281792,0.3558480270647038,0.6553325481355352,0.21732142494414095,0.35410593035298166,-0.6481640977248081,0.36426972900090254,488.5,517.5,2
1180.0,Atención Integral a personas adultas mayores de 60 años en el Centro Estatal de Atención Geriátrica Integral (CESAGI),Secretaría de Salud,Secretaría de Salud,Calle 707 Nueva Francisco I. Madero 42070 Pachuca De Soto Pachuca De Soto,Social,120.0,0.0,0.0,Nivel 1,9.0,2.0,81.81818182,VERDADERO,,0.0,1.0,1.0,4.795790545596741,"(3.29, 4.934]",0,0,-0.7243384622255696,1.754854912292604,0.8439068264813923,0.44337456196765934,0.24635094038122837,0.05978418212791131,-0.2538648756134811,0.05978418212791131,0.3734332398693036,218.5,216.5,213.5,35.0,0.05978418212791131,1.568245288706962,5.0,Dominado por rareza,Rareza,0.7503940547476008,0.7794752640484426,0.9314425368947573,0.35774963506849783,0.18293853110111424,0.17116739925186739,0.14330354688063304,0.2977600207297401,0.1709907360182532,0.029310524850630425,0.13929841484038152,89.0,117.5,1.5571936593615259,0.9285714285714286,2.3424615410523217,-0.35458316044960103,0.20356733827339799,-0.6876167590336059,-0.3310191299741076,-0.7298055505902847,0.3558480270647038,0.6553325481355352,-0.14745217287955184,0.35410593035298166,-0.6481640977248081,-0.0916972682787135,261.0,296.0,2
1181.0,Atención Integral a Mayores de 20 años con Enfermedades Crónico-Degenerativas (UNEME EC),Secretaría de Salud,Secretaría de Salud,Avenida 7 y 17 Colosio I 42086 Pachuca De Soto Pachuca De Soto,Social,2880.0,1.0,2.0,Nivel 1,1.0,0.0,100.0,FALSO,,3.0,0.0,1.0,7.9658927350845286,"(6.579, 8.224]",1,1,0.32003773811792385,1.3639886036055924,0.6559398647502834,-0.8069462283537766,0.06581488310993365,0.4879888014341036,0.4208083761076317,0.4879888014341036,0.5551692267605756,393.0,378.0,373.0,-7.0,0.4879888014341036,0.3359021266323596,20.0,Dominado por rareza,Rareza,1.157452788691043,0.8094275863317937,0.9314425368947573,1.2014696741078175,0.2821753605887091,0.1777447229249331,0.14330354688063304,1.0,0.4182424863656758,0.0716532930176266,0.2728031079570947,512.0,313.5,1.091212431828379,0.9285714285714286,1.8764803135191745,-1.0601983209758188,0.10109332909629021,-0.09737585293178269,-0.28986884486284525,0.10379130004268618,0.3558480270647038,-1.5236481744151193,-0.29025070902047145,0.4599200835136422,-0.24117425187463498,-0.3262957747955911,166.0,159.0,1
1203.0,Permiso de Libros de Control de Estupefacientes y Psicotrópicos,Secretaría de Salud,Secretaría de Salud,Cerrada 115 Cubitos 42090 Pachuca De Soto Pachuca De Soto,Ambos,7200.0,0.0,4.0,Nivel 1,89.0,0.0,100.0,FALSO,,4.0,0.0,1.0,8.881975184248867,"(8.224, 9.869]",2,0,0.6218370651655479,1.9459101490553135,0.9357849740192016,-0.25931869873693625,0.14488780248834904,0.7788110195923748,0.716021437821644,0.7788110195923748,0.8416006013631054,461.5,461.5,441.5,-45.0,0.7788110195923748,0.31394790885365365,20.0,Dominado por rareza,Rareza,1.9671875475025984,0.7794752640484426,0.9314425368947573,1.2014696741078175,0.4795805591257976,0.17116739925186739,0.14330354688063304,1.0,0.5145725049701346,0.095841833839963,0.3932156312126682,604.0,497.0,1.572862524850673,0.9285714285714286,2.358130406541468,-0.36415760565980465,0.20217687525442823,1.0767509692910755,-0.3310191299741076,0.6699423274268128,0.3558480270647038,-1.5236481744151193,0.04957480387867301,0.650747958377665,0.4928013558770408,-0.0012641160116405037,389.0,344.0,1
1207.0,Certificado de Calidad del Agua de Sistemas Públicos y Privados,Secretaría de Salud,Secretaría de Salud,Cerrada 115 Cubitos 42090 Pachuca De Soto Pachuca De Soto,Ambos,86400.0,0.0,2.0,Nivel 1,0.0,0.0,0.0,VERDADERO,,2.0,1.0,1.0,11.366754528799243,"(9.869, 11.514]",1,0,1.4404366734554037,1.6245897174547026,0.7812625096170339,-1.2589004738062273,0.0005564005088149505,1.1108495915362189,1.2426844243038928,1.1108495915362189,0.9790147587685449,625.5,625.5,608.5,34.0,1.1108495915362189,-0.6591741638383698,17.0,Dominado por tiempo,Tiempo,1.157452788691043,0.7794752640484426,0.9314425368947573,0.35774963506849783,0.2821753605887091,0.17116739925186739,0.14330354688063304,0.2977600207297401,0.4010511837974337,0.09358694872900111,0.4268739745643571,456.0,530.0,2.707495898257428,0.9285714285714286,3.4927637799482243,-0.14473595560608754,0.23404271011615704,-0.09737585293178269,-0.3310191299741076,1.3163302816472193,0.3558480270647038,0.6553325481355352,0.3798231747883136,0.4533427598405765,-0.26647241726980003,0.5152596098944145,552.0,586.0,2
1209.0,Titulación UPT,Secretaría de Educación Pública,Universidad Politécnica de Tulancingo,Calle 100 Huapalcalco 43629 Tulancingo De Bravo Tulancingo De Bravo,Social,25.0,0.0,6.0,Nivel 4.1,423.0,0.0,100.0,VERDADERO,,6.0,1.0,12.0,3.258096538021482,"(1.645, 3.29]",2,0,-1.230924978662722,1.8846665238145945,0.9063330158789191,0.9716572762924646,0.32263062724803554,-0.1622959813919015,-0.5897475803002297,-0.1622959813919015,0.2651556175164267,103.0,167.0,168.0,-30.0,-0.1622959813919015,2.137257994541641,65.0,Dominado por rareza,Rareza,1.9671875475025984,0.7794752640484426,3.6094152827596893,0.35774963506849783,0.4795805591257976,0.17116739925186739,0.5553128525877803,0.2977600207297401,0.2683049700606568,0.04939681099467902,0.260941207393386,198.0,294.0,2.043764829573544,0.1428571428571429,1.6313091198429066,1.9897277808461047,0.5440233748658889,1.0767509692910755,-0.3310191299741076,-1.1621346674459703,-2.8737156428835746,0.6553325481355352,-0.5269571845754084,0.650747958377665,0.4928013558770408,-0.7219291015792423,71.0,41.0,3
1213.0,Solicitud de Licencia Sanitaria para servicios urbanos de fumigación y control de plagas.,Secretaría de Salud,Secretaría de Salud,Cerrada 115 Cubitos 42090 Pachuca De Soto Pachuca De Soto,Ambos,86400.0,0.0,2.0,Nivel 1,6.0,3.0,66.66666667,VERDADERO,,2.0,1.0,1.0,11.366754528799243,"(9.869, 11.514]",1,0,1.4404366734554037,1.6245897174547026,0.7812625096170339,-1.2589004738062273,0.0005564005088149505,1.1108495915362189,1.2426844243038928,1.1108495915362189,0.9790147587685449,625.5,625.5,608.5,34.0,1.1108495915362189,-0.6591741638383698,17.0,Dominado por tiempo,Tiempo,1.157452788691043,0.7794752640484426,0.9314425368947573,0.35774963506849783,0.2821753605887091,0.17116739925186739,0.14330354688063304,0.2977600207297401,0.4010511837974337,0.09358694872900111,0.4268739745643571,456.0,530.0,2.707495898257428,0.9285714285714286,3.4927637799482243,-0.14473595560608754,0.23404271011615704,-0.09737585293178269,-0.3310191299741076,1.3163302816472193,0.3558480270647038,0.6553325481355352,0.3798231747883136,0.4533427598405765,-0.26647241726980003,0.5152596098944145,552.0,586.0,2
1235.0,Reinscripción UTHH,Secretaría de Educación Pública,Universidad Tecnológica de la Huasteca Hidalguense,Carretera s/n Tepoxteco 43000 Huejutla De Reyes Huejutla De Reyes,Social,20.0,2.0,3.0,,6704.0,0.0,100.0,VERDADERO,,5.0,1.0,0.0,3.044522437723423,"(1.645, 3.29]",1,2,-1.3012860250986122,1.8846665238145945,0.9063330158789191,1.0214474997012368,0.32981992674178046,-0.19747650460984656,-0.6390003128053527,-0.19747650460984656,0.24404730358565963,77.5,72.5,142.5,-70.0,-0.19747650460984656,2.2076190409775314,65.0,Dominado por rareza,Rareza,1.157452788691043,2.6931245508855346,1.157452788691043,0.35774963506849783,0.2821753605887091,0.5913916021429794,0.1780754940817648,0.2977600207297401,0.23038519458666937,0.03381924062997482,0.21354148805090167,131.0,171.0,1.8541659522036065,1.0,2.676090458121842,1.1874705158526144,0.427514372601772,-0.09737585293178269,2.2980662882233824,-1.2306214890164984,0.649444724332729,0.6553325481355352,0.45496924374867315,0.8735669627316884,1.349823498244361,0.35599482042403174,580.0,510.0,0
1251.0,Asesorías Complementarias Intersemestrales CONALEPH,Secretaría de Educación Pública,Colegio de Educación Profesional Técnica del Estado de Hidalgo,Calle S/N Industrial 42083 El Saucillo Mineral De La Reforma,Social,1440.0,1.0,1.0,Nivel 1,1391.0,0.0,100.0,VERDADERO,,2.0,1.0,1.0,7.273092595999522,"(6.579, 8.224]",0,1,0.09179778444881183,1.3639886036055924,0.6559398647502834,-0.6454347264697414,0.08913581800905887,0.3738688245995476,0.2610404085392533,0.3738688245995476,0.4866972406598419,301.0,292.0,287.0,13.0,0.3738688245995476,0.5641420803014716,14.0,Dominado por rareza,Rareza,0.7503940547476008,0.8094275863317937,0.9314425368947573,0.35774963506849783,0.18293853110111424,0.1777447229249331,0.14330354688063304,0.2977600207297401,0.23512312924719364,0.047576688718040015,0.219463906376557,144.0,204.0,1.877855625506228,0.9285714285714286,2.6631235071970236,-0.38741728277277754,0.1987989541165748,-0.6876167590336059,-0.28986884486284525,-0.11836896865719373,0.3558480270647038,0.6553325481355352,-0.01693479947068117,0.36068325402604734,-0.6228659323296433,0.06748641855335051,351.0,364.0,2
1252.0,Asesorías Complementarias Semestrales CONALEPH,Secretaría de Educación Pública,Colegio de Educación Profesional Técnica del Estado de Hidalgo,Calle S/N Chacón 42083 El Saucillo Mineral De La Reforma,Social,1440.0,1.0,1.0,Nivel 1,294.0,0.0,100.0,VERDADERO,,2.0,1.0,1.0,7.273092595999522,"(6.579, 8.224]",0,1,0.09179778444881183,1.3639886036055924,0.6559398647502834,-0.6454347264697414,0.08913581800905887,0.3738688245995476,0.2610404085392533,0.3738688245995476,0.4866972406598419,301.0,292.0,287.0,13.0,0.3738688245995476,0.5641420803014716,14.0,Dominado por rareza,Rareza,0.7503940547476008,0.8094275863317937,0.9314425368947573,0.35774963506849783,0.18293853110111424,0.1777447229249331,0.14330354688063304,0.2977600207297401,0.23512312924719364,0.047576688718040015,0.219463906376557,144.0,204.0,1.877855625506228,0.9285714285714286,2.6631235071970236,-0.38741728277277754,0.1987989541165748,-0.6876167590336059,-0.28986884486284525,-0.11836896865719373,0.3558480270647038,0.6553325481355352,-0.01693479947068117,0.36068325402604734,-0.6228659323296433,0.06748641855335051,351.0,364.0,2
1253.0,Cursos de capacitación,Secretaría de Educación Pública,Colegio de Educación Profesional Técnica del Estado de Hidalgo,Calle Lt 17 San Juan tilcuautla 42160 San Agustín Tlaxiaca San Agustín Tlaxiaca,Social,1440.0,0.0,0.0,Nivel 3.1,0.0,0.0,0.0,VERDADERO,,0.0,1.0,3.0,7.273092595999522,"(6.579, 8.224]",0,0,0.09179778444881183,1.3639886036055924,0.6559398647502834,-0.6454347264697414,0.08913581800905887,0.3738688245995476,0.2610404085392533,0.3738688245995476,0.4866972406598419,301.0,292.0,287.0,28.0,0.3738688245995476,0.5641420803014716,14.0,Dominado por rareza,Rareza,0.7503940547476008,0.7794752640484426,3.8607297110405954,0.35774963506849783,0.18293853110111424,0.17116739925186739,0.5939778775661291,0.2977600207297401,0.3239425306496797,0.07066299077232528,0.3304881581296646,282.0,382.0,2.3219526325186584,0.7857142857142857,2.513689040666815,-0.19551071457015376,0.22666887037018432,-0.6876167590336059,-0.3310191299741076,-0.11836896865719373,-0.231345367471347,0.6553325481355352,-0.1426035354001438,0.35410593035298166,-0.6481640977248081,-0.08563647142945341,269.0,297.0,2
1255.0,Reposición de Credencial de CONALEPH,Secretaría de Educación Pública,Colegio de Educación Profesional Técnica del Estado de Hidalgo,Calle 4.5 Parque Industrial CANACINTRA 42083 El Saucillo Mineral De La Reforma,Social,1440.0,1.0,1.0,Nivel 1,1601.0,0.0,100.0,VERDADERO,,2.0,1.0,1.0,7.273092595999522,"(6.579, 8.224]",0,1,0.09179778444881183,1.3639886036055924,0.6559398647502834,-0.6454347264697414,0.08913581800905887,0.3738688245995476,0.2610404085392533,0.3738688245995476,0.4866972406598419,301.0,292.0,287.0,13.0,0.3738688245995476,0.5641420803014716,14.0,Dominado por rareza,Rareza,0.7503940547476008,0.8094275863317937,0.9314425368947573,0.35774963506849783,0.18293853110111424,0.1777447229249331,0.14330354688063304,0.2977600207297401,0.23512312924719364,0.047576688718040015,0.219463906376557,144.0,204.0,1.877855625506228,0.9285714285714286,2.6631235071970236,-0.38741728277277754,0.1987989541165748,-0.6876167590336059,-0.28986884486284525,-0.11836896865719373,0.3558480270647038,0.6553325481355352,-0.01693479947068117,0.36068325402604734,-0.6228659323296433,0.06748641855335051,351.0,364.0,2
1256.0,Reposición de Certificado de terminación de estudios CONALEPH,Secretaría de Educación Pública,Colegio de Educación Profesional Técnica del Estado de Hidalgo,Calle 4.5 Parque Industrial CANACINTRA 42083 Pachuquilla Mineral De La Reforma,Social,1440.0,1.0,3.0,Nivel 1,9.0,0.0,100.0,VERDADERO,,4.0,1.0,1.0,7.273092595999522,"(6.579, 8.224]",1,1,0.09179778444881183,1.3639886036055924,0.6559398647502834,-0.6454347264697414,0.08913581800905887,0.3738688245995476,0.2610404085392533,0.3738688245995476,0.4866972406598419,301.0,292.0,287.0,10.0,0.3738688245995476,0.5641420803014716,14.0,Dominado por rareza,Rareza,1.157452788691043,0.8094275863317937,0.9314425368947573,0.35774963506849783,0.2821753605887091,0.1777447229249331,0.14330354688063304,0.2977600207297401,0.2549704951447126,0.0514406050568047,0.24427311374845573,181.5,270.5,1.977092454993823,0.9285714285714286,2.7623603366846186,-0.003722104475986078,0.25452165598238385,-0.09737585293178269,-0.28986884486284525,-0.11836896865719373,0.3558480270647038,0.6553325481355352,0.10111338174968347,0.4599200835136422,-0.24117425187463498,0.16290933866710255,412.5,422.5,2
1270.0,"Opinión favorable para actividades relacionadas con armas, municiones, pólvoras y explosivos, artificios y substancias químicas relacionadas con explosivos.",Secretaría de Gobierno,Secretaría de Gobierno,Ampliación S/N centro 42000 Pachuca De Soto Pachuca De Soto,Ambos,388800.0,1.0,5.0,Nivel 1,9.0,1.0,90.0,VERDADERO,,6.0,1.0,1.0,12.870822923581574,"(11.514, 13.159]",2,1,1.9359453798966035,3.003279479189374,1.444272137010033,0.19387714628664135,0.21032556187428658,1.6901087584533183,1.7884434070306323,1.6901087584533183,1.5917741098760043,661.0,661.0,661.0,11.0,1.6901087584533183,-0.49167324288657044,0.0,Dominado por tiempo,Tiempo,1.9671875475025984,0.8094275863317937,0.9314425368947573,0.35774963506849783,0.4795805591257976,0.1777447229249331,0.14330354688063304,0.2977600207297401,0.5576995216228844,0.13478088571988564,0.6226843968461705,626.0,651.0,3.490737587384682,0.9285714285714286,4.276005469075478,0.5418288106462642,0.33375009750442486,1.0767509692910755,-0.28986884486284525,2.4439888716567117,0.3558480270647038,0.6553325481355352,0.8484103142570362,0.6573252820507307,0.5180995212722059,0.9933172420322891,637.0,648.0,2
1295.0,Acuerdo de Actualización del Plan y Programa de Estudios,Secretaría de Educación Pública,Secretaría de Educación Pública,Circuito Lote 17 Ex Hacienda La Concepción 42186 San Agustín Tlaxiaca San Agustín Tlaxiaca,Empresarial,28800.0,1.0,4.0,Nivel 1,22.0,0.0,100.0,VERDADERO,,5.0,1.0,1.0,10.268165387743457,"(9.869, 11.514]",2,1,1.078511320803019,1.6245897174547026,0.7812625096170339,-1.0027879644182334,0.037536944238619675,0.9298869152100264,0.9893366774472234,0.9298869152100264,0.8704371529728294,577.0,576.0,534.0,15.0,0.9298869152100264,-0.2972488111859851,43.0,Dominado por tiempo,Tiempo,1.9671875475025984,0.8094275863317937,0.9314425368947573,0.35774963506849783,0.4795805591257976,0.1777447229249331,0.14330354688063304,0.2977600207297401,0.40565515297422605,0.09108531032980323,0.4326289360353476,475.0,542.0,2.73051574414139,0.9285714285714286,3.515783625832186,0.6675707726970963,0.3520111606079092,1.0767509692910755,-0.28986884486284525,0.9640456255123894,0.3558480270647038,0.6553325481355352,0.5524216650281717,0.6573252820507307,0.5180995212722059,0.6233314304962085,595.0,610.0,2
1300.0,Expedición de la Carta de Opinión de Pertinencia de Planes y Programas de Estudios de tipo Superior solicitada ante la COEPEES,Secretaría de Educación Pública,Secretaría de Educación Pública,Circuito Lote 17 Ex Hacienda La Concepción 42186 San Agustín Tlaxiaca San Agustín Tlaxiaca,Social,172800.0,1.0,3.0,Nivel 1,34.0,0.0,100.0,VERDADERO,,4.0,1.0,1.0,12.059895922372384,"(11.514, 13.159]",1,1,1.6687890519122244,3.003279479189374,1.444272137010033,0.3829273939621004,0.23762286557881412,1.5565305944611287,1.601433977441567,1.5565305944611287,1.5116272114806906,642.0,642.0,642.0,33.0,1.5565305944611287,-0.22451691490219128,0.0,Dominado por tiempo,Tiempo,1.157452788691043,0.8094275863317937,0.9314425368947573,0.35774963506849783,0.2821753605887091,0.1777447229249331,0.14330354688063304,0.2977600207297401,0.4915028491170288,0.11941692931695483,0.539938556213851,583.0,624.0,3.159754224855404,0.9285714285714286,3.9450221065461997,-0.19933633564628636,0.2261132888702469,-0.09737585293178269,-0.28986884486284525,2.183948853878199,0.3558480270647038,0.6553325481355352,0.561576946256762,0.4599200835136422,-0.24117425187463498,0.7384887943009507,597.0,630.0,2
1342.0,Programa de Atención Médica Contra Accidentes Para Escolares en el Hospital del Niño DIF Hidalgo,Organismos No Sectorizados,Sistema para el Desarrollo Integral de la Familia del Estado de Hidalgo,Boulevard S/N Venta Prieta 42083 Pachuca De Soto Pachuca De Soto,Social,1440.0,0.0,3.0,Nivel 1,1123.0,0.0,100.0,FALSO,,3.0,0.0,1.0,7.273092595999522,"(6.579, 8.224]",1,0,0.09179778444881183,1.3639886036055924,0.6559398647502834,-0.6454347264697414,0.08913581800905887,0.3738688245995476,0.2610404085392533,0.3738688245995476,0.4866972406598419,301.0,292.0,287.0,1.0,0.3738688245995476,0.5641420803014716,14.0,Dominado por rareza,Rareza,1.157452788691043,0.7794752640484426,0.9314425368947573,1.2014696741078175,0.2821753605887091,0.17116739925186739,0.14330354688063304,1.0,0.39410302626415145,0.06488057833265706,0.2426287828301893,444.5,265.5,0.9705151313207572,0.9285714285714286,1.7557830130115528,-1.0604386881868748,0.10105842141123811,-0.09737585293178269,-0.3310191299741076,-0.11836896865719373,0.3558480270647038,-1.5236481744151193,-0.34291281978269994,0.4533427598405765,-0.26647241726980003,-0.3881603833193523,144.5,145.5,1
1345.0,Becas ITESHU.,Secretaría de Educación Pública,Instituto Tecnológico Superior de Huichapan,Calle S/N El Saucillo 42411 El Saucillo Huichapan,Social,34560.0,2.0,1.0,Nivel 1,104.0,0.0,100.0,FALSO,,3.0,0.0,1.0,10.450481157684562,"(9.869, 11.514]",0,2,1.1385744480123523,1.6245897174547026,0.7812625096170339,-1.0452909781434074,0.0313998579968417,0.959918478814693,1.0313808664937567,0.959918478814693,0.8884560911356294,586.5,586.5,548.5,-75.0,0.959918478814693,-0.3573119383953184,38.0,Dominado por tiempo,Tiempo,0.7503940547476008,2.6931245508855346,0.9314425368947573,1.2014696741078175,0.18293853110111424,0.5913916021429794,0.14330354688063304,1.0,0.5755104317878839,0.10833505080864889,0.46938803973485493,630.0,575.0,1.8775521589394197,0.9285714285714286,2.6628200406302156,-0.319749021713373,0.20862617778284226,-0.6876167590336059,2.2980662882233824,1.0225088361171606,0.3558480270647038,-1.5236481744151193,0.2930316435913043,0.7743301332440936,0.968131817789353,0.20571012663902455,514.0,439.0,0
1347.0,Por la elaboración de constancia de seguridad por unidad de transporte de materiales peligrosos,Secretaría de Gobierno,Subsecretaría de Protección Civil y Gestión de Riesgos,Calle 115 Revolución 42060 Pachuca De Soto Pachuca De Soto,Ambos,43200.0,0.0,0.0,Nivel 1,0.0,0.0,0.0,VERDADERO,,0.0,1.0,1.0,10.673618922112436,"(9.869, 11.514]",0,0,1.2120862014627916,1.6245897174547026,0.7812625096170339,-1.0973107648417608,0.023888627868291986,0.9966743555399127,1.0828390939090642,0.9966743555399127,0.9105096171707612,602.0,602.0,578.0,29.0,0.9966743555399127,-0.43082369184575764,24.0,Dominado por tiempo,Tiempo,0.7503940547476008,0.7794752640484426,0.9314425368947573,0.35774963506849783,0.18293853110111424,0.17116739925186739,0.14330354688063304,0.2977600207297401,0.3583687707006535,0.08316053661811687,0.3735209581933818,338.5,450.0,2.4940838327735273,0.9285714285714286,3.279351714464323,-0.509546359255332,0.18106257768309258,-0.6876167590336059,-0.3310191299741076,1.0940624385281792,0.3558480270647038,0.6553325481355352,0.21732142494414095,0.35410593035298166,-0.6481640977248081,0.36426972900090254,488.5,517.5,2
1351.0,Inscripción a cursos de capacitación en línea del ICATHI,Secretaría de Trabajo y Previsión Social,Instituto de Capacitación para el Trabajo del Estado de Hidalgo,Calle Lote 17 San Juan Tilcuautla 42160 San Juan Tilcuautla San Agustín Tlaxiaca,Ambos,30.0,1.0,1.0,Nivel 1,6190.0,0.0,100.0,VERDADERO,,2.0,1.0,1.0,3.4339872044851463,"(3.29, 4.934]",0,1,-1.17297857348804,1.754854912292604,0.8439068264813923,0.7608498199607056,0.2921917612353043,-0.16453587350332388,-0.5679129534972103,-0.16453587350332388,0.23884120649056245,142.0,128.0,88.0,14.0,-0.16453587350332388,2.016885399969432,54.0,Dominado por rareza,Rareza,0.7503940547476008,0.8094275863317937,0.9314425368947573,0.35774963506849783,0.18293853110111424,0.1777447229249331,0.14330354688063304,0.2977600207297401,0.1274421896266193,0.01663058622779671,0.08486273185083912,33.5,39.5,1.3394509274033566,0.9285714285714286,2.1247188090941522,-0.2983642468484005,0.21173181345842684,-0.6876167590336059,-0.28986884486284525,-1.166495122531356,0.3558480270647038,0.6553325481355352,-0.22656003024551366,0.36068325402604734,-0.6228659323296433,-0.19454511991519008,216.5,230.5,2
1387.0,"Autenticación de título, diploma o grado académico",Secretaría de Educación Pública,Secretaría de Educación Pública,Circuito Lote 17 Ex Hacienda La Concepción 42160 San Agustín Tlaxiaca San Agustín Tlaxiaca,Empresarial,7200.0,1.0,12.0,Nivel 1,1913.0,0.0,100.0,VERDADERO,,13.0,1.0,1.0,8.881975184248867,"(8.224, 9.869]",4,1,0.6218370651655479,1.9459101490553135,0.9357849740192016,-0.25931869873693625,0.14488780248834904,0.7788110195923748,0.716021437821644,0.7788110195923748,0.8416006013631054,461.5,461.5,441.5,0.0,0.7788110195923748,0.31394790885365365,20.0,Dominado por rareza,Rareza,4.1018917678574836,0.8094275863317937,0.9314425368947573,0.35774963506849783,1.0,0.1777447229249331,0.14330354688063304,0.2977600207297401,0.4795238620255362,0.10266507524950101,0.5249648223494852,568.5,610.5,3.0998592893979406,0.9285714285714286,3.8851271710887367,2.704739649142605,0.6478620348784017,4.17210220048888,-0.28986884486284525,0.6699423274268128,0.3558480270647038,0.6553325481355352,1.1126712516506174,1.1777447229249332,2.519773415474571,1.0502240795254056,653.5,653.5,2
1388.0,"Diseño, tendido y corte de tela para el ensamble de prendas de vestir en el ICATHI",Secretaría de Trabajo y Previsión Social,Instituto de Capacitación para el Trabajo del Estado de Hidalgo,Calle s/n El Cerrito 42180 Pachuquilla Mineral De La Reforma,Ambos,60.0,0.0,1.0,Nivel 1,221120.0,0.0,100.0,VERDADERO,,1.0,1.0,1.0,4.110873864173311,"(3.29, 4.934]",0,0,-0.9499812454988917,1.754854912292604,0.8439068264813923,0.6030482046840534,0.2694065035049546,-0.05303720950874974,-0.41181482390480656,-0.05303720950874974,0.30574040488730697,199.5,194.5,194.5,22.0,-0.05303720950874974,1.7938880719802839,5.0,Dominado por rareza,Rareza,0.7503940547476008,0.7794752640484426,0.9314425368947573,0.35774963506849783,0.18293853110111424,0.17116739925186739,0.14330354688063304,0.2977600207297401,0.14842645769092103,0.022825844533050987,0.11109306693121625,66.0,78.5,1.444372267724865,0.9285714285714286,2.2296401494156606,-0.3359223139193611,0.2062773874128841,-0.6876167590336059,-0.3310191299741076,-0.9494378303744968,0.3558480270647038,0.6553325481355352,-0.19137862883639425,0.35410593035298166,-0.6481640977248081,-0.1466053382247665,231.0,253.0,2
1410.0,Atención médica.,Secretaría de Gobierno,Centro de Justicia Para Mujeres,Calle 118 San Carlos 42084 Pachuca De Soto Pachuca De Soto,Social,60.0,0.0,0.0,,0.0,0.0,0.0,FALSO,,0.0,0.0,0.0,4.110873864173311,"(3.29, 4.934]",0,0,-0.9499812454988917,1.754854912292604,0.8439068264813923,0.6030482046840534,0.2694065035049546,-0.05303720950874974,-0.41181482390480656,-0.05303720950874974,0.30574040488730697,199.5,194.5,194.5,5.0,-0.05303720950874974,1.7938880719802839,5.0,Dominado por rareza,Rareza,0.7503940547476008,0.7794752640484426,1.157452788691043,1.2014696741078175,0.18293853110111424,0.17116739925186739,0.1780754940817648,1.0,0.29582884298519935,0.03827690975449069,0.11978605373149918,231.5,96.5,0.47914421492599674,1.0,1.301068720844232,-1.4790341807810639,0.04026726959187599,-0.6876167590336059,-0.3310191299741076,-0.9494378303744968,0.649444724332729,-1.5236481744151193,-0.5684554338929202,0.35410593035298166,-0.6481640977248081,-0.6179513445454239,63.5,68.5,1
1417.0,Admisión UTHH,Secretaría de Educación Pública,Universidad Tecnológica de la Huasteca Hidalguense,Carretera s/n Tepoxteco 43000 Huejutla De Reyes Huejutla De Reyes,Social,1460.0,1.0,3.0,,1467.0,0.0,100.0,VERDADERO,,4.0,1.0,0.0,7.2868764117507,"(6.579, 8.224]",1,1,0.09633880182301069,1.3639886036055924,0.6559398647502834,-0.6486481276486237,0.08867182926012573,0.37613933328664706,0.2642191207011925,0.37613933328664706,0.48805954587210154,373.0,364.0,359.0,9.0,0.37613933328664706,0.5596010629272727,14.0,Dominado por rareza,Rareza,1.157452788691043,0.8094275863317937,1.157452788691043,0.35774963506849783,0.2821753605887091,0.1777447229249331,0.1780754940817648,0.2977600207297401,0.26237898632235884,0.053368804873826205,0.2535337277205135,194.0,291.0,2.014134910882054,1.0,2.836059416800289,-0.10960893545522023,0.2391440837638264,-0.09737585293178269,-0.28986884486284525,-0.1139489115032855,0.649444724332729,0.6553325481355352,0.16071673263407016,0.4599200835136422,-0.24117425187463498,0.23741352727258594,453.0,462.0,2
1418.0,Cancelación de Hipoteca y Reserva de Dominio,Secretaría de Infraestructura Pública y Desarrollo Urbano Sostenible,Comisión Estatal de Vivienda,Boulevard 117 El Palmar I 42088 Pachuca De Soto Pachuca De Soto,Social,30.0,1.0,4.0,,18.0,0.0,100.0,VERDADERO,,5.0,1.0,0.0,3.4339872044851463,"(3.29, 4.934]",2,1,-1.17297857348804,1.754854912292604,0.8439068264813923,0.7608498199607056,0.2921917612353043,-0.16453587350332388,-0.5679129534972103,-0.16453587350332388,0.23884120649056245,142.0,128.0,88.0,-43.0,-0.16453587350332388,2.016885399969432,54.0,Dominado por rareza,Rareza,1.9671875475025984,0.8094275863317937,1.157452788691043,0.35774963506849783,0.4795805591257976,0.1777447229249331,0.1780754940817648,0.2977600207297401,0.19372498467178234,0.02997843021289614,0.1677162256572929,111.0,145.0,1.6708649026291718,1.0,2.4927894085474067,0.743078844020081,0.36297693235794765,1.0767509692910755,-0.28986884486284525,-1.166495122531356,0.649444724332729,0.6553325481355352,0.1850328548730277,0.6573252820507307,0.5180995212722059,0.16409541780227854,469.0,426.0,2
1419.0,"Representación Legal a Trabajadores, Sindicatos y Beneficiarios",Secretaría de Trabajo y Previsión Social,Secretaría de Trabajo y Previsión Social,Carretera 1955 CANACINTRA 0 La Reforma (CANACINTRA) [Parque Industrial] Mineral De La Reforma,Social,259200.0,0.0,1.0,Nivel 1,0.0,0.0,0.0,FALSO,,1.0,0.0,1.0,12.465359101477507,"(11.514, 13.159]",0,0,1.8023671099878293,3.003279479189374,1.444272137010033,0.28840234507508133,0.22397422454881763,1.623319623498931,1.6949386180944903,1.623319623498931,1.551700628903372,652.0,652.0,652.0,25.0,1.623319623498931,-0.35809497297779624,0.0,Dominado por tiempo,Tiempo,0.7503940547476008,0.7794752640484426,0.9314425368947573,1.2014696741078175,0.18293853110111424,0.17116739925186739,0.14330354688063304,1.0,0.6241458201465091,0.13283184602831727,0.5301822751831364,645.5,617.5,2.1207291007325457,0.9285714285714286,2.9059969824233414,-1.6507951145600508,0.015323033003747114,-0.6876167590336059,-0.3310191299741076,2.313968759672197,0.3558480270647038,-1.5236481744151193,0.025506544662813636,0.35410593035298166,-0.6481640977248081,0.12450112864924334,358.5,383.5,1
1428.0,Denuncia y/o queja a posibles violaciones o incumplimientos a las norma de trabajo,Secretaría de Trabajo y Previsión Social,Secretaría de Trabajo y Previsión Social,Carretera 1955 CANACINTRA 0 La Reforma (CANACINTRA) [Parque Industrial] Mineral De La Reforma,Social,21600.0,0.0,0.0,Nivel 1,0.0,0.0,0.0,FALSO,,0.0,0.0,1.0,9.980494888896912,"(9.869, 11.514]",0,0,0.9837395422993063,1.6245897174547026,0.7812625096170339,-0.9357237539840406,0.04722046564330571,0.88250102595817,0.9229964324946245,0.88250102595817,0.8420056194217156,536.0,522.0,487.0,12.0,0.88250102595817,-0.20247703268227235,49.0,Dominado por tiempo,Tiempo,0.7503940547476008,0.7794752640484426,0.9314425368947573,1.2014696741078175,0.18293853110111424,0.17116739925186739,0.14330354688063304,1.0,0.475982100638357,0.09025151876342703,0.3449776257979462,561.0,404.0,1.3799105031917849,0.9285714285714286,2.16517838488258,-1.5282624817418302,0.0331180165051581,-0.6876167590336059,-0.3310191299741076,0.871798306674979,0.3558480270647038,-1.5236481744151193,-0.26292754593663,0.35410593035298166,-0.6481640977248081,-0.23604148460006114,190.0,202.0,1
1430.0,Emisión de estado de cuenta,Secretaría de Infraestructura Pública y Desarrollo Urbano Sostenible,Comisión Estatal de Vivienda,Boulevard 117 El Palmar I 42088 Pachuca De Soto Pachuca De Soto,Social,30.0,1.0,2.0,Nivel 1,117.0,30.0,79.59183673,VERDADERO,,3.0,1.0,1.0,3.4339872044851463,"(3.29, 4.934]",1,1,-1.17297857348804,1.754854912292604,0.8439068264813923,0.7608498199607056,0.2921917612353043,-0.16453587350332388,-0.5679129534972103,-0.16453587350332388,0.23884120649056245,142.0,128.0,88.0,9.0,-0.16453587350332388,2.016885399969432,54.0,Dominado por rareza,Rareza,1.157452788691043,0.8094275863317937,0.9314425368947573,0.35774963506849783,0.2821753605887091,0.1777447229249331,0.14330354688063304,0.2977600207297401,0.1472895555241383,0.02049450256656139,0.10967193922273785,60.0,70.0,1.4386877568909515,0.9285714285714286,2.223955638581747,0.08533093144839103,0.26745451532423586,-0.09737585293178269,-0.28986884486284525,-1.166495122531356,0.3558480270647038,0.6553325481355352,-0.10851184902514902,0.4599200835136422,-0.24117425187463498,-0.099122199801438,283.0,292.0,2
1435.0,Reestructuración de crédito,Secretaría de Infraestructura Pública y Desarrollo Urbano Sostenible,Comisión Estatal de Vivienda,Boulevard 117 El Palmar I 42088 Pachuca De Soto Pachuca De Soto,Social,45.0,1.0,1.0,,20.0,0.0,100.0,FALSO,,2.0,0.0,0.0,3.828641396489095,"(3.29, 4.934]",0,1,-1.04296148859359,1.754854912292604,0.8439068264813923,0.6688446547198725,0.27890697071614184,-0.0995273310560989,-0.4769009940710954,-0.0995273310560989,0.27784633195889746,182.5,177.5,177.5,0.0,-0.0995273310560989,1.8868683150749823,5.0,Dominado por rareza,Rareza,0.7503940547476008,0.8094275863317937,1.157452788691043,1.2014696741078175,0.18293853110111424,0.1777447229249331,0.1780754940817648,1.0,0.28784628341034263,0.03581817348257271,0.1098078542629283,215.0,72.0,0.4392314170517132,1.0,1.2611559229699485,-1.452228635161612,0.04416014474744462,-0.6876167590336059,-0.28986884486284525,-1.0399413353815337,0.649444724332729,-1.5236481744151193,-0.578326077872075,0.36068325402604734,-0.6228659323296433,-0.6342526794483918,61.0,61.0,1
1439.0,Constancia de Viabilidad,Secretaría de Infraestructura Pública y Desarrollo Urbano Sostenible,Secretaría de Infraestructura Pública y Desarrollo Urbano Sostenible,Boulevard km. 93.5 Venta Prieta 42080 Pachuca De Soto Pachuca De Soto,Ambos,30.0,2.0,7.0,Nivel 1,17.0,2.0,89.47368421,VERDADERO,,9.0,1.0,1.0,3.4339872044851463,"(3.29, 4.934]",3,2,-1.17297857348804,1.754854912292604,0.8439068264813923,0.7608498199607056,0.2921917612353043,-0.16453587350332388,-0.5679129534972103,-0.16453587350332388,0.23884120649056245,142.0,128.0,88.0,-15.0,-0.16453587350332388,2.016885399969432,54.0,Dominado por rareza,Rareza,2.8622008809294686,2.6931245508855346,0.9314425368947573,0.35774963506849783,0.6977758173332946,0.5913916021429794,0.14330354688063304,0.2977600207297401,0.31313902271666466,0.050096835420157595,0.31698377321339577,265.5,362.5,2.267935092853583,0.9285714285714286,3.053202974544379,2.8944356836893377,0.6754109231002847,2.3745329276275564,2.2980662882233824,-1.166495122531356,0.3558480270647038,0.6553325481355352,0.9034569337039644,1.2891674194762741,2.9483352357897408,0.6982551721146559,639.5,624.5,0
1452.0,Atención de trabajo social,Secretaría de Gobierno,Centro de Justicia Para Mujeres,Calle 118 San Carlos 42084 Pachuca De Soto Pachuca De Soto,Social,50.0,0.0,0.0,,0.0,0.0,0.0,FALSO,,0.0,0.0,0.0,3.9318256327243257,"(3.29, 4.934]",0,0,-1.008967896547238,1.754854912292604,0.8439068264813923,0.6447894618512345,0.2754335983536076,-0.08253053503292285,-0.45310547963864883,-0.08253053503292285,0.2880444095728031,187.5,182.5,182.5,6.0,-0.08253053503292285,1.8528747230286302,5.0,Dominado por rareza,Rareza,0.7503940547476008,0.7794752640484426,1.157452788691043,1.2014696741078175,0.18293853110111424,0.17116739925186739,0.1780754940817648,1.0,0.28993017788036474,0.03658171006982007,0.11241272235045591,220.0,83.0,0.44965088940182363,1.0,1.2715753953200588,-1.4741559355007232,0.040975720004496105,-0.6876167590336059,-0.3310191299741076,-1.0068532391841425,0.649444724332729,-1.5236481744151193,-0.5799385156548492,0.35410593035298166,-0.6481640977248081,-0.6323051967478353,58.0,64.0,1
1455.0,Prestación de servicios de Marketing Deportivo del Instituto Hidalguense del Deporte,Secretaría de Educación Pública,Instituto Hidalguense del Deporte,Calle #104 Carlos Rovirosa 42082 Pachuca De Soto Pachuca De Soto,Ambos,15.0,1.0,0.0,Nivel 1,13.0,0.0,100.0,VERDADERO,,1.0,1.0,1.0,2.772588722239781,"(1.645, 3.29]",0,1,-1.390873389652303,1.8846665238145945,0.9063330158789191,1.0848430164207854,0.3389737188932182,-0.24227018688669189,-0.7017114679929362,-0.24227018688669189,0.21717109421955244,44.5,41.5,41.5,12.0,-0.24227018688669189,2.297206405531222,3.0,Dominado por rareza,Rareza,0.7503940547476008,0.8094275863317937,0.9314425368947573,0.35774963506849783,0.18293853110111424,0.1777447229249331,0.14330354688063304,0.2977600207297401,0.11189532694994572,0.01216261996107076,0.06542915350499712,11.0,12.5,1.2617166140199885,0.9285714285714286,2.046984495710784,-0.2855068616385797,0.21359904631238397,-0.6876167590336059,-0.28986884486284525,-1.317822492440359,0.3558480270647038,0.6553325481355352,-0.2568255042273142,0.36068325402604734,-0.6228659323296433,-0.23237696239244082,191.0,203.0,2
1478.0,Albergue Revolución,Organismos No Sectorizados,Sistema para el Desarrollo Integral de la Familia del Estado de Hidalgo,Calle s/n Periodistas (en el segundo piso del Mercado Revolución) 42060 Pachuca De Soto Pachuca De Soto,Social,1440.0,0.0,0.0,,2743.0,0.0,100.0,FALSO,,0.0,0.0,0.0,7.273092595999522,"(6.579, 8.224]",0,0,0.09179778444881183,1.3639886036055924,0.6559398647502834,-0.6454347264697414,0.08913581800905887,0.3738688245995476,0.2610404085392533,0.3738688245995476,0.4866972406598419,301.0,292.0,287.0,11.0,0.3738688245995476,0.5641420803014716,14.0,Dominado por rareza,Rareza,0.7503940547476008,0.7794752640484426,1.157452788691043,1.2014696741078175,0.18293853110111424,0.17116739925186739,0.1780754940817648,1.0,0.3812100498068588,0.06281435887365583,0.22651256225857352,416.0,234.0,0.9060502490342941,1.0,1.7279747549525293,-1.5496451515354752,0.030012686541682033,-0.6876167590336059,-0.3310191299741076,-0.11836896865719373,0.649444724332729,-1.5236481744151193,-0.40224166154945956,0.35410593035298166,-0.6481640977248081,-0.41018412911609803,117.0,128.0,1
1489.0,Autorización de cambio de titular del Centro de Verificación Vehicular,Secretaría de Medio Ambiente y Recursos Naturales,Secretaría de Medio Ambiente y Recursos Naturales,Calle 100 Adolfo López Mateos 42094 Pachuca De Soto Pachuca De Soto,Social,43200.0,2.0,0.0,,5.0,3.0,62.5,VERDADERO,,2.0,1.0,0.0,10.673618922112436,"(9.869, 11.514]",0,2,1.2120862014627916,1.6245897174547026,0.7812625096170339,-1.0973107648417608,0.023888627868291986,0.9966743555399127,1.0828390939090642,0.9966743555399127,0.9105096171707612,602.0,602.0,578.0,13.0,0.9966743555399127,-0.43082369184575764,24.0,Dominado por tiempo,Tiempo,0.7503940547476008,2.6931245508855346,1.157452788691043,0.35774963506849783,0.18293853110111424,0.5913916021429794,0.1780754940817648,0.2977600207297401,0.4493680007191022,0.09859201159579582,0.4872699957164428,534.0,587.0,2.949079982865771,1.0,3.771004488784006,0.6062607916710029,0.343107327598382,-0.6876167590336059,2.2980662882233824,1.0940624385281792,0.649444724332729,0.6553325481355352,0.801857848037244,0.7743301332440936,0.968131817789353,0.8417428821964491,629.0,642.0,0
1496.0,Permiso de Publicidad Modalidad A Productos y Servicios,Secretaría de Salud,Secretaría de Salud,Cerrada 115 Cubitos 42090 Pachuca De Soto Pachuca De Soto,Ambos,21600.0,1.0,4.0,Nivel 1,10.0,0.0,100.0,VERDADERO,,5.0,1.0,1.0,9.980494888896912,"(9.869, 11.514]",2,1,0.9837395422993063,1.6245897174547026,0.7812625096170339,-0.9357237539840406,0.04722046564330571,0.88250102595817,0.9229964324946245,0.88250102595817,0.8420056194217156,536.0,522.0,487.0,14.0,0.88250102595817,-0.20247703268227235,49.0,Dominado por tiempo,Tiempo,1.9671875475025984,0.8094275863317937,0.9314425368947573,0.35774963506849783,0.4795805591257976,0.1777447229249331,0.14330354688063304,0.2977600207297401,0.3961779751238548,0.08836169259291066,0.4207824637223835,451.0,520.5,2.6831298548895335,0.9285714285714286,3.4683977365803296,0.6754084778893491,0.3531494029795717,1.0767509692910755,-0.28986884486284525,0.871798306674979,0.3558480270647038,0.6553325481355352,0.5339722012606897,0.6573252820507307,0.5180995212722059,0.600269600786856,592.0,606.0,2
1500.0,Solicitud de Visita de Verificación de materia prima y medicamentos que sean o contengan estupefacientes o psicotrópicos Modalidad A. Balance,Secretaría de Salud,Secretaría de Salud,Cerrada 115 Cubitos 42090 Pachuca De Soto Pachuca De Soto,Ambos,43200.0,0.0,1.0,Nivel 1,2.0,0.0,100.0,FALSO,,1.0,0.0,1.0,10.673618922112436,"(9.869, 11.514]",0,0,1.2120862014627916,1.6245897174547026,0.7812625096170339,-1.0973107648417608,0.023888627868291986,0.9966743555399127,1.0828390939090642,0.9966743555399127,0.9105096171707612,602.0,602.0,578.0,15.0,0.9966743555399127,-0.43082369184575764,24.0,Dominado por tiempo,Tiempo,0.7503940547476008,0.7794752640484426,0.9314425368947573,1.2014696741078175,0.18293853110111424,0.17116739925186739,0.14330354688063304,1.0,0.49881676655470547,0.09681390495979311,0.3735209581933818,593.0,450.0,1.4940838327735273,0.9285714285714286,2.279351714464323,-1.5471469410652257,0.030375492865831567,-0.6876167590336059,-0.3310191299741076,1.0940624385281792,0.3558480270647038,-1.5236481744151193,-0.21847471956598996,0.35410593035298166,-0.6481640977248081,-0.1804754516367611,222.0,237.0,1
1502.0,"Reportes, Quejas y Sugerencias del Servicio Tuzobús",Secretaría de Movilidad y Transporte,Sistema de Transporte Masivo de Hidalgo,Boulevard S/N Venta Prieta 42083 Pachuca De Soto Pachuca De Soto,Social,21600.0,1.0,2.0,Nivel 2,1150.0,0.0,100.0,FALSO,,3.0,0.0,2.0,9.980494888896912,"(9.869, 11.514]",1,1,0.9837395422993063,1.6245897174547026,0.7812625096170339,-0.9357237539840406,0.04722046564330571,0.88250102595817,0.9229964324946245,0.88250102595817,0.8420056194217156,536.0,522.0,487.0,-9.0,0.88250102595817,-0.20247703268227235,49.0,Dominado por tiempo,Tiempo,1.157452788691043,0.8094275863317937,2.2512917986064953,1.2014696741078175,0.2821753605887091,0.1777447229249331,0.3463639323142087,1.0,0.5377570083572042,0.1048269774010708,0.42219626044650527,613.0,522.0,1.688785041786021,0.8571428571428572,2.1995639666146696,-1.0199400164922343,0.10693990112859895,-0.09737585293178269,-0.28986884486284525,0.871798306674979,0.06225132979667862,-1.5236481744151193,-0.19536864714761792,0.4599200835136422,-0.24117425187463498,-0.20769319745452416,227.0,218.0,1
1506.0,Expedición de Tarjetón para Personas Conductoras del Tuzobús,Secretaría de Movilidad y Transporte,Sistema de Transporte Masivo de Hidalgo,"Calle Km 1 Blvd. Camino a Téllez Km. 1, Jagüey de Téllez, Zempoala, Hidalgo, C.P. 43840 43840 Zempoala Zempoala",Social,1440.0,2.0,13.0,Nivel 1,106.0,0.0,100.0,VERDADERO,,15.0,1.0,1.0,7.273092595999522,"(6.579, 8.224]",4,2,0.09179778444881183,1.3639886036055924,0.6559398647502834,-0.6454347264697414,0.08913581800905887,0.3738688245995476,0.2610404085392533,0.3738688245995476,0.4866972406598419,301.0,292.0,287.0,0.0,0.3738688245995476,0.5641420803014716,14.0,Dominado por rareza,Rareza,4.1018917678574836,2.6931245508855346,0.9314425368947573,0.35774963506849783,1.0,0.5913916021429794,0.14330354688063304,0.2977600207297401,0.48126479887058,0.09281043354085794,0.52714099340579,573.0,614.0,3.10856397362316,0.9285714285714286,3.8938318553139553,3.973920198316183,0.8321806642378222,4.17210220048888,2.2980662882233824,-0.11836896865719373,0.3558480270647038,0.6553325481355352,1.4725960190510616,1.5913916021429793,4.110771165593567,1.250895693034153,663.0,663.0,0
1507.0,Renovación del Tarjetón para Personas Conductoras del Tuzobús,Secretaría de Movilidad y Transporte,Sistema de Transporte Masivo de Hidalgo,Calle Km 1 Jaguey de Téllez 43840 Zempoala Zempoala,Social,1440.0,1.0,9.0,Nivel 1,43.0,0.0,100.0,VERDADERO,,10.0,1.0,1.0,7.273092595999522,"(6.579, 8.224]",3,1,0.09179778444881183,1.3639886036055924,0.6559398647502834,-0.6454347264697414,0.08913581800905887,0.3738688245995476,0.2610404085392533,0.3738688245995476,0.4866972406598419,301.0,292.0,287.0,-10.0,0.3738688245995476,0.5641420803014716,14.0,Dominado por rareza,Rareza,2.8622008809294686,0.8094275863317937,0.9314425368947573,0.35774963506849783,0.6977758173332946,0.1777447229249331,0.14330354688063304,0.2977600207297401,0.3380905864936297,0.06762255487830929,0.3481732279346021,307.0,413.0,2.3926929117384086,0.9285714285714286,3.177960793429204,1.6031802136878108,0.4878864305932808,2.3745329276275564,-0.28986884486284525,-0.11836896865719373,0.3558480270647038,0.6553325481355352,0.5954951378615513,0.8755205402582278,1.3573374856707445,0.5625372730534475,605.0,595.0,2
1509.0,Centro de Expresión Juvenil,Organismos No Sectorizados,Sistema para el Desarrollo Integral de la Familia del Estado de Hidalgo,Avenida s/n Periodistas 42060 Pachuca De Soto Pachuca De Soto,Social,11520.0,0.0,0.0,,4558.0,0.0,100.0,FALSO,,0.0,0.0,0.0,9.351926736038054,"(8.224, 9.869]",0,0,0.7766605335163969,1.9459101490553135,0.9357849740192016,-0.36887782937228863,0.12906836348030673,0.8562227537677992,0.8243978656672382,0.8562227537677992,0.88804764186836,482.0,482.0,546.0,17.0,0.8562227537677992,0.15912444050280472,64.0,Sensible,Mixto,0.7503940547476008,0.7794752640484426,1.157452788691043,1.2014696741078175,0.18293853110111424,0.17116739925186739,0.1780754940817648,1.0,0.4776808356405091,0.09053880886677275,0.3471010445506364,564.0,409.0,1.3884041782025456,1.0,2.210328684120781,-1.6294272967021908,0.01842620607280103,-0.6876167590336059,-0.3310191299741076,0.8206417241666868,0.649444724332729,-1.5236481744151193,-0.21443952298468338,0.35410593035298166,-0.6481640977248081,-0.1754314559101279,223.0,240.0,1
1521.0,Inscripción 1er Semestre Bachillerato del Estado de Hidalgo,Secretaría de Educación Pública,Bachillerato del Estado de Hidalgo,Calle Lote 17 San Juan Tilcuautla 42160 San Juan Tilcuautla San Agustín Tlaxiaca,Social,30.0,0.0,5.0,Nivel 1,2211.0,0.0,100.0,VERDADERO,,5.0,1.0,1.0,3.4339872044851463,"(3.29, 4.934]",2,0,-1.17297857348804,1.754854912292604,0.8439068264813923,0.7608498199607056,0.2921917612353043,-0.16453587350332388,-0.5679129534972103,-0.16453587350332388,0.23884120649056245,142.0,128.0,88.0,-51.0,-0.16453587350332388,2.016885399969432,54.0,Dominado por rareza,Rareza,1.9671875475025984,0.7794752640484426,0.9314425368947573,0.35774963506849783,0.4795805591257976,0.17116739925186739,0.14330354688063304,0.2977600207297401,0.18545513049694287,0.027967338267308788,0.15737890793874354,99.5,132.5,1.6295156317549742,0.9285714285714286,2.41478351344577,0.8294741271708952,0.37552381560781006,1.0767509692910755,-0.3310191299741076,-1.166495122531356,0.3558480270647038,0.6553325481355352,0.11808345839717016,0.650747958377665,0.4928013558770408,0.08437170213648094,424.5,373.5,2
1528.0,Readmision UPH,Secretaría de Educación Pública,Universidad Politécnica de Huejutla,Calle s/n tepoxtequito 43000 Huejutla De Reyes Huejutla De Reyes,Social,30.0,1.0,1.0,Nivel 2,15.0,0.0,100.0,VERDADERO,,2.0,1.0,2.0,3.4339872044851463,"(3.29, 4.934]",0,1,-1.17297857348804,1.754854912292604,0.8439068264813923,0.7608498199607056,0.2921917612353043,-0.16453587350332388,-0.5679129534972103,-0.16453587350332388,0.23884120649056245,142.0,128.0,88.0,16.0,-0.16453587350332388,2.016885399969432,54.0,Dominado por rareza,Rareza,0.7503940547476008,0.8094275863317937,2.2512917986064953,0.35774963506849783,0.18293853110111424,0.1777447229249331,0.3463639323142087,0.2977600207297401,0.16805426671333445,0.0271287334608519,0.13562782820923305,86.5,112.5,1.542511312836932,0.8571428571428572,2.053290237665581,-0.192852961796591,0.22705484646217397,-0.6876167590336059,-0.28986884486284525,-1.166495122531356,0.06225132979667862,0.6553325481355352,-0.28527936969911866,0.36068325402604734,-0.6228659323296433,-0.26794429423219635,172.5,188.5,2
1530.0,Examen de Recuperación UPH,Secretaría de Educación Pública,Universidad Politécnica de Huejutla,Calle s/n tepoxtequito 43000 Huejutla De Reyes Huejutla De Reyes,Social,30.0,0.0,1.0,,200.0,0.0,100.0,VERDADERO,,1.0,1.0,0.0,3.4339872044851463,"(3.29, 4.934]",0,0,-1.17297857348804,1.754854912292604,0.8439068264813923,0.7608498199607056,0.2921917612353043,-0.16453587350332388,-0.5679129534972103,-0.16453587350332388,0.23884120649056245,142.0,128.0,88.0,26.0,-0.16453587350332388,2.016885399969432,54.0,Dominado por rareza,Rareza,0.7503940547476008,0.7794752640484426,1.157452788691043,0.35774963506849783,0.18293853110111424,0.17116739925186739,0.1780754940817648,0.2977600207297401,0.13308111433223252,0.018214888041736266,0.09191138773285565,42.0,48.5,1.3676455509314227,1.0,2.189570056849658,-0.42299153380120474,0.19363263070079506,-0.6876167590336059,-0.3310191299741076,-1.166495122531356,0.649444724332729,0.6553325481355352,-0.17607074781416104,0.35410593035298166,-0.6481640977248081,-0.127470486946975,237.0,263.0,2
1532.0,Bitácora de Operación de Equipos y Procesos Generadores de Emisiones a la Atmósfera,Secretaría de Medio Ambiente y Recursos Naturales,Secretaría de Medio Ambiente y Recursos Naturales,Calle 100 Adolfo López Mateos 42094 Pachuca De Soto Pachuca De Soto,Social,43200.0,0.0,2.0,,10.0,9.0,52.63157895,VERDADERO,,2.0,1.0,0.0,10.673618922112436,"(9.869, 11.514]",1,0,1.2120862014627916,1.6245897174547026,0.7812625096170339,-1.0973107648417608,0.023888627868291986,0.9966743555399127,1.0828390939090642,0.9966743555399127,0.9105096171707612,602.0,602.0,578.0,30.0,0.9966743555399127,-0.43082369184575764,24.0,Dominado por tiempo,Tiempo,1.157452788691043,0.7794752640484426,1.157452788691043,0.35774963506849783,0.2821753605887091,0.17116739925186739,0.1780754940817648,0.2977600207297401,0.38517052603839885,0.088822149836645,0.4070231523655635,429.0,503.0,2.628092609462254,1.0,3.450017115380489,-0.23136246601035002,0.2214622465451545,-0.09737585293178269,-0.3310191299741076,1.0940624385281792,0.649444724332729,0.6553325481355352,0.39408894561811064,0.4533427598405765,-0.26647241726980003,0.5330918234316608,560.0,590.0,2
1536.0,Autorización en materia de impacto ambiental del transporte de residuos de manejo especial generados en procesos industriales y de servicios.,Secretaría de Medio Ambiente y Recursos Naturales,Secretaría de Medio Ambiente y Recursos Naturales,Calle 100 Adolfo López Mateos 42094 Pachuca De Soto Pachuca De Soto,Ambos,86400.0,1.0,7.0,Nivel 2,200.0,100.0,66.66666667,VERDADERO,,8.0,1.0,2.0,11.366754528799243,"(9.869, 11.514]",3,1,1.4404366734554037,1.6245897174547026,0.7812625096170339,-1.2589004738062273,0.0005564005088149505,1.1108495915362189,1.2426844243038928,1.1108495915362189,0.9790147587685449,625.5,625.5,608.5,8.0,1.1108495915362189,-0.6591741638383698,17.0,Dominado por tiempo,Tiempo,2.8622008809294686,0.8094275863317937,2.2512917986064953,0.35774963506849783,0.6977758173332946,0.1777447229249331,0.3463639323142087,0.2977600207297401,0.5260988169676791,0.12048044084938478,0.5831835160271639,608.0,642.0,3.3327340641086556,0.8571428571428572,3.843512988937304,1.586793649510514,0.4855066674846859,2.3745329276275564,-0.28986884486284525,1.3163302816472193,0.06225132979667862,0.6553325481355352,0.8237156484688288,0.8755205402582278,1.3573374856707445,0.8478129113125444,635.0,643.0,2
1540.0,Inscripción de registro de perito valuador (Catastral),Secretaría de Hacienda,Instituto Catastral,Calle 105 Real de Minas 42090 Pachuca De Soto Pachuca De Soto,,172800.0,2.0,2.0,Nivel 1,0.0,0.0,0.0,VERDADERO,,4.0,1.0,1.0,12.059895922372384,"(11.514, 13.159]",1,2,1.6687890519122244,3.003279479189374,1.444272137010033,0.3829273939621004,0.23762286557881412,1.5565305944611287,1.601433977441567,1.5565305944611287,1.5116272114806906,642.0,642.0,642.0,8.0,1.5565305944611287,-0.22451691490219128,0.0,Dominado por tiempo,Tiempo,1.157452788691043,2.6931245508855346,0.9314425368947573,0.35774963506849783,0.2821753605887091,0.5913916021429794,0.14330354688063304,0.2977600207297401,0.5742322249606381,0.13283731234904644,0.6433502760183625,629.0,654.0,3.57340110407345,0.9285714285714286,4.358668985764246,1.0028660984308628,0.4007049220353987,-0.09737585293178269,2.2980662882233824,2.183948853878199,0.3558480270647038,0.6553325481355352,1.0791639728740077,0.8735669627316884,1.349823498244361,1.1362382318306996,652.0,660.0,0
1546.0,Puntos Topográficos con referencia de localización.,Secretaría de Hacienda,Instituto Catastral,Calle 105 Real de Minas 42090 Pachuca De Soto Pachuca De Soto,,4320.0,1.0,2.0,,0.0,0.0,0.0,VERDADERO,,3.0,1.0,0.0,8.371242135931933,"(8.224, 9.869]",1,1,0.4535783124477769,1.9459101490553135,0.9357849740192016,-0.14025223635945364,0.16208002214691,0.6946816432334892,0.5982403109192043,0.6946816432334892,0.7911229755477741,426.5,419.5,406.5,33.0,0.6946816432334892,0.48220666157142467,20.0,Dominado por rareza,Rareza,1.157452788691043,0.8094275863317937,1.157452788691043,0.35774963506849783,0.2821753605887091,0.1777447229249331,0.1780754940817648,0.2977600207297401,0.3260874483117273,0.0716777888143979,0.3331693052072241,286.5,387.5,2.3326772208288964,1.0,3.1546017267471314,-0.16229636532179642,0.23149247354666594,-0.09737585293178269,-0.28986884486284525,0.5061655253640223,0.649444724332729,0.6553325481355352,0.2847396200075317,0.4599200835136422,-0.24117425187463498,0.3924421364894129,510.5,543.5,2
1550.0,Restitución fotogramétrica escala 1:1000.,Secretaría de Hacienda,Instituto Catastral,Calle 105 Real de Minas 42090 Pachuca De Soto Pachuca De Soto,,4320.0,1.0,0.0,,0.0,0.0,0.0,VERDADERO,,1.0,1.0,0.0,8.371242135931933,"(8.224, 9.869]",0,1,0.4535783124477769,1.9459101490553135,0.9357849740192016,-0.14025223635945364,0.16208002214691,0.6946816432334892,0.5982403109192043,0.6946816432334892,0.7911229755477741,426.5,419.5,406.5,31.0,0.6946816432334892,0.48220666157142467,20.0,Dominado por rareza,Rareza,0.7503940547476008,0.8094275863317937,1.157452788691043,0.35774963506849783,0.18293853110111424,0.1777447229249331,0.1780754940817648,0.2977600207297401,0.3062400824142083,0.06781387247563322,0.30836009783532536,260.5,358.5,2.2334403913413015,1.0,3.0553648972595364,-0.5459915436185878,0.1757697716808569,-0.6876167590336059,-0.28986884486284525,0.5061655253640223,0.649444724332729,0.6553325481355352,0.16669143878716708,0.36068325402604734,-0.6228659323296433,0.2970192163756608,454.5,485.5,2
1555.0,"Constancias de calificaciones, reportes de evaluación y certificación de educación básica",Secretaría de Educación Pública,Instituto Hidalguense de Educación,Boulevard s/n Venta Prieta 42083 Pachuca De Soto Pachuca De Soto,Social,5760.0,1.0,3.0,Nivel 4.1,2849.0,0.0,100.0,VERDADERO,,4.0,1.0,12.0,8.658866349732383,"(8.224, 9.869]",1,1,0.5483348425469642,1.9459101490553135,0.9357849740192016,-0.2073056564272946,0.1523980587825387,0.7420599082830829,0.6645698819886354,0.7420599082830829,0.8195499345775303,449.0,444.0,429.0,-20.0,0.7420599082830829,0.3874501314722374,20.0,Dominado por rareza,Rareza,1.157452788691043,0.8094275863317937,3.6094152827596893,0.35774963506849783,0.2821753605887091,0.1777447229249331,0.5553128525877803,0.2977600207297401,0.4110105730228491,0.0939040010034955,0.4393232110961264,481.0,546.0,2.757292844384505,0.1428571428571429,2.344837134653868,1.0960026111634462,0.4142308103586669,-0.09737585293178269,-0.28986884486284525,0.598398001972488,-2.8737156428835746,0.6553325481355352,-0.40144595811403583,0.4599200835136422,-0.24117425187463498,-0.4652898361625466,130.0,110.0,3
1557.0,Autorización para impartir educación inicial y/o básica en el estado,Secretaría de Educación Pública,Instituto Hidalguense de Educación,Boulevard S/N Venta Prieta 42083 Pachuca De Soto Pachuca De Soto,Social,18720.0,3.0,2.0,Nivel 2,62.0,0.0,100.0,VERDADERO,,5.0,1.0,2.0,9.837401167408268,"(8.224, 9.869]",1,3,0.9365979461586891,1.9459101490553135,0.9357849740192016,-0.4820557866406839,0.11272639561620183,0.9361914600889454,0.9363540545168427,0.9361914600889454,0.9360288656610478,572.0,580.0,598.0,-6.0,0.9361914600889454,-0.0008129721394875,26.0,default,Mixto,1.157452788691043,4.014880390867853,2.2512917986064953,0.35774963506849783,0.2821753605887091,0.881640080844775,0.3463639323142087,0.2977600207297401,0.5488261709132757,0.11709681694041171,0.6115927084591595,623.0,647.0,3.446370833836638,0.8571428571428572,3.9571497586652864,2.0545460564009366,0.5534367051564353,-0.09737585293178269,4.113973220187095,0.976318843779526,0.06225132979667862,0.6553325481355352,1.1421000177934104,1.163815441433484,2.466197632295538,1.0400250885018196,657.0,651.0,0
1558.0,Registro de Institución en el Catálogo de Centros de Trabajo de SEPH,Secretaría de Educación Pública,Instituto Hidalguense de Educación,Boulevard S/N Venta Prieta 42083 Pachuca De Soto Pachuca De Soto,Ambos,20.0,1.0,2.0,Nivel 2,4920.0,0.0,100.0,FALSO,,3.0,0.0,2.0,3.044522437723423,"(1.645, 3.29]",1,1,-1.3012860250986122,1.8846665238145945,0.9063330158789191,1.0214474997012368,0.32981992674178046,-0.19747650460984656,-0.6390003128053527,-0.19747650460984656,0.24404730358565963,77.5,72.5,142.5,-7.0,-0.19747650460984656,2.2076190409775314,65.0,Dominado por rareza,Rareza,1.157452788691043,0.8094275863317937,2.2512917986064953,1.2014696741078175,0.2821753605887091,0.1777447229249331,0.3463639323142087,1.0,0.3217615022436009,0.04275267629285121,0.1522018778045011,281.0,128.0,0.6088075112180044,0.8571428571428572,1.1195864360466528,-0.8413099299308096,0.13288172062685344,-0.09737585293178269,-0.28986884486284525,-1.2306214890164984,0.06225132979667862,-1.5236481744151193,-0.6158526062859134,0.4599200835136422,-0.24117425187463498,-0.7332981463773935,45.0,38.0,1
1559.0,Becas de Educación Básica para escuelas públicas y particulares,Secretaría de Educación Pública,Instituto Hidalguense de Educación,Boulevard S/N Venta Prieta 42083 Pachuca De Soto Pachuca De Soto,Social,21600.0,1.0,2.0,Nivel 4.1,7065.0,0.0,100.0,FALSO,,3.0,0.0,12.0,9.980494888896912,"(9.869, 11.514]",1,1,0.9837395422993063,1.6245897174547026,0.7812625096170339,-0.9357237539840406,0.04722046564330571,0.88250102595817,0.9229964324946245,0.88250102595817,0.8420056194217156,536.0,522.0,487.0,0.0,0.88250102595817,-0.20247703268227235,49.0,Dominado por tiempo,Tiempo,1.157452788691043,0.8094275863317937,3.6094152827596893,1.2014696741078175,0.2821753605887091,0.1777447229249331,0.5553128525877803,1.0,0.5795467924119185,0.1156295597193114,0.47443349051489814,633.0,580.0,1.8977339620595925,0.1428571428571429,1.4852782523289552,0.03517283402585994,0.26017023116607013,-0.09737585293178269,-0.28986884486284525,0.871798306674979,-2.8737156428835746,-1.5236481744151193,-0.7825620416836686,0.4599200835136422,-0.24117425187463498,-0.9416849406245875,12.0,12.0,3
1560.0,Preinscripciones de Educación Básica,Secretaría de Educación Pública,Instituto Hidalguense de Educación,Boulevard s/n Venta Prieta 42083 Pachuca De Soto Pachuca De Soto,Social,47520.0,0.0,1.0,Nivel 4.1,115921.0,0.0,100.0,FALSO,,1.0,0.0,12.0,10.768926997586153,"(9.869, 11.514]",0,0,1.243485027044933,1.6245897174547026,0.7812625096170339,-1.1195297996585947,0.020680381653995605,1.0123737683309835,1.1048182718165631,1.0123737683309835,0.9199292648454036,616.5,616.5,594.5,0.0,1.0123737683309835,-0.462222517427899,22.0,Dominado por tiempo,Tiempo,0.7503940547476008,0.7794752640484426,3.6094152827596893,1.2014696741078175,0.18293853110111424,0.17116739925186739,0.5553128525877803,1.0,0.5843585102543492,0.11901699594846309,0.4804481378179364,636.0,585.0,1.9217925512717455,0.1428571428571429,1.5093368415411081,-0.3891195145808876,0.19855174497526928,-0.6876167590336059,-0.3310191299741076,1.1246248857073526,-2.8737156428835746,-1.5236481744151193,-0.858274964119811,0.35410593035298166,-0.6481640977248081,-0.9802257573290374,10.0,10.0,3
1572.0,Constitución de Grupos de Productores/as de Leche.,Secretaría de Agricultura y Desarrollo Rural,Secretaría de Agricultura y Desarrollo Rural,"Carretera s/n Venta Prieta, Ex Centro Minero 42080 Pachuca De Soto Pachuca De Soto",Ambos,14400.0,1.0,5.0,Nivel 2,16.0,0.0,100.0,FALSO,,6.0,0.0,2.0,9.575052927597383,"(8.224, 9.869]",2,1,0.8501684743362787,1.9459101490553135,0.9357849740192016,-0.42089491810441176,0.12155752291593097,0.8929767241777402,0.8758534242411555,0.8929767241777402,0.9101000241143247,492.0,563.0,560.0,-42.0,0.8929767241777402,0.08561649968292284,68.0,Sensible,Mixto,1.9671875475025984,0.8094275863317937,2.2512917986064953,1.2014696741078175,0.4795805591257976,0.1777447229249331,0.3463639323142087,1.0,0.5793331877085359,0.11311532407023725,0.4741664846356699,631.5,578.5,1.8966659385426796,0.8571428571428572,2.407444863371328,-0.258413516843265,0.21753371753050676,1.0767509692910755,-0.28986884486284525,0.8921916155051457,0.06225132979667862,-1.5236481744151193,0.04353537906298706,0.6573252820507307,0.5180995212722059,-0.012776426960272258,382.5,340.5,1
1573.0,Capacitación en Nutrición y Manejo de Ganado Lechero.,Secretaría de Agricultura y Desarrollo Rural,Secretaría de Agricultura y Desarrollo Rural,"Carretera s/n Venta Prieta, Ex Centro Minero 42080 Pachuca De Soto Pachuca De Soto",Ambos,1440.0,1.0,1.0,Nivel 2,120.0,2.0,98.36065574,FALSO,,2.0,0.0,2.0,7.273092595999522,"(6.579, 8.224]",0,1,0.09179778444881183,1.3639886036055924,0.6559398647502834,-0.6454347264697414,0.08913581800905887,0.3738688245995476,0.2610404085392533,0.3738688245995476,0.4866972406598419,301.0,292.0,287.0,5.0,0.3738688245995476,0.5641420803014716,14.0,Dominado por rareza,Rareza,0.7503940547476008,0.8094275863317937,2.2512917986064953,1.2014696741078175,0.18293853110111424,0.1777447229249331,0.3463639323142087,1.0,0.4161832021879608,0.07172820429277146,0.27022900273495093,509.0,306.0,1.0809160109398037,0.8571428571428572,1.5916949357684522,-1.3195065795308616,0.06343490230306092,-0.6876167590336059,-0.28986884486284525,-0.11836896865719373,0.06225132979667862,-1.5236481744151193,-0.511450283434417,0.36068325402604734,-0.6228659323296433,-0.5506579364013194,78.0,83.0,1
1574.0,Capacitación en Inseminación Artificial en Bovinos leche.,Secretaría de Agricultura y Desarrollo Rural,Secretaría de Agricultura y Desarrollo Rural,"Carretera S/N Venta Prieta, Ex Centro Minero 42080 Pachuca De Soto Pachuca De Soto",Ambos,1440.0,1.0,1.0,Nivel 2,71.0,0.0,100.0,FALSO,,2.0,0.0,2.0,7.273092595999522,"(6.579, 8.224]",0,1,0.09179778444881183,1.3639886036055924,0.6559398647502834,-0.6454347264697414,0.08913581800905887,0.3738688245995476,0.2610404085392533,0.3738688245995476,0.4866972406598419,301.0,292.0,287.0,5.0,0.3738688245995476,0.5641420803014716,14.0,Dominado por rareza,Rareza,0.7503940547476008,0.8094275863317937,2.2512917986064953,1.2014696741078175,0.18293853110111424,0.1777447229249331,0.3463639323142087,1.0,0.4161832021879608,0.07172820429277146,0.27022900273495093,509.0,306.0,1.0809160109398037,0.8571428571428572,1.5916949357684522,-1.3195065795308616,0.06343490230306092,-0.6876167590336059,-0.28986884486284525,-0.11836896865719373,0.06225132979667862,-1.5236481744151193,-0.511450283434417,0.36068325402604734,-0.6228659323296433,-0.5506579364013194,78.0,83.0,1
1584.0,Reinscripción UPE,Secretaría de Educación Pública,Universidad Politécnica de la Energía,Carretera S/N Ejido de Zaragoza 42820 San Miguel Vindho Tula De Allende,Social,30.0,1.0,1.0,Nivel 1,1304.0,0.0,100.0,VERDADERO,,2.0,1.0,1.0,3.4339872044851463,"(3.29, 4.934]",0,1,-1.17297857348804,1.754854912292604,0.8439068264813923,0.7608498199607056,0.2921917612353043,-0.16453587350332388,-0.5679129534972103,-0.16453587350332388,0.23884120649056245,142.0,128.0,88.0,14.0,-0.16453587350332388,2.016885399969432,54.0,Dominado por rareza,Rareza,0.7503940547476008,0.8094275863317937,0.9314425368947573,0.35774963506849783,0.18293853110111424,0.1777447229249331,0.14330354688063304,0.2977600207297401,0.1274421896266193,0.01663058622779671,0.08486273185083912,33.5,39.5,1.3394509274033566,0.9285714285714286,2.1247188090941522,-0.2983642468484005,0.21173181345842684,-0.6876167590336059,-0.28986884486284525,-1.166495122531356,0.3558480270647038,0.6553325481355352,-0.22656003024551366,0.36068325402604734,-0.6228659323296433,-0.19454511991519008,216.5,230.5,2
1589.0,Historial académico UPE,Secretaría de Educación Pública,Universidad Politécnica de la Energía,Carretera S/N Ejido de Zaragoza 42820 San Miguel Vindho Tula De Allende,Social,4320.0,0.0,1.0,Nivel 1,135.0,0.0,100.0,VERDADERO,,1.0,1.0,1.0,8.371242135931933,"(8.224, 9.869]",0,0,0.4535783124477769,1.9459101490553135,0.9357849740192016,-0.14025223635945364,0.16208002214691,0.6946816432334892,0.5982403109192043,0.6946816432334892,0.7911229755477741,426.5,419.5,406.5,33.0,0.6946816432334892,0.48220666157142467,20.0,Dominado por rareza,Rareza,0.7503940547476008,0.7794752640484426,0.9314425368947573,0.35774963506849783,0.18293853110111424,0.17116739925186739,0.14330354688063304,0.2977600207297401,0.2979702282393688,0.06580278053004589,0.29802278011677596,238.0,333.5,2.192091120467104,0.9285714285714286,2.9773590021578995,-0.4595962604677737,0.18831665493071928,-0.6876167590336059,-0.3310191299741076,0.5061655253640223,0.3558480270647038,0.6553325481355352,0.09974204231130958,0.35410593035298166,-0.6481640977248081,0.2172955007098633,410.0,443.0,2
1595.0,Autorización de Bitácora de Control para Residuos de Manejo Especial,Secretaría de Medio Ambiente y Recursos Naturales,Secretaría de Medio Ambiente y Recursos Naturales,Calle 100 Adolfo López Mateos 42094 Pachuca De Soto Pachuca De Soto,Ambos,86400.0,1.0,2.0,,30.0,20.0,60.0,VERDADERO,,3.0,1.0,0.0,11.366754528799243,"(9.869, 11.514]",1,1,1.4404366734554037,1.6245897174547026,0.7812625096170339,-1.2589004738062273,0.0005564005088149505,1.1108495915362189,1.2426844243038928,1.1108495915362189,0.9790147587685449,625.5,625.5,608.5,27.0,1.1108495915362189,-0.6591741638383698,17.0,Dominado por tiempo,Tiempo,1.157452788691043,0.8094275863317937,1.157452788691043,0.35774963506849783,0.2821753605887091,0.1777447229249331,0.1780754940817648,0.2977600207297401,0.40932103797227326,0.09559804067458846,0.43721129228290645,476.5,544.5,2.7488451691316262,1.0,3.5707696750498608,-0.2311312387569019,0.22149582686629463,-0.09737585293178269,-0.28986884486284525,1.3163302816472193,0.649444724332729,0.6553325481355352,0.4467725712641711,0.4599200835136422,-0.24117425187463498,0.5949833255602122,576.5,603.5,2
1599.0,Actualización al Padrón de Contratistas (Persona Física),Secretaría de Contraloría,Secretaría de Controlaría,"Carretera 0 Venta Prieta, Ex Centro Minero 42083 Pachuca De Soto Pachuca De Soto",Ambos,1440.0,0.0,0.0,,0.0,0.0,0.0,VERDADERO,,0.0,1.0,0.0,7.273092595999522,"(6.579, 8.224]",0,0,0.09179778444881183,1.3639886036055924,0.6559398647502834,-0.6454347264697414,0.08913581800905887,0.3738688245995476,0.2610404085392533,0.3738688245995476,0.4866972406598419,301.0,292.0,287.0,28.0,0.3738688245995476,0.5641420803014716,14.0,Dominado por rareza,Rareza,0.7503940547476008,0.7794752640484426,1.157452788691043,0.35774963506849783,0.18293853110111424,0.17116739925186739,0.1780754940817648,0.2977600207297401,0.24076205395280686,0.04916099053197957,0.22651256225857352,160.5,234.0,1.906050249034294,1.0,2.7279747549525295,-0.5120445697255819,0.18069977135894297,-0.6876167590336059,-0.3310191299741076,-0.11836896865719373,0.649444724332729,0.6553325481355352,0.03355448296067141,0.35410593035298166,-0.6481640977248081,0.1345610515215656,366.5,394.5,2
1613.0,Elaboración de Contrato,Secretaría de Infraestructura Pública y Desarrollo Urbano Sostenible,Comisión Estatal de Vivienda,Boulevard 117 El Palmar I 42088 Pachuca De Soto Pachuca De Soto,Social,30.0,1.0,3.0,,80.0,0.0,100.0,VERDADERO,,4.0,1.0,0.0,3.4339872044851463,"(3.29, 4.934]",1,1,-1.17297857348804,1.754854912292604,0.8439068264813923,0.7608498199607056,0.2921917612353043,-0.16453587350332388,-0.5679129534972103,-0.16453587350332388,0.23884120649056245,142.0,128.0,88.0,7.0,-0.16453587350332388,2.016885399969432,54.0,Dominado por rareza,Rareza,1.157452788691043,0.8094275863317937,1.157452788691043,0.35774963506849783,0.2821753605887091,0.1777447229249331,0.1780754940817648,0.2977600207297401,0.15424394496436467,0.02229219944632484,0.11836492602302079,72.0,91.0,1.4734597040920834,1.0,2.2953842100103183,-0.020180353603418324,0.25213148232048876,-0.09737585293178269,-0.28986884486284525,-1.166495122531356,0.649444724332729,0.6553325481355352,-0.04979250957154395,0.4599200835136422,-0.24117425187463498,-0.025723025484431672,327.0,334.0,2
1614.0,Constancia de No Afectación,Secretaría de Infraestructura Pública y Desarrollo Urbano Sostenible,Comisión Estatal de Vivienda,Boulevard 117 El Palmar I 42088 Pachuca De Soto Pachuca De Soto,Social,30.0,0.0,6.0,Nivel 1,182.0,0.0,100.0,VERDADERO,,6.0,1.0,1.0,3.4339872044851463,"(3.29, 4.934]",2,0,-1.17297857348804,1.754854912292604,0.8439068264813923,0.7608498199607056,0.2921917612353043,-0.16453587350332388,-0.5679129534972103,-0.16453587350332388,0.23884120649056245,142.0,128.0,88.0,-51.0,-0.16453587350332388,2.016885399969432,54.0,Dominado por rareza,Rareza,1.9671875475025984,0.7794752640484426,0.9314425368947573,0.35774963506849783,0.4795805591257976,0.17116739925186739,0.14330354688063304,0.2977600207297401,0.18545513049694287,0.027967338267308788,0.15737890793874354,99.5,132.5,1.6295156317549742,0.9285714285714286,2.41478351344577,0.8294741271708952,0.37552381560781006,1.0767509692910755,-0.3310191299741076,-1.166495122531356,0.3558480270647038,0.6553325481355352,0.11808345839717016,0.650747958377665,0.4928013558770408,0.08437170213648094,424.5,373.5,2
1621.0,Constancia No Comprendida,Secretaría de Infraestructura Pública y Desarrollo Urbano Sostenible,Secretaría de Infraestructura Pública y Desarrollo Urbano Sostenible,Boulevard km. 93.5 Venta Prieta 42080 Pachuca De Soto Pachuca De Soto,Ambos,20.0,1.0,1.0,Nivel 1,1.0,0.0,100.0,VERDADERO,,2.0,1.0,1.0,3.044522437723423,"(1.645, 3.29]",0,1,-1.3012860250986122,1.8846665238145945,0.9063330158789191,1.0214474997012368,0.32981992674178046,-0.19747650460984656,-0.6390003128053527,-0.19747650460984656,0.24404730358565963,77.5,72.5,142.5,10.0,-0.19747650460984656,2.2076190409775314,65.0,Dominado por rareza,Rareza,0.7503940547476008,0.8094275863317937,0.9314425368947573,0.35774963506849783,0.18293853110111424,0.1777447229249331,0.14330354688063304,0.2977600207297401,0.1208540634053148,0.014737244379355082,0.07662757407420845,22.0,27.0,1.3065102962968338,0.9285714285714286,2.0917781779876297,-0.2929158114695168,0.2125230705745583,-0.6876167590336059,-0.28986884486284525,-1.2306214890164984,0.3558480270647038,0.6553325481355352,-0.2393853035425421,0.36068325402604734,-0.6228659323296433,-0.21057671153647567,205.0,215.0,2
1622.0,Constancia de No Invasión a Fraccionamiento,Secretaría de Infraestructura Pública y Desarrollo Urbano Sostenible,Secretaría de Infraestructura Pública y Desarrollo Urbano Sostenible,Boulevard km. 93.5 Venta Prieta 42080 Pachuca De Soto Pachuca De Soto,Ambos,20.0,1.0,1.0,Nivel 1,0.0,0.0,0.0,VERDADERO,,2.0,1.0,1.0,3.044522437723423,"(1.645, 3.29]",0,1,-1.3012860250986122,1.8846665238145945,0.9063330158789191,1.0214474997012368,0.32981992674178046,-0.19747650460984656,-0.6390003128053527,-0.19747650460984656,0.24404730358565963,77.5,72.5,142.5,10.0,-0.19747650460984656,2.2076190409775314,65.0,Dominado por rareza,Rareza,0.7503940547476008,0.8094275863317937,0.9314425368947573,0.35774963506849783,0.18293853110111424,0.1777447229249331,0.14330354688063304,0.2977600207297401,0.1208540634053148,0.014737244379355082,0.07662757407420845,22.0,27.0,1.3065102962968338,0.9285714285714286,2.0917781779876297,-0.2929158114695168,0.2125230705745583,-0.6876167590336059,-0.28986884486284525,-1.2306214890164984,0.3558480270647038,0.6553325481355352,-0.2393853035425421,0.36068325402604734,-0.6228659323296433,-0.21057671153647567,205.0,215.0,2
1623.0,Constancia de Verificación de la Poligonal de Fraccionamiento,Secretaría de Infraestructura Pública y Desarrollo Urbano Sostenible,Secretaría de Infraestructura Pública y Desarrollo Urbano Sostenible,Boulevard km. 93.5 Venta Prieta 42080 Pachuca De Soto Pachuca De Soto,Ambos,20.0,1.0,1.0,Nivel 1,0.0,0.0,0.0,VERDADERO,,2.0,1.0,1.0,3.044522437723423,"(1.645, 3.29]",0,1,-1.3012860250986122,1.8846665238145945,0.9063330158789191,1.0214474997012368,0.32981992674178046,-0.19747650460984656,-0.6390003128053527,-0.19747650460984656,0.24404730358565963,77.5,72.5,142.5,10.0,-0.19747650460984656,2.2076190409775314,65.0,Dominado por rareza,Rareza,0.7503940547476008,0.8094275863317937,0.9314425368947573,0.35774963506849783,0.18293853110111424,0.1777447229249331,0.14330354688063304,0.2977600207297401,0.1208540634053148,0.014737244379355082,0.07662757407420845,22.0,27.0,1.3065102962968338,0.9285714285714286,2.0917781779876297,-0.2929158114695168,0.2125230705745583,-0.6876167590336059,-0.28986884486284525,-1.2306214890164984,0.3558480270647038,0.6553325481355352,-0.2393853035425421,0.36068325402604734,-0.6228659323296433,-0.21057671153647567,205.0,215.0,2
1635.0,Examen de admisión UTMIR,Secretaría de Educación Pública,Universidad Tecnológica de Mineral de la Reforma,Calle 1000 Paseos de Chavarría 42186 Pachuquilla Mineral De La Reforma,Social,25.0,0.0,0.0,Nivel 2,366.0,0.0,100.0,VERDADERO,,0.0,1.0,2.0,3.258096538021482,"(1.645, 3.29]",0,0,-1.230924978662722,1.8846665238145945,0.9063330158789191,0.9716572762924646,0.32263062724803554,-0.1622959813919015,-0.5897475803002297,-0.1622959813919015,0.2651556175164267,103.0,167.0,168.0,19.0,-0.1622959813919015,2.137257994541641,65.0,Dominado por rareza,Rareza,0.7503940547476008,0.7794752640484426,2.2512917986064953,0.35774963506849783,0.18293853110111424,0.17116739925186739,0.3463639323142087,0.2977600207297401,0.1671867804010058,0.027044081571102448,0.13454347031882222,84.0,110.0,1.5381738812752888,0.8571428571428572,2.0489528061039373,-0.21233944559228,0.22422489292514985,-0.6876167590336059,-0.3310191299741076,-1.1621346674459703,0.06225132979667862,0.6553325481355352,-0.292637335704294,0.35410593035298166,-0.6481640977248081,-0.2731787218096411,164.0,183.0,2
1654.0,Inscripción Nivel Licenciatura Bilingüe UPMH,Secretaría de Educación Pública,Universidad Politécnica Metropolitana de Hidalgo,Boulevard 1009 San Javier 43860 Tolcayuca Tolcayuca,Social,31680.0,2.0,5.0,Nivel 3.7,957.0,0.0,100.0,VERDADERO,,7.0,1.0,9.0,10.363472411086743,"(9.869, 11.514]",2,2,1.1099097997654253,1.6245897174547026,0.7812625096170339,-1.0250067539534102,0.034328733440980856,0.9455861546912296,1.0113156127209078,0.9455861546912296,0.8798566966615513,584.5,584.5,543.5,-46.0,0.9455861546912296,-0.32864729014839134,41.0,Dominado por tiempo,Tiempo,1.9671875475025984,2.6931245508855346,3.3217332103079085,0.35774963506849783,0.4795805591257976,0.5913916021429794,0.5110526221137135,0.2977600207297401,0.5650741917606921,0.12442053675436604,0.63190273451843,628.0,653.0,3.52761093807372,0.3571428571428571,3.3737011731028637,2.7112668067688968,0.6488099510342822,1.0767509692910755,2.2980662882233824,0.9946077353048246,-1.992925551079499,0.6553325481355352,0.6063663979750638,1.070972161268777,2.109097271391202,0.4415280009380157,607.0,561.0,0
1656.0,Nube de puntos derivado de vuelo con Dron,Secretaría de Hacienda,Instituto Catastral,Calle 105 Real de Minas 42090 Pachuca De Soto Pachuca De Soto,,4320.0,1.0,3.0,,0.0,0.0,0.0,VERDADERO,,4.0,1.0,0.0,8.371242135931933,"(8.224, 9.869]",1,1,0.4535783124477769,1.9459101490553135,0.9357849740192016,-0.14025223635945364,0.16208002214691,0.6946816432334892,0.5982403109192043,0.6946816432334892,0.7911229755477741,426.5,419.5,406.5,33.0,0.6946816432334892,0.48220666157142467,20.0,Dominado por rareza,Rareza,1.157452788691043,0.8094275863317937,1.157452788691043,0.35774963506849783,0.2821753605887091,0.1777447229249331,0.1780754940817648,0.2977600207297401,0.3260874483117273,0.0716777888143979,0.3331693052072241,286.5,387.5,2.3326772208288964,1.0,3.1546017267471314,-0.16229636532179642,0.23149247354666594,-0.09737585293178269,-0.28986884486284525,0.5061655253640223,0.649444724332729,0.6553325481355352,0.2847396200075317,0.4599200835136422,-0.24117425187463498,0.3924421364894129,510.5,543.5,2
1684.0,Otorgamiento o Renovación de Concesiones para el Servicio de Transporte Público,Secretaría de Movilidad y Transporte,Sistema de Transporte Convencional de Hidalgo,Calle 205 Sistema de Transporte Convencional 42083 Pachuca De Soto Pachuca De Soto,Social,30.0,1.0,10.0,,0.0,0.0,0.0,VERDADERO,,11.0,1.0,0.0,3.4339872044851463,"(3.29, 4.934]",3,1,-1.17297857348804,1.754854912292604,0.8439068264813923,0.7608498199607056,0.2921917612353043,-0.16453587350332388,-0.5679129534972103,-0.16453587350332388,0.23884120649056245,142.0,128.0,88.0,-43.0,-0.16453587350332388,2.016885399969432,54.0,Dominado por rareza,Rareza,2.8622008809294686,0.8094275863317937,1.157452788691043,0.35774963506849783,0.6977758173332946,0.1777447229249331,0.1780754940817648,0.2977600207297401,0.23736403631328176,0.038474149267829424,0.22226504020916718,149.5,211.5,1.889060160836669,1.0,2.710984666754904,1.5867219645603792,0.4854962569313858,2.3745329276275564,-0.28986884486284525,-1.166495122531356,0.649444724332729,0.6553325481355352,0.44458924654032383,0.8755205402582278,1.3573374856707445,0.3739049089019132,572.5,529.5,2
1694.0,Pago de arrendamiento,Oficialía Mayor,Oficialía Mayor,Calle 100 B Ex Hacienda de Guadalupe 42050 Pachuca De Soto Pachuca De Soto,Social,14400.0,1.0,0.0,,288.0,0.0,100.0,FALSO,,1.0,0.0,0.0,9.575052927597383,"(8.224, 9.869]",0,1,0.8501684743362787,1.9459101490553135,0.9357849740192016,-0.42089491810441176,0.12155752291593097,0.8929767241777402,0.8758534242411555,0.8929767241777402,0.9101000241143247,492.0,563.0,560.0,23.0,0.8929767241777402,0.08561649968292284,68.0,Sensible,Mixto,0.7503940547476008,0.8094275863317937,1.157452788691043,1.2014696741078175,0.18293853110111424,0.1777447229249331,0.1780754940817648,1.0,0.48634709445711055,0.09286472661160952,0.35793386807138805,579.0,427.0,1.4317354722855522,1.0,2.2536599782037876,-1.6163904628671748,0.02031949961974462,-0.6876167590336059,-0.28986884486284525,0.8921916155051457,0.649444724332729,-1.5236481744151193,-0.19189948769473913,0.36068325402604734,-0.6228659323296433,-0.15121944172672197,228.0,251.0,1
1705.0,Inscripción ITESHU.,Secretaría de Educación Pública,Instituto Tecnológico Superior de Huichapan,Calle sin numero Huichapan 42411 Huichapan Huichapan,Social,20.0,0.0,6.0,Nivel 1,575.0,0.0,100.0,VERDADERO,,6.0,1.0,1.0,3.044522437723423,"(1.645, 3.29]",2,0,-1.3012860250986122,1.8846665238145945,0.9063330158789191,1.0214474997012368,0.32981992674178046,-0.19747650460984656,-0.6390003128053527,-0.19747650460984656,0.24404730358565963,77.5,72.5,142.5,-49.0,-0.19747650460984656,2.2076190409775314,65.0,Dominado por rareza,Rareza,1.9671875475025984,0.7794752640484426,0.9314425368947573,0.35774963506849783,0.4795805591257976,0.17116739925186739,0.14330354688063304,0.2977600207297401,0.1788670042756383,0.026073996418867162,0.14914375016211287,94.5,124.5,1.5965750006484514,0.9285714285714286,2.381842882339247,0.8349225625497787,0.37631507272394144,1.0767509692910755,-0.3310191299741076,-1.2306214890164984,0.3558480270647038,0.6553325481355352,0.10525818510014169,0.650747958377665,0.4928013558770408,0.06834011051519535,415.5,366.5,2
1706.0,Declaración de Impuestos Estatales,Secretaría de Hacienda,Secretaría de Hacienda,Calle No. 1 Centro 42500 Actopan Actopan,Ambos,1440.0,2.0,2.0,,221437.0,0.0,100.0,FALSO,,4.0,0.0,0.0,7.273092595999522,"(6.579, 8.224]",1,2,0.09179778444881183,1.3639886036055924,0.6559398647502834,-0.6454347264697414,0.08913581800905887,0.3738688245995476,0.2610404085392533,0.3738688245995476,0.4866972406598419,301.0,292.0,287.0,-124.0,0.3738688245995476,0.5641420803014716,14.0,Dominado por rareza,Rareza,1.157452788691043,2.6931245508855346,1.157452788691043,1.2014696741078175,0.2821753605887091,0.5913916021429794,0.1780754940817648,1.0,0.4851022562826001,0.08031205331033602,0.3563778203532502,577.0,425.0,1.4255112814130009,1.0,2.247435787331236,0.055368462739460146,0.2631031713265275,-0.09737585293178269,2.2980662882233824,-0.11836896865719373,0.649444724332729,-1.5236481744151193,0.2416236033104031,0.8735669627316884,1.349823498244361,0.08931276987619424,499.0,375.0,0
1707.0,Declaración de ISR Enajenación de Bienes Inmuebles Impuestos Federales Coordinados,Secretaría de Hacienda,Secretaría de Hacienda,Calle No. 1 Centro 42500 Actopan Actopan,Ambos,120.0,2.0,6.0,,16181.0,0.0,100.0,FALSO,,8.0,0.0,0.0,4.795790545596741,"(3.29, 4.934]",2,2,-0.7243384622255696,1.754854912292604,0.8439068264813923,0.44337456196765934,0.24635094038122837,0.05978418212791131,-0.2538648756134811,0.05978418212791131,0.3734332398693036,218.5,216.5,213.5,-147.0,0.05978418212791131,1.568245288706962,5.0,Dominado por rareza,Rareza,1.9671875475025984,2.6931245508855346,1.157452788691043,1.2014696741078175,0.4795805591257976,0.5913916021429794,0.1780754940817648,1.0,0.46176636749569067,0.06994551527532161,0.3272079593696133,549.0,377.0,1.308831837478453,1.0,2.1307563433966887,0.8705777845871314,0.38149315527469435,1.0767509692910755,2.2980662882233824,-0.7298055505902847,0.649444724332729,-1.5236481744151193,0.35416165136835664,1.070972161268777,2.109097271391202,0.12627206767963184,532.0,385.0,0
1708.0,Devolución por Concepto de Pago de lo Indebido Estatal,Secretaría de Hacienda,Secretaría de Hacienda,Calle No. 1 Centro 42500 Actopan Actopan,Ambos,14400.0,1.0,2.0,,97.0,61.0,61.39240506,FALSO,,3.0,0.0,0.0,9.575052927597383,"(8.224, 9.869]",1,1,0.8501684743362787,1.9459101490553135,0.9357849740192016,-0.42089491810441176,0.12155752291593097,0.8929767241777402,0.8758534242411555,0.8929767241777402,0.9101000241143247,492.0,563.0,560.0,5.0,0.8929767241777402,0.08561649968292284,68.0,Sensible,Mixto,1.157452788691043,0.8094275863317937,1.157452788691043,1.2014696741078175,0.2821753605887091,0.1777447229249331,0.1780754940817648,1.0,0.5061944603546294,0.0967286429503742,0.3827430754432868,600.0,480.0,1.5309723017731471,1.0,2.3528968076913825,-1.2326952845703831,0.07604220148555368,-0.09737585293178269,-0.28986884486284525,0.8921916155051457,0.649444724332729,-1.5236481744151193,-0.07385130647437452,0.4599200835136422,-0.24117425187463498,-0.055796521612969885,296.0,301.0,1
1715.0,Pago de Créditos Fiscales Estatales,Secretaría de Hacienda,Secretaría de Hacienda,Calle No. 1 Centro 42500 Actopan Actopan,Ambos,20.0,2.0,1.0,,647.0,0.0,100.0,FALSO,,3.0,0.0,0.0,3.044522437723423,"(1.645, 3.29]",0,2,-1.3012860250986122,1.8846665238145945,0.9063330158789191,1.0214474997012368,0.32981992674178046,-0.19747650460984656,-0.6390003128053527,-0.19747650460984656,0.24404730358565963,77.5,72.5,142.5,-117.0,-0.19747650460984656,2.2076190409775314,65.0,Dominado por rareza,Rareza,0.7503940547476008,2.6931245508855346,1.157452788691043,1.2014696741078175,0.18293853110111424,0.5913916021429794,0.1780754940817648,1.0,0.3509858245432024,0.043608692632886394,0.18873228067900297,326.5,159.5,0.7549291227160119,1.0,1.576853628634247,-0.2338252442540704,0.221104585918702,-0.6876167590336059,2.2980662882233824,-1.2306214890164984,0.649444724332729,-1.5236481744151193,-0.09887508198182245,0.7743301332440936,0.968131817789353,-0.2841732803273839,292.5,175.5,0
1717.0,Pago de Créditos Fiscales Federales Coordinados,Secretaría de Hacienda,Secretaría de Hacienda,Calle No. 1 Centro 42500 Actopan Actopan,Ambos,20.0,2.0,1.0,,0.0,0.0,0.0,FALSO,,3.0,0.0,0.0,3.044522437723423,"(1.645, 3.29]",0,2,-1.3012860250986122,1.8846665238145945,0.9063330158789191,1.0214474997012368,0.32981992674178046,-0.19747650460984656,-0.6390003128053527,-0.19747650460984656,0.24404730358565963,77.5,72.5,142.5,-117.0,-0.19747650460984656,2.2076190409775314,65.0,Dominado por rareza,Rareza,0.7503940547476008,2.6931245508855346,1.157452788691043,1.2014696741078175,0.18293853110111424,0.5913916021429794,0.1780754940817648,1.0,0.3509858245432024,0.043608692632886394,0.18873228067900297,326.5,159.5,0.7549291227160119,1.0,1.576853628634247,-0.2338252442540704,0.221104585918702,-0.6876167590336059,2.2980662882233824,-1.2306214890164984,0.649444724332729,-1.5236481744151193,-0.09887508198182245,0.7743301332440936,0.968131817789353,-0.2841732803273839,292.5,175.5,0
1718.0,Compensación por concepto de pago de lo indebido estatal,Secretaría de Hacienda,Secretaría de Hacienda,Calle No. 1 Centro 42500 Actopan Actopan,Ambos,86400.0,1.0,0.0,,87.0,0.0,100.0,FALSO,,1.0,0.0,0.0,11.366754528799243,"(9.869, 11.514]",0,1,1.4404366734554037,1.6245897174547026,0.7812625096170339,-1.2589004738062273,0.0005564005088149505,1.1108495915362189,1.2426844243038928,1.1108495915362189,0.9790147587685449,625.5,625.5,608.5,17.0,1.1108495915362189,-0.6591741638383698,17.0,Dominado por tiempo,Tiempo,0.7503940547476008,0.8094275863317937,1.157452788691043,1.2014696741078175,0.18293853110111424,0.1777447229249331,0.1780754940817648,1.0,0.5299216679288061,0.10538749267750003,0.4124020849110077,609.0,512.0,1.6496083396440309,1.0,2.4715328455622663,-1.652426998863587,0.015086040183224623,-0.6876167590336059,-0.28986884486284525,1.3163302816472193,0.649444724332729,-1.5236481744151193,-0.10707175446632441,0.36068325402604734,-0.6228659323296433,-0.04518477519120356,287.0,304.0,1
1721.0,Declaración de ISAN,Secretaría de Hacienda,Secretaría de Hacienda,Calle No. 1 Centro 42500 Actopan Actopan,Ambos,60.0,2.0,2.0,,476.0,0.0,100.0,FALSO,,4.0,0.0,0.0,4.110873864173311,"(3.29, 4.934]",1,2,-0.9499812454988917,1.754854912292604,0.8439068264813923,0.6030482046840534,0.2694065035049546,-0.05303720950874974,-0.41181482390480656,-0.05303720950874974,0.30574040488730697,199.5,194.5,194.5,-120.0,-0.05303720950874974,1.7938880719802839,5.0,Dominado por rareza,Rareza,1.157452788691043,2.6931245508855346,1.157452788691043,1.2014696741078175,0.2821753605887091,0.5913916021429794,0.1780754940817648,1.0,0.3997210494609407,0.055774604191170876,0.2496513118261759,453.0,276.0,0.9986052473047036,1.0,1.8205297532229388,0.12597943349387133,0.27335775437672144,-0.09737585293178269,2.2980662882233824,-0.9494378303744968,0.649444724332729,-1.5236481744151193,0.07540983096694256,0.8735669627316884,1.349823498244361,-0.1184544455531315,397.0,277.0,0
1730.0,Movimientos y Actualización al Padrón Estatal de Contribuyentes,Secretaría de Hacienda,Secretaría de Hacienda,Calle No. 1 Centro 42500 Actopan Actopan,Ambos,20.0,1.0,5.0,Nivel 3.1,4649.0,0.0,100.0,FALSO,,6.0,0.0,3.0,3.044522437723423,"(1.645, 3.29]",2,1,-1.3012860250986122,1.8846665238145945,0.9063330158789191,1.0214474997012368,0.32981992674178046,-0.19747650460984656,-0.6390003128053527,-0.19747650460984656,0.24404730358565963,77.5,72.5,142.5,-36.0,-0.19747650460984656,2.2076190409775314,65.0,Dominado por rareza,Rareza,1.9671875475025984,0.8094275863317937,3.8607297110405954,1.2014696741078175,0.4795805591257976,0.1777447229249331,0.5939778775661291,1.0,0.4107653310014026,0.06324045694647648,0.2634566637517533,480.0,300.0,1.0538266550070132,0.7857142857142857,1.24556306315517,0.02746055274449906,0.2590502036680594,1.0767509692910755,-0.28986884486284525,-1.2306214890164984,-0.231345367471347,-1.5236481744151193,-0.4397465812949469,0.6573252820507307,0.5180995212722059,-0.6168788774076897,106.0,70.0,1
1735.0,Alta de vehículo particular,Secretaría de Hacienda,Secretaría de Hacienda,Calle No. 1 Centro 42500 Actopan Actopan,Ambos,20.0,2.0,8.0,,67874.0,0.0,100.0,VERDADERO,,10.0,1.0,0.0,3.044522437723423,"(1.645, 3.29]",3,2,-1.3012860250986122,1.8846665238145945,0.9063330158789191,1.0214474997012368,0.32981992674178046,-0.19747650460984656,-0.6390003128053527,-0.19747650460984656,0.24404730358565963,77.5,72.5,142.5,-9.0,-0.19747650460984656,2.2076190409775314,65.0,Dominado por rareza,Rareza,2.8622008809294686,2.6931245508855346,1.157452788691043,0.35774963506849783,0.6977758173332946,0.5913916021429794,0.1780754940817648,0.2977600207297401,0.31350528593558646,0.0500011904514794,0.3174416022370481,267.0,364.0,2.2697664089481924,1.0,3.0916909148664278,2.7943728340164116,0.660879147212669,2.3745329276275564,2.2980662882233824,-1.2306214890164984,0.649444724332729,0.6553325481355352,0.9493509998605407,1.2891674194762741,2.9483352357897408,0.7556227548103767,643.0,634.0,0
1736.0,Baja de vehículo particular,Secretaría de Hacienda,Secretaría de Hacienda,Calle No. 1 Centro 42500 Actopan Actopan,Ambos,20.0,1.0,2.0,,14448.0,0.0,100.0,VERDADERO,,3.0,1.0,0.0,3.044522437723423,"(1.645, 3.29]",1,1,-1.3012860250986122,1.8846665238145945,0.9063330158789191,1.0214474997012368,0.32981992674178046,-0.19747650460984656,-0.6390003128053527,-0.19747650460984656,0.24404730358565963,77.5,72.5,142.5,7.0,-0.19747650460984656,2.2076190409775314,65.0,Dominado por rareza,Rareza,1.157452788691043,0.8094275863317937,1.157452788691043,0.35774963506849783,0.2821753605887091,0.1777447229249331,0.1780754940817648,0.2977600207297401,0.1476558187430601,0.02039885759788321,0.11012976824639012,62.5,73.5,1.4405190729855606,1.0,2.2624435789037953,-0.014731918224534696,0.25292273943662025,-0.09737585293178269,-0.28986884486284525,-1.2306214890164984,0.649444724332729,0.6553325481355352,-0.06261778286857242,0.4599200835136422,-0.24117425187463498,-0.04175461710571726,298.5,305.5,2
1738.0,Expedición de Placas de Demostración para Vehículos de Agencia,Secretaría de Hacienda,Secretaría de Hacienda,Calle No. 1 Centro 42500 Actopan Actopan,Empresarial,20.0,2.0,1.0,Nivel 3.7,5.0,0.0,100.0,VERDADERO,,3.0,1.0,9.0,3.044522437723423,"(1.645, 3.29]",0,2,-1.3012860250986122,1.8846665238145945,0.9063330158789191,1.0214474997012368,0.32981992674178046,-0.19747650460984656,-0.6390003128053527,-0.19747650460984656,0.24404730358565963,77.5,72.5,142.5,-86.0,-0.19747650460984656,2.2076190409775314,65.0,Dominado por rareza,Rareza,0.7503940547476008,2.6931245508855346,3.3217332103079085,0.35774963506849783,0.18293853110111424,0.5913916021429794,0.5110526221137135,0.2977600207297401,0.27713325429554014,0.04717011932794442,0.27197656268699016,207.0,311.0,2.0879062507479604,0.3571428571428571,1.9339964857771041,1.7533769030221074,0.5096989677696869,-0.6876167590336059,2.2980662882233824,-1.2306214890164984,-1.992925551079499,0.6553325481355352,-0.19155299255413713,0.7743301332440936,0.968131817789353,-0.4000206685427773,229.0,143.0,0
1742.0,Baja de vehículo de transporte público.,Secretaría de Hacienda,Secretaría de Hacienda,Calle No. 1 Centro 42500 Actopan Actopan,Ambos,20.0,1.0,3.0,,1626.0,0.0,100.0,VERDADERO,,4.0,1.0,0.0,3.044522437723423,"(1.645, 3.29]",1,1,-1.3012860250986122,1.8846665238145945,0.9063330158789191,1.0214474997012368,0.32981992674178046,-0.19747650460984656,-0.6390003128053527,-0.19747650460984656,0.24404730358565963,77.5,72.5,142.5,7.0,-0.19747650460984656,2.2076190409775314,65.0,Dominado por rareza,Rareza,1.157452788691043,0.8094275863317937,1.157452788691043,0.35774963506849783,0.2821753605887091,0.1777447229249331,0.1780754940817648,0.2977600207297401,0.1476558187430601,0.02039885759788321,0.11012976824639012,62.5,73.5,1.4405190729855606,1.0,2.2624435789037953,-0.014731918224534696,0.25292273943662025,-0.09737585293178269,-0.28986884486284525,-1.2306214890164984,0.649444724332729,0.6553325481355352,-0.06261778286857242,0.4599200835136422,-0.24117425187463498,-0.04175461710571726,298.5,305.5,2
1746.0,Reposición de Tarjeta de Circulación por Pérdida o Actualización Datos,Secretaría de Hacienda,Secretaría de Hacienda,Calle No. 1 Centro 42500 Actopan Actopan,Ambos,1440.0,1.0,3.0,,1535.0,0.0,100.0,VERDADERO,,4.0,1.0,0.0,7.273092595999522,"(6.579, 8.224]",1,1,0.09179778444881183,1.3639886036055924,0.6559398647502834,-0.6454347264697414,0.08913581800905887,0.3738688245995476,0.2610404085392533,0.3738688245995476,0.4866972406598419,301.0,292.0,287.0,7.0,0.3738688245995476,0.5641420803014716,14.0,Dominado por rareza,Rareza,1.157452788691043,0.8094275863317937,1.157452788691043,0.35774963506849783,0.2821753605887091,0.1777447229249331,0.1780754940817648,0.2977600207297401,0.261924884584939,0.053238301936568144,0.2529661005487387,192.0,286.5,2.0118644021949548,1.0,2.8337889081131897,-0.1092333895277954,0.23919862297863673,-0.09737585293178269,-0.28986884486284525,-0.11836896865719373,0.649444724332729,0.6553325481355352,0.1598327212032885,0.4599200835136422,-0.24117425187463498,0.23630851298410888,451.0,458.0,2
1747.0,Inscripción al Registro Estatal de Contribuyentes,Secretaría de Hacienda,Secretaría de Hacienda,Calle No. 1 Centro 42500 Actopan Actopan,Ambos,1440.0,1.0,1.0,Nivel 3.1,0.0,0.0,0.0,FALSO,,2.0,0.0,3.0,7.273092595999522,"(6.579, 8.224]",0,1,0.09179778444881183,1.3639886036055924,0.6559398647502834,-0.6454347264697414,0.08913581800905887,0.3738688245995476,0.2610404085392533,0.3738688245995476,0.4866972406598419,301.0,292.0,287.0,5.0,0.3738688245995476,0.5641420803014716,14.0,Dominado por rareza,Rareza,0.7503940547476008,0.8094275863317937,3.8607297110405954,1.2014696741078175,0.18293853110111424,0.1777447229249331,0.5939778775661291,1.0,0.46570599123834483,0.08452975417982544,0.332132489047931,556.0,384.0,1.328529956191724,0.7857142857142857,1.5202663643398806,-1.2139952944790522,0.07875793530680804,-0.6876167590336059,-0.28986884486284525,-0.11836896865719373,-0.231345367471347,-1.5236481744151193,-0.5701696228880222,0.36068325402604734,-0.6228659323296433,-0.6240571107183258,62.0,67.0,1
1780.0,Laboratorio de Constatación de Leche.,Secretaría de Agricultura y Desarrollo Rural,Secretaría de Agricultura y Desarrollo Rural,Boulevard s/n San Miguel la Higa 42188 San Miguel La Higa Mineral De La Reforma,Ambos,1440.0,0.0,1.0,Nivel 2,78.0,0.0,100.0,VERDADERO,,1.0,1.0,2.0,7.273092595999522,"(6.579, 8.224]",0,0,0.09179778444881183,1.3639886036055924,0.6559398647502834,-0.6454347264697414,0.08913581800905887,0.3738688245995476,0.2610404085392533,0.3738688245995476,0.4866972406598419,301.0,292.0,287.0,47.0,0.3738688245995476,0.5641420803014716,14.0,Dominado por rareza,Rareza,0.7503940547476008,0.7794752640484426,2.2512917986064953,0.35774963506849783,0.18293853110111424,0.17116739925186739,0.3463639323142087,0.2977600207297401,0.2744197415992956,0.05786144088527131,0.2685846718166845,204.0,302.5,2.0743386872667378,0.8571428571428572,2.5851176120953863,-0.3010219996219632,0.2113458373664372,-0.6876167590336059,-0.3310191299741076,-0.11836896865719373,0.06225132979667862,0.6553325481355352,-0.08388419594653866,0.35410593035298166,-0.6481640977248081,-0.012237297112447004,295.0,342.0,2
4806.0,Equivalencia de Estudios UPMH,Secretaría de Educación Pública,Universidad Politécnica Metropolitana de Hidalgo,Boulevard 1009 San Javier 43860 Tolcayuca Tolcayuca,Social,44640.0,1.0,4.0,Nivel 3.7,14.0,0.0,100.0,VERDADERO,,5.0,1.0,9.0,10.706407998237976,"(9.869, 11.514]",2,1,1.2228884181390618,1.6245897174547026,0.7812625096170339,-1.1049548350889469,0.022784886880687517,1.0020754638780478,1.0904006455824533,1.0020754638780478,0.9137502821736423,615.0,615.0,591.0,-50.0,1.0020754638780478,-0.4416259085220279,24.0,Dominado por tiempo,Tiempo,1.9671875475025984,0.8094275863317937,3.3217332103079085,0.35774963506849783,0.4795805591257976,0.1777447229249331,0.5110526221137135,0.2977600207297401,0.49364267775444637,0.11424701237313321,0.542613342010623,585.0,627.0,3.170453368042492,0.3571428571428571,3.0165436030716357,1.499720946644236,0.47286140495101187,1.0767509692910755,-0.28986884486284525,1.104576913845825,-1.992925551079499,0.6553325481355352,0.1107732070660183,0.6573252820507307,0.5180995212722059,0.0712708580435168,420.0,370.0,3
4904.0,Reinscripción UPMH,Secretaría de Educación Pública,Universidad Politécnica Metropolitana de Hidalgo,Boulevard 1009 San Javier 43860 Tolcayuca Tolcayuca,Social,2880.0,0.0,3.0,Nivel 3.7,7750.0,0.0,100.0,VERDADERO,,3.0,1.0,9.0,7.9658927350845286,"(6.579, 8.224]",1,0,0.32003773811792385,1.3639886036055924,0.6559398647502834,-0.8069462283537766,0.06581488310993365,0.4879888014341036,0.4208083761076317,0.4879888014341036,0.5551692267605756,393.0,378.0,373.0,1.0,0.4879888014341036,0.3359021266323596,20.0,Dominado por rareza,Rareza,1.157452788691043,0.7794752640484426,3.3217332103079085,0.35774963506849783,0.2821753605887091,0.17116739925186739,0.5110526221137135,0.2977600207297401,0.3500288408236268,0.07679902152662417,0.3630960458470984,324.0,436.0,2.4523841833883937,0.3571428571428571,2.298474418417537,0.8023765393475548,0.37158852818964344,-0.09737585293178269,-0.3310191299741076,0.10379130004268618,-1.992925551079499,0.6553325481355352,-0.33243933716143353,0.4533427598405765,-0.26647241726980003,-0.3750685300427694,151.0,152.0,3
5041.0,Inscripción De las Demás Zonas por división (Registro Público de la Propiedad y del Comercio),Secretaría de Gobierno,Dirección General del Instituto de la Función Registral,Avenida 907 Las Terrazas 42000 Pachuca De Soto Pachuca De Soto,Ambos,21600.0,1.0,5.0,,47334.0,0.0,100.0,VERDADERO,,6.0,1.0,0.0,9.980494888896912,"(9.869, 11.514]",2,1,0.9837395422993063,1.6245897174547026,0.7812625096170339,-0.9357237539840406,0.04722046564330571,0.88250102595817,0.9229964324946245,0.88250102595817,0.8420056194217156,536.0,522.0,487.0,17.0,0.88250102595817,-0.20247703268227235,49.0,Dominado por tiempo,Tiempo,1.9671875475025984,0.8094275863317937,1.157452788691043,0.35774963506849783,0.4795805591257976,0.1777447229249331,0.1780754940817648,0.2977600207297401,0.40313236456408114,0.0901593894726741,0.4294754505226664,472.5,539.5,2.7179018020906653,1.0,3.5398263080089007,0.5698971928375397,0.3378263699758246,1.0767509692910755,-0.28986884486284525,0.871798306674979,0.649444724332729,0.6553325481355352,0.5926915407142948,0.6573252820507307,0.5180995212722059,0.6736687751038622,602.5,619.5,2
5055.0,"Certificaciones. (Registro Público de la Propiedad y del Comercio, Registro de Crédito Agrícola)",Secretaría de Gobierno,Dirección General del Instituto de la Función Registral,Avenida 907 Las Terrazas 42000 Pachuca De Soto Pachuca De Soto,Ambos,21600.0,1.0,1.0,,47334.0,0.0,100.0,VERDADERO,,2.0,1.0,0.0,9.980494888896912,"(9.869, 11.514]",0,1,0.9837395422993063,1.6245897174547026,0.7812625096170339,-0.9357237539840406,0.04722046564330571,0.88250102595817,0.9229964324946245,0.88250102595817,0.8420056194217156,536.0,522.0,487.0,42.0,0.88250102595817,-0.20247703268227235,49.0,Dominado por tiempo,Tiempo,0.7503940547476008,0.8094275863317937,1.157452788691043,0.35774963506849783,0.18293853110111424,0.1777447229249331,0.1780754940817648,0.2977600207297401,0.3438039589591445,0.07860924236733813,0.3553149435164955,316.5,422.5,2.421259774065982,1.0,3.2431842799842174,-0.5770571830827509,0.1712582180725567,-0.6876167590336059,-0.28986884486284525,0.871798306674979,0.649444724332729,0.6553325481355352,0.2398179950493584,0.36068325402604734,-0.6228659323296433,0.3884274117034,497.5,539.5,2
5056.0,Cancelación de Inscripción. (Registro Público de la Propiedad y del Comercio),Secretaría de Gobierno,Dirección General del Instituto de la Función Registral,Avenida 907 Las Terrazas 42000 Pachuca De Soto Pachuca De Soto,Ambos,21600.0,1.0,2.0,,47334.0,0.0,100.0,VERDADERO,,3.0,1.0,0.0,9.980494888896912,"(9.869, 11.514]",1,1,0.9837395422993063,1.6245897174547026,0.7812625096170339,-0.9357237539840406,0.04722046564330571,0.88250102595817,0.9229964324946245,0.88250102595817,0.8420056194217156,536.0,522.0,487.0,33.0,0.88250102595817,-0.20247703268227235,49.0,Dominado por tiempo,Tiempo,1.157452788691043,0.8094275863317937,1.157452788691043,0.35774963506849783,0.2821753605887091,0.1777447229249331,0.1780754940817648,0.2977600207297401,0.36365132485666346,0.0824731587061028,0.38012415088839424,354.0,465.0,2.5204966035535774,1.0,3.342421109471812,-0.1933620047859594,0.22698091993836575,-0.09737585293178269,-0.28986884486284525,0.871798306674979,0.649444724332729,0.6553325481355352,0.35786617626972306,0.4599200835136422,-0.24117425187463498,0.4838503318171521,540.0,573.0,2
5206.0,Servicios de Psicología para Mujeres Jóvenes.,Secretaría de Gobierno,Ciudad de las Mujeres,Calle Sin número Tlaxinacalpan 42850 Tepeji Del Río De Ocampo Tepeji Del Río De Ocampo,Social,60.0,1.0,0.0,,714.0,0.0,100.0,FALSO,,1.0,0.0,0.0,4.110873864173311,"(3.29, 4.934]",0,1,-0.9499812454988917,1.754854912292604,0.8439068264813923,0.6030482046840534,0.2694065035049546,-0.05303720950874974,-0.41181482390480656,-0.05303720950874974,0.30574040488730697,199.5,194.5,194.5,5.0,-0.05303720950874974,1.7938880719802839,5.0,Dominado por rareza,Rareza,0.7503940547476008,0.8094275863317937,1.157452788691043,1.2014696741078175,0.18293853110111424,0.1777447229249331,0.1780754940817648,1.0,0.2971443077198125,0.03849030482031458,0.12143038464976559,233.0,99.0,0.48572153859906236,1.0,1.3076460445172977,-1.459918178880069,0.04304341934576066,-0.6876167590336059,-0.28986884486284525,-0.9494378303744968,0.649444724332729,-1.5236481744151193,-0.5602253768706676,0.36068325402604734,-0.6228659323296433,-0.6116268031966325,67.0,72.0,1
5207.0,Orientación Vocacional para Mujeres Jóvenes.,Secretaría de Gobierno,Ciudad de las Mujeres,Calle Sin número Tlaxinacalpan 42850 Tepeji Del Río De Ocampo Tepeji Del Río De Ocampo,Social,1440.0,1.0,0.0,,577.0,0.0,100.0,FALSO,,1.0,0.0,0.0,7.273092595999522,"(6.579, 8.224]",0,1,0.09179778444881183,1.3639886036055924,0.6559398647502834,-0.6454347264697414,0.08913581800905887,0.3738688245995476,0.2610404085392533,0.3738688245995476,0.4866972406598419,301.0,292.0,287.0,8.0,0.3738688245995476,0.5641420803014716,14.0,Dominado por rareza,Rareza,0.7503940547476008,0.8094275863317937,1.157452788691043,1.2014696741078175,0.18293853110111424,0.1777447229249331,0.1780754940817648,1.0,0.382525514541472,0.06302775393947972,0.22815689317683993,427.5,256.5,0.9126275727073597,1.0,1.734552078625595,-1.5305291496344806,0.03278883629556667,-0.6876167590336059,-0.28986884486284525,-0.11836896865719373,0.649444724332729,-1.5236481744151193,-0.394011604527207,0.36068325402604734,-0.6228659323296433,-0.4038595877673068,133.5,141.5,1
5516.0,Expedición de Permiso de circulación.,Secretaría de Hacienda,Secretaría de Hacienda,Calle No. 1 Centro 42500 Actopan Actopan,Ambos,10.0,1.0,3.0,,546.0,0.0,100.0,VERDADERO,,4.0,1.0,0.0,2.3978952727983707,"(1.645, 3.29]",1,1,-1.5143144958471932,1.8846665238145945,0.9063330158789191,1.172194762402416,0.35158659387487234,-0.30399073998413706,-0.7881202423293596,-0.30399073998413706,0.18013876236108534,21.0,18.0,18.0,7.0,-0.30399073998413706,2.4206475117261124,3.0,Dominado por rareza,Rareza,1.157452788691043,0.8094275863317937,1.157452788691043,0.35774963506849783,0.2821753605887091,0.1777447229249331,0.1780754940817648,0.2977600207297401,0.126352971668202,0.01427669622712025,0.0835012094028175,32.0,38.0,1.33400483761127,1.0,2.155929343529505,0.002885714130210998,0.25548128624881283,-0.09737585293178269,-0.28986884486284525,-1.4379754668868243,0.649444724332729,0.6553325481355352,-0.10408857844263761,0.4599200835136422,-0.24117425187463498,-0.09359311157329875,288.0,295.0,2
5517.0,Baja Administrativa de Vehículos,Secretaría de Hacienda,Secretaría de Hacienda,Calle No. 1 Centro 42500 Actopan Actopan,Ambos,10.0,1.0,1.0,,3168.0,0.0,100.0,VERDADERO,,2.0,1.0,0.0,2.3978952727983707,"(1.645, 3.29]",0,1,-1.5143144958471932,1.8846665238145945,0.9063330158789191,1.172194762402416,0.35158659387487234,-0.30399073998413706,-0.7881202423293596,-0.30399073998413706,0.18013876236108534,21.0,18.0,18.0,14.0,-0.30399073998413706,2.4206475117261124,3.0,Dominado por rareza,Rareza,0.7503940547476008,0.8094275863317937,1.157452788691043,0.35774963506849783,0.18293853110111424,0.1777447229249331,0.1780754940817648,0.2977600207297401,0.10650560577068305,0.010412779888355572,0.05869200203091876,10.0,11.0,1.2347680081236752,1.0,2.0566925140419103,-0.3808094641665804,0.19975858438300378,-0.6876167590336059,-0.28986884486284525,-1.4379754668868243,0.649444724332729,0.6553325481355352,-0.22213675966300223,0.36068325402604734,-0.6228659323296433,-0.1890160316870509,219.0,233.0,2
5518.0,Alta de vehículo de transporte público,Secretaría de Hacienda,Secretaría de Hacienda,Calle No. 1 Centro 42500 Actopan Actopan,Ambos,30.0,3.0,6.0,,1782.0,0.0,100.0,VERDADERO,,9.0,1.0,0.0,3.4339872044851463,"(3.29, 4.934]",2,3,-1.17297857348804,1.754854912292604,0.8439068264813923,0.7608498199607056,0.2921917612353043,-0.16453587350332388,-0.5679129534972103,-0.16453587350332388,0.23884120649056245,142.0,128.0,88.0,-10.0,-0.16453587350332388,2.016885399969432,54.0,Dominado por rareza,Rareza,1.9671875475025984,4.014880390867853,1.157452788691043,0.35774963506849783,0.4795805591257976,0.881640080844775,0.1780754940817648,0.2977600207297401,0.33450405625575075,0.052815651505736895,0.3436900651372534,299.0,401.0,2.3747602605490137,1.0,3.196684766467249,2.788844822543923,0.6600763335402127,1.0767509692910755,4.113973220187095,-1.166495122531356,0.649444724332729,0.6553325481355352,1.0658012678830158,1.3612206399705726,3.2254714054423794,0.840938388844822,651.0,641.0,0
5575.0,Ampliación de Periodo de Verificación Vehícular Extemporánea,Secretaría de Medio Ambiente y Recursos Naturales,Secretaría de Medio Ambiente y Recursos Naturales,Calle 100 Adolfo López Mateos 43094 Pachuca De Soto Pachuca De Soto,Social,43200.0,0.0,3.0,Nivel 1,20.0,10.0,66.66666667,FALSO,,3.0,0.0,1.0,10.673618922112436,"(9.869, 11.514]",1,0,1.2120862014627916,1.6245897174547026,0.7812625096170339,-1.0973107648417608,0.023888627868291986,0.9966743555399127,1.0828390939090642,0.9966743555399127,0.9105096171707612,602.0,602.0,578.0,8.0,0.9966743555399127,-0.43082369184575764,24.0,Dominado por tiempo,Tiempo,1.157452788691043,0.7794752640484426,0.9314425368947573,1.2014696741078175,0.2821753605887091,0.17116739925186739,0.14330354688063304,1.0,0.5186641324522244,0.1006778212985578,0.39833016556528056,605.0,500.5,1.5933206622611222,0.9285714285714286,2.378588543951918,-1.163451762768434,0.08609819473164063,-0.09737585293178269,-0.3310191299741076,1.0940624385281792,0.3558480270647038,-1.5236481744151193,-0.10042653834562532,0.4533427598405765,-0.26647241726980003,-0.08505253152300912,290.0,298.0,1
5805.0,Licitaciones Públicas,Oficialía Mayor,Oficialía Mayor,Calle 901 Jardin Colón 42000 Pachuca De Soto Pachuca De Soto,Social,0.0,0.0,0.0,,583.0,0.0,100.0,FALSO,,0.0,0.0,0.0,0.0,"(-0.0142, 1.645]",0,0,-2.304290529468817,4.890349128221754,2.35176081183373,5.662847625077341,1.0,0.023735141182456454,-0.9074751270780529,0.023735141182456454,0.9549454094429657,6.0,212.0,601.0,5.0,0.023735141182456454,4.656051341302547,595.0,Dominado por rareza,Rareza,0.7503940547476008,0.7794752640484426,1.157452788691043,1.2014696741078175,0.18293853110111424,0.17116739925186739,0.1780754940817648,1.0,0.3111833131234406,0.0426895849062462,0.13897914140430073,263.0,116.0,0.5559165656172029,1.0,1.3778410715354381,-1.4917324557556197,0.038423143758035246,-0.6876167590336059,-0.3310191299741076,-0.7999831377661539,0.649444724332729,-1.5236481744151193,-0.5385644953712515,0.35410593035298166,-0.6481640977248081,-0.580587671393338,70.0,75.0,1
5911.0,Visita Guiada al Parque Ecológico Cubitos,Secretaría de Medio Ambiente y Recursos Naturales,Secretaría de Medio Ambiente y Recursos Naturales,Calle 100 Adolfo López Mateos 42094 Pachuca De Soto Pachuca De Soto,Social,43200.0,0.0,0.0,Nivel 1,1500.0,1500.0,50.0,VERDADERO,,0.0,1.0,1.0,10.673618922112436,"(9.869, 11.514]",0,0,1.2120862014627916,1.6245897174547026,0.7812625096170339,-1.0973107648417608,0.023888627868291986,0.9966743555399127,1.0828390939090642,0.9966743555399127,0.9105096171707612,602.0,602.0,578.0,29.0,0.9966743555399127,-0.43082369184575764,24.0,Dominado por tiempo,Tiempo,0.7503940547476008,0.7794752640484426,0.9314425368947573,0.35774963506849783,0.18293853110111424,0.17116739925186739,0.14330354688063304,0.2977600207297401,0.3583687707006535,0.08316053661811687,0.3735209581933818,338.5,450.0,2.4940838327735273,0.9285714285714286,3.279351714464323,-0.509546359255332,0.18106257768309258,-0.6876167590336059,-0.3310191299741076,1.0940624385281792,0.3558480270647038,0.6553325481355352,0.21732142494414095,0.35410593035298166,-0.6481640977248081,0.36426972900090254,488.5,517.5,2
6110.0,Titulación (ITSOEH),Secretaría de Educación Pública,Instituto Tecnológico Superior del Occidente del Estado de Hidalgo,Carretera 0 cinta larga 42700 Mixquiahuala De Juárez Mixquiahuala De Juárez,Social,48960.0,0.0,1.0,,372.0,0.0,100.0,VERDADERO,,1.0,1.0,0.0,10.798779341814225,"(9.869, 11.514]",0,0,1.2533197503354452,1.6245897174547026,0.7812625096170339,-1.1264892338143135,0.01967549649729141,1.0172911299762395,1.1117025781199217,1.0172911299762395,0.9228796818325573,618.0,618.0,596.0,56.0,1.0172911299762395,-0.47205724071841126,22.0,Dominado por tiempo,Tiempo,0.7503940547476008,0.7794752640484426,1.157452788691043,0.35774963506849783,0.18293853110111424,0.17116739925186739,0.1780754940817648,0.2977600207297401,0.36944651502814524,0.08614323210018245,0.3873681386027465,373.0,490.0,2.549472554410986,1.0,3.3713970603292216,-0.61846769321829,0.16524431526398706,-0.6876167590336059,-0.3310191299741076,1.1341976390035464,0.649444724332729,0.6553325481355352,0.28406780449281943,0.35410593035298166,-0.6481640977248081,0.44770270343675067,507.0,563.0,2
6112.0,Constancia de Residencia Profesional (ITSOEH),Secretaría de Educación Pública,Instituto Tecnológico Superior del Occidente del Estado de Hidalgo,Carretera 0 cinta larga 42700 Mixquiahuala De Juárez Mixquiahuala De Juárez,Social,21600.0,0.0,0.0,,374.0,0.0,100.0,VERDADERO,,0.0,1.0,0.0,9.980494888896912,"(9.869, 11.514]",0,0,0.9837395422993063,1.6245897174547026,0.7812625096170339,-0.9357237539840406,0.04722046564330571,0.88250102595817,0.9229964324946245,0.88250102595817,0.8420056194217156,536.0,522.0,487.0,40.0,0.88250102595817,-0.20247703268227235,49.0,Dominado por tiempo,Tiempo,0.7503940547476008,0.7794752640484426,1.157452788691043,0.35774963506849783,0.18293853110111424,0.17116739925186739,0.1780754940817648,0.2977600207297401,0.3424884942245313,0.07839584730151423,0.35367061259822913,313.0,419.0,2.4146824503929167,1.0,3.236606956311152,-0.596173184983746,0.16848206831867196,-0.6876167590336059,-0.3310191299741076,0.871798306674979,0.649444724332729,0.6553325481355352,0.23158793802710598,0.35410593035298166,-0.6481640977248081,0.38210287035460877,495.0,535.0,2
6251.0,Atención Jurídica en Materia Familiar y Penal a Mujeres en Situación de Violencia de Género.,Secretaría de Gobierno,Ciudad de las Mujeres,Calle Sin Número Tlaxinacalpan 42850 Tepeji Del Río De Ocampo Tepeji Del Río De Ocampo,Social,120.0,3.0,0.0,,5857.0,0.0,100.0,FALSO,,3.0,0.0,0.0,4.795790545596741,"(3.29, 4.934]",0,3,-0.7243384622255696,1.754854912292604,0.8439068264813923,0.44337456196765934,0.24635094038122837,0.05978418212791131,-0.2538648756134811,0.05978418212791131,0.3734332398693036,218.5,216.5,213.5,-165.0,0.05978418212791131,1.568245288706962,5.0,Dominado por rareza,Rareza,0.7503940547476008,4.014880390867853,1.157452788691043,1.2014696741078175,0.18293853110111424,0.881640080844775,0.1780754940817648,1.0,0.4604876576311131,0.0678122064307348,0.3256095720388913,548.0,376.0,1.3024382881555652,1.0,2.1243627940738006,0.5671869531135335,0.33743277138853967,-0.6876167590336059,4.113973220187095,-0.7298055505902847,0.649444724332729,-1.5236481744151193,0.3644694920961628,1.064578611945889,2.0845059518405296,0.12012423779196357,547.0,382.0,0
6256.0,Atención de Trabajo Social a Mujeres en Situación de Violencia de Género,Secretaría de Gobierno,Ciudad de las Mujeres,Calle sin número Tlaxinacalpan 42850 Tepeji Del Río De Ocampo Tepeji Del Río De Ocampo,Social,45.0,6.0,0.0,,1219.0,0.0,100.0,FALSO,,6.0,0.0,0.0,3.828641396489095,"(3.29, 4.934]",0,4,-1.04296148859359,1.754854912292604,0.8439068264813923,0.6688446547198725,0.27890697071614184,-0.0995273310560989,-0.4769009940710954,-0.0995273310560989,0.27784633195889746,182.5,177.5,177.5,-164.0,-0.0995273310560989,1.8868683150749823,5.0,Dominado por rareza,Rareza,0.7503940547476008,4.553876891600541,1.157452788691043,1.2014696741078175,0.18293853110111424,1.0,0.1780754940817648,1.0,0.45229733882535605,0.062495470769008,0.31537167353169504,536.0,361.0,1.2614866941267802,1.0,2.083411200045015,0.9375326448004386,0.3912167742440397,-0.6876167590336059,4.854478729886802,-1.0399413353815337,0.649444724332729,-1.5236481744151193,0.4505434370778543,1.1829385311011142,2.5397502061576644,0.15640135517343512,578.0,414.0,0
6609.0,Inscripción UPFIM,Secretaría de Educación Pública,Universidad Politécnica Francisco I. Madero,Calle s/n Domicilio Conocido 42660 Tepatepec Francisco I. Madero,Social,1440.0,0.0,3.0,Nivel 3.9,850.0,0.0,100.0,VERDADERO,,3.0,1.0,11.0,7.273092595999522,"(6.579, 8.224]",1,0,0.09179778444881183,1.3639886036055924,0.6559398647502834,-0.6454347264697414,0.08913581800905887,0.3738688245995476,0.2610404085392533,0.3738688245995476,0.4866972406598419,301.0,292.0,287.0,-6.0,0.3738688245995476,0.5641420803014716,14.0,Dominado por rareza,Rareza,1.157452788691043,0.7794752640484426,4.197201947661808,0.35774963506849783,0.2821753605887091,0.17116739925186739,0.6457445330760089,0.2977600207297401,0.35414322764917466,0.07720322415907144,0.36823902937903324,330.0,440.0,2.4729561175161328,0.2142857142857143,2.0414972987258384,1.0322747441411129,0.4049758362659702,-0.09737585293178269,-0.3310191299741076,-0.11836896865719373,-2.5801189456155496,0.6553325481355352,-0.4943100698086197,0.4533427598405765,-0.26647241726980003,-0.577406945851752,82.0,76.0,3
6613.0,Reinscripción UPFIM,Secretaría de Educación Pública,Universidad Politécnica Francisco I. Madero,Calle s/n Domicilio Conocido 42660 Tepatepec Francisco I. Madero,Social,1440.0,0.0,1.0,Nivel 3.9,2419.0,0.0,100.0,VERDADERO,,1.0,1.0,11.0,7.273092595999522,"(6.579, 8.224]",0,0,0.09179778444881183,1.3639886036055924,0.6559398647502834,-0.6454347264697414,0.08913581800905887,0.3738688245995476,0.2610404085392533,0.3738688245995476,0.4866972406598419,301.0,292.0,287.0,4.0,0.3738688245995476,0.5641420803014716,14.0,Dominado por rareza,Rareza,0.7503940547476008,0.7794752640484426,4.197201947661808,0.35774963506849783,0.18293853110111424,0.17116739925186739,0.6457445330760089,0.2977600207297401,0.3342958617516557,0.07333930782030676,0.34342982200713457,297.0,399.0,2.3737192880285383,0.2142857142857143,1.9422604692382435,0.6485795658443215,0.34925313440016126,-0.6876167590336059,-0.3310191299741076,-0.11836896865719373,-2.5801189456155496,0.6553325481355352,-0.6123582510289843,0.35410593035298166,-0.6481640977248081,-0.672829865965504,47.0,51.0,3
6668.0,Compulsa de documentos,Secretaría de Medio Ambiente y Recursos Naturales,Secretaría de Medio Ambiente y Recursos Naturales,Calle 100 Adolfo López Mateos 43094 Pachuca De Soto Pachuca De Soto,Ambos,43200.0,0.0,0.0,,1426.0,0.0,100.0,FALSO,,0.0,0.0,0.0,10.673618922112436,"(9.869, 11.514]",0,0,1.2120862014627916,1.6245897174547026,0.7812625096170339,-1.0973107648417608,0.023888627868291986,0.9966743555399127,1.0828390939090642,0.9966743555399127,0.9105096171707612,602.0,602.0,578.0,29.0,0.9966743555399127,-0.43082369184575764,24.0,Dominado por tiempo,Tiempo,0.7503940547476008,0.7794752640484426,1.157452788691043,1.2014696741078175,0.18293853110111424,0.17116739925186739,0.1780754940817648,1.0,0.5057711559949318,0.09861160183955657,0.3822139449936648,597.5,476.0,1.5288557799746592,1.0,2.3507802858928946,-1.652658226117035,0.015052459862084453,-0.6876167590336059,-0.3310191299741076,1.0940624385281792,0.649444724332729,-1.5236481744151193,-0.1597553801123849,0.35410593035298166,-0.6481640977248081,-0.10707627731975478,255.5,284.5,1
6730.0,Donación de Planta Forestal para Reforestación,Secretaría de Medio Ambiente y Recursos Naturales,Secretaría de Medio Ambiente y Recursos Naturales,Calle 100 Adolfo López Mateos 43094 Pachuca De Soto Pachuca De Soto,Social,7200.0,0.0,0.0,,10.0,8.0,55.55555556,FALSO,,0.0,0.0,0.0,8.881975184248867,"(8.224, 9.869]",0,0,0.6218370651655479,1.9459101490553135,0.9357849740192016,-0.25931869873693625,0.14488780248834904,0.7788110195923748,0.716021437821644,0.7788110195923748,0.8416006013631054,461.5,461.5,441.5,10.0,0.7788110195923748,0.31394790885365365,20.0,Dominado por rareza,Rareza,0.7503940547476008,0.7794752640484426,1.157452788691043,1.2014696741078175,0.18293853110111424,0.17116739925186739,0.1780754940817648,1.0,0.4621984888054243,0.08608938361439049,0.3277481110067803,552.5,378.5,1.3109924440271212,1.0,2.1329169499453564,-1.616623266631905,0.02028569034741319,-0.6876167590336059,-0.3310191299741076,0.6699423274268128,0.649444724332729,-1.5236481744151193,-0.24457940233265818,0.35410593035298166,-0.6481640977248081,-0.2131063050950964,200.5,210.5,1
6779.0,"Visita al Parque Nacional ""El Chico""",Secretaría de Medio Ambiente y Recursos Naturales,Secretaría de Medio Ambiente y Recursos Naturales,Carretera km. 7.5 Mineral del Chico 0 Pachuca De Soto Pachuca De Soto,Social,43200.0,0.0,0.0,,1700.0,1700.0,50.0,VERDADERO,,0.0,1.0,0.0,10.673618922112436,"(9.869, 11.514]",0,0,1.2120862014627916,1.6245897174547026,0.7812625096170339,-1.0973107648417608,0.023888627868291986,0.9966743555399127,1.0828390939090642,0.9966743555399127,0.9105096171707612,602.0,602.0,578.0,56.0,0.9966743555399127,-0.43082369184575764,24.0,Dominado por tiempo,Tiempo,0.7503940547476008,0.7794752640484426,1.157452788691043,0.35774963506849783,0.18293853110111424,0.17116739925186739,0.1780754940817648,0.2977600207297401,0.36532316014087984,0.08495823349788031,0.3822139449936648,364.0,476.0,2.528855779974659,1.0,3.3507802858928946,-0.6150576443071413,0.16573954467934546,-0.6876167590336059,-0.3310191299741076,1.0940624385281792,0.649444724332729,0.6553325481355352,0.276040764397746,0.35410593035298166,-0.6481640977248081,0.43766890331790886,503.0,559.0,2
6876.0,Inscripción UTMZ,Secretaría de Educación Pública,Universidad Tecnológica Minera de Zimapán,Calle 34 La Tahona 42344 Zimapán Zimapán,Social,4320.0,0.0,4.0,,233.0,0.0,100.0,VERDADERO,,4.0,1.0,0.0,8.371242135931933,"(8.224, 9.869]",2,0,0.4535783124477769,1.9459101490553135,0.9357849740192016,-0.14025223635945364,0.16208002214691,0.6946816432334892,0.5982403109192043,0.6946816432334892,0.7911229755477741,426.5,419.5,406.5,13.0,0.6946816432334892,0.48220666157142467,20.0,Dominado por rareza,Rareza,1.9671875475025984,0.7794752640484426,1.157452788691043,0.35774963506849783,0.4795805591257976,0.17116739925186739,0.1780754940817648,0.2977600207297401,0.36425302328453185,0.0791506245151453,0.38087627392322976,361.5,472.5,2.523505095692919,1.0,3.3454296016111544,0.5818468304007077,0.33956177383024005,1.0767509692910755,-0.3310191299741076,0.5061655253640223,0.649444724332729,0.6553325481355352,0.5113349274298509,0.650747958377665,0.4928013558770408,0.5759360384273318,584.5,597.5,2
6879.0,Examen de Ingreso UTMZ,Secretaría de Educación Pública,Universidad Tecnológica Minera de Zimapán,Calle 34 La Tahona 0 Zimapán Zimapán,Social,4320.0,0.0,1.0,,233.0,0.0,100.0,VERDADERO,,1.0,1.0,0.0,8.371242135931933,"(8.224, 9.869]",0,0,0.4535783124477769,1.9459101490553135,0.9357849740192016,-0.14025223635945364,0.16208002214691,0.6946816432334892,0.5982403109192043,0.6946816432334892,0.7911229755477741,426.5,419.5,406.5,35.0,0.6946816432334892,0.48220666157142467,20.0,Dominado por rareza,Rareza,0.7503940547476008,0.7794752640484426,1.157452788691043,0.35774963506849783,0.18293853110111424,0.17116739925186739,0.1780754940817648,0.2977600207297401,0.30492461767959517,0.06760047740980933,0.30671576691705893,255.5,353.5,2.2268630676682357,1.0,3.048787573586471,-0.5651075455195829,0.17299362192697218,-0.6876167590336059,-0.3310191299741076,0.5061655253640223,0.649444724332729,0.6553325481355352,0.15846138176491462,0.35410593035298166,-0.6481640977248081,0.29069467502686963,446.5,481.5,2
6894.0,Solicitud de Examen de Admisión UPMH,Secretaría de Educación Pública,Universidad Politécnica Metropolitana de Hidalgo,Boulevard 1009 San Javier 43860 Tolcayuca Tolcayuca,Social,4320.0,0.0,3.0,Nivel 3.7,1836.0,0.0,100.0,VERDADERO,,3.0,1.0,9.0,8.371242135931933,"(8.224, 9.869]",1,0,0.4535783124477769,1.9459101490553135,0.9357849740192016,-0.14025223635945364,0.16208002214691,0.6946816432334892,0.5982403109192043,0.6946816432334892,0.7911229755477741,426.5,419.5,406.5,-15.0,0.6946816432334892,0.48220666157142467,20.0,Dominado por rareza,Rareza,1.157452788691043,0.7794752640484426,3.3217332103079085,0.35774963506849783,0.2821753605887091,0.17116739925186739,0.5110526221137135,0.2977600207297401,0.3913674091835039,0.08867918878530827,0.41476925629694483,438.0,513.0,2.6590770251877793,0.3571428571428571,2.505167260216923,0.768189198243493,0.3666236208265052,-0.09737585293178269,-0.3310191299741076,0.5061655253640223,-1.992925551079499,0.6553325481355352,-0.25196449209716637,0.4533427598405765,-0.26647241726980003,-0.2744749737124354,193.0,178.0,3
6895.0,Certificados de Estudios Parciales y Totales UPMH,Secretaría de Educación Pública,Universidad Politécnica Metropolitana de Hidalgo,Boulevard 1009 San Javier 43860 Tolcayuca Tolcayuca,Social,12960.0,0.0,3.0,Nivel 3.7,19.0,0.0,100.0,VERDADERO,,3.0,1.0,9.0,9.469700127423375,"(8.224, 9.869]",1,0,0.8154604584539717,1.9459101490553135,0.9357849740192016,-0.39633417103778207,0.1251038931541695,0.8756227162365866,0.8515578131235406,0.8756227162365866,0.8996876193496326,485.0,485.0,553.0,0.0,0.8756227162365866,0.12032451556522983,68.0,Sensible,Mixto,1.157452788691043,0.7794752640484426,3.3217332103079085,0.35774963506849783,0.2821753605887091,0.17116739925186739,0.5110526221137135,0.2977600207297401,0.4275556237841234,0.09907921131404665,0.4600045245477191,515.0,573.0,2.8400180981908765,0.3571428571428571,2.6861083332200204,0.7382612426905101,0.36227728905310436,-0.09737585293178269,-0.3310191299741076,0.858408125758948,-1.992925551079499,0.6553325481355352,-0.18151597201818123,0.4533427598405765,-0.26647241726980003,-0.18641432361370397,235.0,235.0,3
6919.0,Historial Académico UTSH,Secretaría de Educación Pública,Universidad Tecnológica de la Sierra Hidalguense,Carretera Km. 100 Zacualtipán 43200 Zacualtipán De Ángeles Zacualtipán De Ángeles,Social,1440.0,0.0,1.0,,463.0,0.0,100.0,VERDADERO,,1.0,1.0,0.0,7.273092595999522,"(6.579, 8.224]",0,0,0.09179778444881183,1.3639886036055924,0.6559398647502834,-0.6454347264697414,0.08913581800905887,0.3738688245995476,0.2610404085392533,0.3738688245995476,0.4866972406598419,301.0,292.0,287.0,28.0,0.3738688245995476,0.5641420803014716,14.0,Dominado por rareza,Rareza,0.7503940547476008,0.7794752640484426,1.157452788691043,0.35774963506849783,0.18293853110111424,0.17116739925186739,0.1780754940817648,0.2977600207297401,0.24076205395280686,0.04916099053197957,0.22651256225857352,160.5,234.0,1.906050249034294,1.0,2.7279747549525295,-0.5120445697255819,0.18069977135894297,-0.6876167590336059,-0.3310191299741076,-0.11836896865719373,0.649444724332729,0.6553325481355352,0.03355448296067141,0.35410593035298166,-0.6481640977248081,0.1345610515215656,366.5,394.5,2
6923.0,Reposición de credencial UTSH,Secretaría de Educación Pública,Universidad Tecnológica de la Sierra Hidalguense,Carretera Km. 100 Zacualtipán 43200 Zacualtipán De Ángeles Zacualtipán De Ángeles,Social,1440.0,0.0,1.0,,188.0,0.0,100.0,VERDADERO,,1.0,1.0,0.0,7.273092595999522,"(6.579, 8.224]",0,0,0.09179778444881183,1.3639886036055924,0.6559398647502834,-0.6454347264697414,0.08913581800905887,0.3738688245995476,0.2610404085392533,0.3738688245995476,0.4866972406598419,301.0,292.0,287.0,28.0,0.3738688245995476,0.5641420803014716,14.0,Dominado por rareza,Rareza,0.7503940547476008,0.7794752640484426,1.157452788691043,0.35774963506849783,0.18293853110111424,0.17116739925186739,0.1780754940817648,0.2977600207297401,0.24076205395280686,0.04916099053197957,0.22651256225857352,160.5,234.0,1.906050249034294,1.0,2.7279747549525295,-0.5120445697255819,0.18069977135894297,-0.6876167590336059,-0.3310191299741076,-0.11836896865719373,0.649444724332729,0.6553325481355352,0.03355448296067141,0.35410593035298166,-0.6481640977248081,0.1345610515215656,366.5,394.5,2
6930.0,Reinsripción UTMZ,Secretaría de Educación Pública,Universidad Tecnológica Minera de Zimapán,Calle 34 La Tahona 42350 Zimapán Zimapán,Social,7200.0,0.0,1.0,Nivel 1,1347.0,0.0,100.0,VERDADERO,,1.0,1.0,1.0,8.881975184248867,"(8.224, 9.869]",0,0,0.6218370651655479,1.9459101490553135,0.9357849740192016,-0.25931869873693625,0.14488780248834904,0.7788110195923748,0.716021437821644,0.7788110195923748,0.8416006013631054,461.5,461.5,441.5,36.0,0.7788110195923748,0.31394790885365365,20.0,Dominado por rareza,Rareza,0.7503940547476008,0.7794752640484426,0.9314425368947573,0.35774963506849783,0.18293853110111424,0.17116739925186739,0.14330354688063304,0.2977600207297401,0.3147961035111459,0.07063831839295079,0.3190551242064974,272.0,369.0,2.2762204968259896,0.9285714285714286,3.061488378516785,-0.47351139977020185,0.1862958081684213,-0.6876167590336059,-0.3310191299741076,0.6699423274268128,0.3558480270647038,0.6553325481355352,0.13249740272386767,0.35410593035298166,-0.6481640977248081,0.25823970122556095,432.0,468.0,2
6932.0,Constancia Escolar UTMZ,Secretaría de Educación Pública,Universidad Tecnológica Minera de Zimapán,Calle 34 La Tahona 42350 Zimapán Zimapán,Social,1440.0,0.0,1.0,Nivel 1,269.0,0.0,100.0,VERDADERO,,1.0,1.0,1.0,7.273092595999522,"(6.579, 8.224]",0,0,0.09179778444881183,1.3639886036055924,0.6559398647502834,-0.6454347264697414,0.08913581800905887,0.3738688245995476,0.2610404085392533,0.3738688245995476,0.4866972406598419,301.0,292.0,287.0,16.0,0.3738688245995476,0.5641420803014716,14.0,Dominado por rareza,Rareza,0.7503940547476008,0.7794752640484426,0.9314425368947573,0.35774963506849783,0.18293853110111424,0.17116739925186739,0.14330354688063304,0.2977600207297401,0.23380766451258048,0.04736329365221612,0.2178195754582906,138.5,188.0,1.8712783018331622,0.9285714285714286,2.656546183523958,-0.40653328467377264,0.1960228043626901,-0.6876167590336059,-0.3310191299741076,-0.11836896865719373,0.3558480270647038,0.6553325481355352,-0.02516485649293365,0.35410593035298166,-0.6481640977248081,0.0611618772045593,342.5,358.5,2
7033.0,Titulación UTHH,Secretaría de Educación Pública,Universidad Tecnológica de la Huasteca Hidalguense,Carretera s/n Tepoxteco 43000 Huejutla De Reyes Huejutla De Reyes,Social,259200.0,0.0,3.0,Nivel 2,1323.0,0.0,100.0,VERDADERO,,3.0,1.0,2.0,12.465359101477507,"(11.514, 13.159]",1,0,1.8023671099878293,3.003279479189374,1.444272137010033,0.28840234507508133,0.22397422454881763,1.623319623498931,1.6949386180944903,1.623319623498931,1.551700628903372,652.0,652.0,652.0,36.0,1.623319623498931,-0.35809497297779624,0.0,Dominado por tiempo,Tiempo,1.157452788691043,0.7794752640484426,2.2512917986064953,0.35774963506849783,0.2821753605887091,0.17116739925186739,0.3463639323142087,0.2977600207297401,0.5441572672766912,0.13354054125846088,0.605756578913429,620.0,645.0,3.423026315653716,0.8571428571428572,3.9338052404823647,-0.12398806940155653,0.23705585269056423,-0.09737585293178269,-0.3310191299741076,2.313968759672197,0.06225132979667862,0.6553325481355352,0.5206315309397042,0.4533427598405765,-0.26647241726980003,0.6912700550836528,587.0,623.0,2
7078.0,"Prestación de servicios del Polideportivo, Gimnasio Presidente Miguel Alemán y el estadio de béisbol G. Alfonso Corona del Rosal del Instituto Hidalguense del Deporte",Secretaría de Educación Pública,Instituto Hidalguense del Deporte,Calle 104 Carlos Rovirosa 42082 Pachuca De Soto Pachuca De Soto,Social,10.0,1.0,0.0,Nivel 1,650.0,20.0,97.01492537,VERDADERO,,1.0,1.0,1.0,2.3978952727983707,"(1.645, 3.29]",0,1,-1.5143144958471932,1.8846665238145945,0.9063330158789191,1.172194762402416,0.35158659387487234,-0.30399073998413706,-0.7881202423293596,-0.30399073998413706,0.18013876236108534,21.0,18.0,18.0,13.0,-0.30399073998413706,2.4206475117261124,3.0,Dominado por rareza,Rareza,0.7503940547476008,0.8094275863317937,0.9314425368947573,0.35774963506849783,0.18293853110111424,0.1777447229249331,0.14330354688063304,0.2977600207297401,0.09955121633045669,0.008615083008592123,0.049999015230635824,8.5,8.5,1.1999960609225433,0.9285714285714286,1.985263942613339,-0.275298179114771,0.21508161738675088,-0.6876167590336059,-0.28986884486284525,-1.4379754668868243,0.3558480270647038,0.6553325481355352,-0.28085609911660725,0.36068325402604734,-0.6228659323296433,-0.2624152060040572,179.5,192.5,2
7111.0,Publicaciones e impresiones (Materia Catastral Intructivo de Valuación),Secretaría de Hacienda,Instituto Catastral,Calle 105 Real de Minas 42090 Pachuca De Soto Pachuca De Soto,,4320.0,0.0,1.0,,0.0,0.0,0.0,VERDADERO,,1.0,1.0,0.0,8.371242135931933,"(8.224, 9.869]",0,0,0.4535783124477769,1.9459101490553135,0.9357849740192016,-0.14025223635945364,0.16208002214691,0.6946816432334892,0.5982403109192043,0.6946816432334892,0.7911229755477741,426.5,419.5,406.5,35.0,0.6946816432334892,0.48220666157142467,20.0,Dominado por rareza,Rareza,0.7503940547476008,0.7794752640484426,1.157452788691043,0.35774963506849783,0.18293853110111424,0.17116739925186739,0.1780754940817648,0.2977600207297401,0.30492461767959517,0.06760047740980933,0.30671576691705893,255.5,353.5,2.2268630676682357,1.0,3.048787573586471,-0.5651075455195829,0.17299362192697218,-0.6876167590336059,-0.3310191299741076,0.5061655253640223,0.649444724332729,0.6553325481355352,0.15846138176491462,0.35410593035298166,-0.6481640977248081,0.29069467502686963,446.5,481.5,2
7140.0,Preinscripción a Preparatoria Abierta,Secretaría de Educación Pública,Instituto Hidalguense de Educación para Adultos,Circuito s.n. San Juan Tilcuautla 42160 San Agustín Tlaxiaca San Agustín Tlaxiaca,Social,30.0,0.0,2.0,Nivel 1,2398.0,0.0,100.0,VERDADERO,,2.0,1.0,1.0,3.4339872044851463,"(3.29, 4.934]",1,0,-1.17297857348804,1.754854912292604,0.8439068264813923,0.7608498199607056,0.2921917612353043,-0.16453587350332388,-0.5679129534972103,-0.16453587350332388,0.23884120649056245,142.0,128.0,88.0,7.0,-0.16453587350332388,2.016885399969432,54.0,Dominado por rareza,Rareza,1.157452788691043,0.7794752640484426,0.9314425368947573,0.35774963506849783,0.2821753605887091,0.17116739925186739,0.14330354688063304,0.2977600207297401,0.14597409078952514,0.020281107500737493,0.10802760830447142,57.0,67.0,1.4321104332178858,0.9285714285714286,2.2173783149086814,0.06621492954739597,0.2646783655703512,-0.09737585293178269,-0.3310191299741076,-1.166495122531356,0.3558480270647038,0.6553325481355352,-0.11674190604740149,0.4533427598405765,-0.26647241726980003,-0.10544674115022928,280.0,287.0,2
7147.0,Inscripción a Preparatoria Abierta,Secretaría de Educación Pública,Instituto Hidalguense de Educación para Adultos,Circuito s.n. San Juan Tilcuautla 42160 San Agustín Tlaxiaca San Agustín Tlaxiaca,Social,20.0,0.0,6.0,Nivel 1,2657.0,0.0,100.0,VERDADERO,,6.0,1.0,1.0,3.044522437723423,"(1.645, 3.29]",2,0,-1.3012860250986122,1.8846665238145945,0.9063330158789191,1.0214474997012368,0.32981992674178046,-0.19747650460984656,-0.6390003128053527,-0.19747650460984656,0.24404730358565963,77.5,72.5,142.5,-49.0,-0.19747650460984656,2.2076190409775314,65.0,Dominado por rareza,Rareza,1.9671875475025984,0.7794752640484426,0.9314425368947573,0.35774963506849783,0.4795805591257976,0.17116739925186739,0.14330354688063304,0.2977600207297401,0.1788670042756383,0.026073996418867162,0.14914375016211287,94.5,124.5,1.5965750006484514,0.9285714285714286,2.381842882339247,0.8349225625497787,0.37631507272394144,1.0767509692910755,-0.3310191299741076,-1.2306214890164984,0.3558480270647038,0.6553325481355352,0.10525818510014169,0.650747958377665,0.4928013558770408,0.06834011051519535,415.5,366.5,2
7150.0,Certificación de Preparatoria Abierta,Secretaría de Educación Pública,Instituto Hidalguense de Educación para Adultos,Circuito s.n. San Juan Tilcuautla 42160 San Juan Tilcuautla San Agustín Tlaxiaca,Social,21600.0,0.0,6.0,Nivel 1,657.0,0.0,100.0,VERDADERO,,6.0,1.0,1.0,9.980494888896912,"(9.869, 11.514]",2,0,0.9837395422993063,1.6245897174547026,0.7812625096170339,-0.9357237539840406,0.04722046564330571,0.88250102595817,0.9229964324946245,0.88250102595817,0.8420056194217156,536.0,522.0,487.0,14.0,0.88250102595817,-0.20247703268227235,49.0,Dominado por tiempo,Tiempo,1.9671875475025984,0.7794752640484426,0.9314425368947573,0.35774963506849783,0.4795805591257976,0.17116739925186739,0.14330354688063304,0.2977600207297401,0.39486251038924164,0.08814829752708675,0.41913813280411705,447.0,518.0,2.676552531216468,0.9285714285714286,3.4618204129072634,0.656292475988354,0.35037325322568696,1.0767509692910755,-0.3310191299741076,0.871798306674979,0.3558480270647038,0.6553325481355352,0.5257421442384371,0.650747958377665,0.4928013558770408,0.5939450594380646,588.0,602.0,2
7163.0,Constancia de No Infracción.,Secretaría de Movilidad y Transporte,Sistema de Transporte Convencional de Hidalgo,Calle 205 Colonias 42083 Pachuca De Soto Pachuca De Soto,Social,30.0,1.0,2.0,Nivel 2,0.0,0.0,0.0,VERDADERO,,3.0,1.0,2.0,3.4339872044851463,"(3.29, 4.934]",1,1,-1.17297857348804,1.754854912292604,0.8439068264813923,0.7608498199607056,0.2921917612353043,-0.16453587350332388,-0.5679129534972103,-0.16453587350332388,0.23884120649056245,142.0,128.0,88.0,-6.0,-0.16453587350332388,2.016885399969432,54.0,Dominado por rareza,Rareza,1.157452788691043,0.8094275863317937,2.2512917986064953,0.35774963506849783,0.2821753605887091,0.1777447229249331,0.3463639323142087,0.2977600207297401,0.18790163261085344,0.030992649799616585,0.16043703558113176,105.0,138.5,1.641748142324527,0.8571428571428572,2.1525270671531755,0.1908422165002004,0.282777548327983,-0.09737585293178269,-0.28986884486284525,-1.166495122531356,0.06225132979667862,0.6553325481355352,-0.167231188478754,0.4599200835136422,-0.24117425187463498,-0.17252137411844426,251.0,245.0,2
7174.0,Constancia de Inscripción de Preparatoria Abierta,Secretaría de Educación Pública,Instituto Hidalguense de Educación para Adultos,Circuito s.n. San Juan Tilcuautla 42160 San Agustín Tlaxiaca San Agustín Tlaxiaca,Social,2880.0,2.0,2.0,Nivel 1,135.0,0.0,100.0,VERDADERO,,4.0,1.0,1.0,7.9658927350845286,"(6.579, 8.224]",1,2,0.32003773811792385,1.3639886036055924,0.6559398647502834,-0.8069462283537766,0.06581488310993365,0.4879888014341036,0.4208083761076317,0.4879888014341036,0.5551692267605756,393.0,378.0,373.0,-7.0,0.4879888014341036,0.3359021266323596,20.0,Dominado por rareza,Rareza,1.157452788691043,2.6931245508855346,0.9314425368947573,0.35774963506849783,0.2821753605887091,0.5913916021429794,0.14330354688063304,0.2977600207297401,0.36052386635523304,0.07142030770804196,0.37621482776160625,345.0,457.0,2.504859311046425,0.9285714285714286,3.290127192737221,1.1796046949112238,0.42637204707870296,-0.09737585293178269,2.2980662882233824,0.10379130004268618,0.3558480270647038,0.6553325481355352,0.663132462106905,0.8735669627316884,1.349823498244361,0.6161988433718215,616.0,609.0,0
7175.0,Historial Académico de Preparatoria Abierta,Secretaría de Educación Pública,Instituto Hidalguense de Educación para Adultos,Circuito s.n. San Juan Tilcuautla 42160 San Agustín Tlaxiaca San Agustín Tlaxiaca,Social,10.0,1.0,3.0,Nivel 1,497.0,0.0,100.0,VERDADERO,,4.0,1.0,1.0,2.3978952727983707,"(1.645, 3.29]",1,1,-1.5143144958471932,1.8846665238145945,0.9063330158789191,1.172194762402416,0.35158659387487234,-0.30399073998413706,-0.7881202423293596,-0.30399073998413706,0.18013876236108534,21.0,18.0,18.0,-6.0,-0.30399073998413706,2.4206475117261124,3.0,Dominado por rareza,Rareza,1.157452788691043,0.8094275863317937,0.9314425368947573,0.35774963506849783,0.2821753605887091,0.1777447229249331,0.14330354688063304,0.2977600207297401,0.11939858222797568,0.0124789993473568,0.07480822260253456,16.0,19.0,1.2992328904101382,0.9285714285714286,2.0845007721009337,0.10839699918202031,0.27080431925255993,-0.09737585293178269,-0.28986884486284525,-1.4379754668868243,0.3558480270647038,0.6553325481355352,-0.16280791789624266,0.4599200835136422,-0.24117425187463498,-0.16699228589030507,254.0,248.0,2
7180.0,Solicitud de exámenes ordinarios de Preparatoria Abierta,Secretaría de Educación Pública,Instituto Hidalguense de Educación para Adultos,Circuito s.n. San Juan Tilcuautla 42160 San Agustín Tlaxiaca San Agustín Tlaxiaca,Social,15.0,0.0,3.0,Nivel 1,35498.0,0.0,100.0,VERDADERO,,3.0,1.0,1.0,2.772588722239781,"(1.645, 3.29]",1,0,-1.390873389652303,1.8846665238145945,0.9063330158789191,1.0848430164207854,0.3389737188932182,-0.24227018688669189,-0.7017114679929362,-0.24227018688669189,0.21717109421955244,44.5,41.5,41.5,-7.0,-0.24227018688669189,2.297206405531222,3.0,Dominado por rareza,Rareza,1.157452788691043,0.7794752640484426,0.9314425368947573,0.35774963506849783,0.2821753605887091,0.17116739925186739,0.14330354688063304,0.2977600207297401,0.13042722811285157,0.015813141234011542,0.08859402995862942,38.5,44.5,1.3543761198345177,0.9285714285714286,2.1396440015253133,0.07907231475721671,0.2665455984243083,-0.09737585293178269,-0.3310191299741076,-1.317822492440359,0.3558480270647038,0.6553325481355352,-0.14700738002920205,0.4533427598405765,-0.26647241726980003,-0.14327858362748003,264.5,257.5,2
7181.0,Solicitud de exámenes extemporáneos de Preparatoria Abierta,Secretaría de Educación Pública,Instituto Hidalguense de Educación para Adultos,Circuito s.n. San Juan Tilcuautla 42160 San Agustín Tlaxiaca San Agustín Tlaxiaca,Social,15.0,0.0,3.0,Nivel 1,212.0,0.0,100.0,VERDADERO,,3.0,1.0,1.0,2.772588722239781,"(1.645, 3.29]",1,0,-1.390873389652303,1.8846665238145945,0.9063330158789191,1.0848430164207854,0.3389737188932182,-0.24227018688669189,-0.7017114679929362,-0.24227018688669189,0.21717109421955244,44.5,41.5,41.5,-7.0,-0.24227018688669189,2.297206405531222,3.0,Dominado por rareza,Rareza,1.157452788691043,0.7794752640484426,0.9314425368947573,0.35774963506849783,0.2821753605887091,0.17116739925186739,0.14330354688063304,0.2977600207297401,0.13042722811285157,0.015813141234011542,0.08859402995862942,38.5,44.5,1.3543761198345177,0.9285714285714286,2.1396440015253133,0.07907231475721671,0.2665455984243083,-0.09737585293178269,-0.3310191299741076,-1.317822492440359,0.3558480270647038,0.6553325481355352,-0.14700738002920205,0.4533427598405765,-0.26647241726980003,-0.14327858362748003,264.5,257.5,2
7261.0,Inscripción a Nivel Posgrado UPMH,Secretaría de Educación Pública,Universidad Politécnica Metropolitana de Hidalgo,Boulevard 1009 San Javier 43860 Tolcayuca Tolcayuca,Social,2880.0,2.0,6.0,Nivel 3.7,54.0,0.0,100.0,VERDADERO,,8.0,1.0,9.0,7.9658927350845286,"(6.579, 8.224]",2,2,0.32003773811792385,1.3639886036055924,0.6559398647502834,-0.8069462283537766,0.06581488310993365,0.4879888014341036,0.4208083761076317,0.4879888014341036,0.5551692267605756,393.0,378.0,373.0,-117.0,0.4879888014341036,0.3359021266323596,20.0,Dominado por rareza,Rareza,1.9671875475025984,2.6931245508855346,3.3217332103079085,0.35774963506849783,0.4795805591257976,0.5913916021429794,0.5110526221137135,0.2977600207297401,0.4735547211092667,0.09811903039111099,0.5175033962041485,559.0,606.0,3.070013584816594,0.3571428571428571,2.9161038198457376,2.786954172949198,0.6598017611461388,1.0767509692910755,2.2980662882233824,0.10379130004268618,-1.992925551079499,0.6553325481355352,0.428203110922636,1.070972161268777,2.109097271391202,0.2188238921224811,565.0,448.0,0
7278.0,Servicios de Laboratorio UTTT,Secretaría de Educación Pública,Universidad Tecnológica de Tula-Tepeji,Calle 1000 El 61 42830 El Carmen (La Mesita) Tula De Allende,Ambos,21600.0,2.0,2.0,Nivel 1,52.0,12.0,81.25,VERDADERO,,4.0,1.0,1.0,9.980494888896912,"(9.869, 11.514]",1,2,0.9837395422993063,1.6245897174547026,0.7812625096170339,-0.9357237539840406,0.04722046564330571,0.88250102595817,0.9229964324946245,0.88250102595817,0.8420056194217156,536.0,522.0,487.0,6.0,0.88250102595817,-0.20247703268227235,49.0,Dominado por tiempo,Tiempo,1.157452788691043,2.6931245508855346,0.9314425368947573,0.35774963506849783,0.2821753605887091,0.5913916021429794,0.14330354688063304,0.2977600207297401,0.4394263112600464,0.09409584485843096,0.47484288389262286,526.0,581.0,2.8993715355704914,0.9285714285714286,3.6846394172612875,1.1143517143429988,0.4168955861072646,-0.09737585293178269,2.2980662882233824,0.871798306674979,0.3558480270647038,0.6553325481355352,0.8167338634333635,0.8735669627316884,1.349823498244361,0.8082005950298947,633.0,639.0,0
7280.0,Servicios de Evaluación y certificación /Entidad de Certificación y Evaluación UTTT,Secretaría de Educación Pública,Universidad Tecnológica de Tula-Tepeji,Avenida 1000 El 61 42830 El Carmen (La Mesita) Tula De Allende,Ambos,43200.0,0.0,1.0,Nivel 1,3.0,0.0,100.0,VERDADERO,,1.0,1.0,1.0,10.673618922112436,"(9.869, 11.514]",0,0,1.2120862014627916,1.6245897174547026,0.7812625096170339,-1.0973107648417608,0.023888627868291986,0.9966743555399127,1.0828390939090642,0.9966743555399127,0.9105096171707612,602.0,602.0,578.0,29.0,0.9966743555399127,-0.43082369184575764,24.0,Dominado por tiempo,Tiempo,0.7503940547476008,0.7794752640484426,0.9314425368947573,0.35774963506849783,0.18293853110111424,0.17116739925186739,0.14330354688063304,0.2977600207297401,0.3583687707006535,0.08316053661811687,0.3735209581933818,338.5,450.0,2.4940838327735273,0.9285714285714286,3.279351714464323,-0.509546359255332,0.18106257768309258,-0.6876167590336059,-0.3310191299741076,1.0940624385281792,0.3558480270647038,0.6553325481355352,0.21732142494414095,0.35410593035298166,-0.6481640977248081,0.36426972900090254,488.5,517.5,2
7281.0,Consultoría y Estudio Técnico UTTT,Secretaría de Educación Pública,Universidad Tecnológica de Tula-Tepeji,Avenida 1000 El 61 42830 El Carmen (La Mesita) Tula De Allende,Ambos,28800.0,1.0,3.0,Nivel 1,11.0,2.0,84.61538462,VERDADERO,,4.0,1.0,1.0,10.268165387743457,"(9.869, 11.514]",1,1,1.078511320803019,1.6245897174547026,0.7812625096170339,-1.0027879644182334,0.037536944238619675,0.9298869152100264,0.9893366774472234,0.9298869152100264,0.8704371529728294,577.0,576.0,534.0,35.0,0.9298869152100264,-0.2972488111859851,43.0,Dominado por tiempo,Tiempo,1.157452788691043,0.8094275863317937,0.9314425368947573,0.35774963506849783,0.2821753605887091,0.1777447229249331,0.14330354688063304,0.2977600207297401,0.3661741132668084,0.08339907956323192,0.3832776364010754,368.0,482.0,2.533110545604302,0.9285714285714286,3.318378427295097,-0.09568842492640281,0.2411657105704504,-0.09737585293178269,-0.28986884486284525,0.9640456255123894,0.3558480270647038,0.6553325481355352,0.3175963005836001,0.4599200835136422,-0.24117425187463498,0.4335129872094983,520.0,555.0,2
7291.0,Reinscripción UTVAM,Secretaría de Educación Pública,Universidad Tecnológica de la Zona Metropolitana del Valle de México,Boulevard 5 Los Héroes Tizayuca 43816 Tizayuca Tizayuca,Social,2880.0,0.0,2.0,Nivel 4.3,943.0,0.0,100.0,VERDADERO,,2.0,1.0,14.0,7.9658927350845286,"(6.579, 8.224]",1,0,0.32003773811792385,1.3639886036055924,0.6559398647502834,-0.8069462283537766,0.06581488310993365,0.4879888014341036,0.4208083761076317,0.4879888014341036,0.5551692267605756,393.0,378.0,373.0,-4.0,0.4879888014341036,0.3359021266323596,20.0,Dominado por rareza,Rareza,1.157452788691043,0.7794752640484426,4.553876891600541,0.35774963506849783,0.2821753605887091,0.17116739925186739,0.7006193992381997,0.2977600207297401,0.387942196248524,0.08659955417359687,0.41048774012822,432.0,506.0,2.64195096051288,0.0,1.94133156127468,1.3299329646066014,0.4482036932083789,-0.09737585293178269,-0.3310191299741076,0.10379130004268618,-3.4609090374196256,0.6553325481355352,-0.6260360344294589,0.4533427598405765,-0.26647241726980003,-0.7420644016278011,38.0,34.0,3
7293.0,Expedición de Historial Académico UTVAM,Secretaría de Educación Pública,Universidad Tecnológica de la Zona Metropolitana del Valle de México,Boulevard 5 Los Héroes Tizayuca 43816 Tizayuca Tizayuca,Social,2880.0,0.0,2.0,Nivel 4.3,54.0,0.0,100.0,VERDADERO,,2.0,1.0,14.0,7.9658927350845286,"(6.579, 8.224]",1,0,0.32003773811792385,1.3639886036055924,0.6559398647502834,-0.8069462283537766,0.06581488310993365,0.4879888014341036,0.4208083761076317,0.4879888014341036,0.5551692267605756,393.0,378.0,373.0,-4.0,0.4879888014341036,0.3359021266323596,20.0,Dominado por rareza,Rareza,1.157452788691043,0.7794752640484426,4.553876891600541,0.35774963506849783,0.2821753605887091,0.17116739925186739,0.7006193992381997,0.2977600207297401,0.387942196248524,0.08659955417359687,0.41048774012822,432.0,506.0,2.64195096051288,0.0,1.94133156127468,1.3299329646066014,0.4482036932083789,-0.09737585293178269,-0.3310191299741076,0.10379130004268618,-3.4609090374196256,0.6553325481355352,-0.6260360344294589,0.4533427598405765,-0.26647241726980003,-0.7420644016278011,38.0,34.0,3
7328.0,Constancia de Estudios UPT,Secretaría de Educación Pública,Universidad Politécnica de Tulancingo,Calle 100 Huapalcalco 43629 Tulancingo De Bravo Tulancingo De Bravo,Social,10.0,0.0,1.0,Nivel 3.7,937.0,0.0,100.0,VERDADERO,,1.0,1.0,9.0,2.3978952727983707,"(1.645, 3.29]",0,0,-1.5143144958471932,1.8846665238145945,0.9063330158789191,1.172194762402416,0.35158659387487234,-0.30399073998413706,-0.7881202423293596,-0.30399073998413706,0.18013876236108534,21.0,18.0,18.0,3.0,-0.30399073998413706,2.4206475117261124,3.0,Dominado por rareza,Rareza,0.7503940547476008,0.7794752640484426,3.3217332103079085,0.35774963506849783,0.18293853110111424,0.17116739925186739,0.5110526221137135,0.2977600207297401,0.17178556664245964,0.027414179859265947,0.14029195312063952,91.5,120.5,1.561167812482558,0.3571428571428571,1.4072580475117016,0.549676099398709,0.3348897316628431,-0.6876167590336059,-0.3310191299741076,-1.4379754668868243,-1.992925551079499,0.6553325481355352,-0.7588408717677002,0.35410593035298166,-0.6481640977248081,-0.855933141888899,14.5,17.5,3
7329.0,Historial Académico UPT,Secretaría de Educación Pública,Universidad Politécnica de Tulancingo,Calle 100 Huapalcalco 43629 Tulancingo De Bravo Tulancingo De Bravo,Social,10.0,0.0,1.0,Nivel 3.7,321.0,0.0,100.0,VERDADERO,,1.0,1.0,9.0,2.3978952727983707,"(1.645, 3.29]",0,0,-1.5143144958471932,1.8846665238145945,0.9063330158789191,1.172194762402416,0.35158659387487234,-0.30399073998413706,-0.7881202423293596,-0.30399073998413706,0.18013876236108534,21.0,18.0,18.0,3.0,-0.30399073998413706,2.4206475117261124,3.0,Dominado por rareza,Rareza,0.7503940547476008,0.7794752640484426,3.3217332103079085,0.35774963506849783,0.18293853110111424,0.17116739925186739,0.5110526221137135,0.2977600207297401,0.17178556664245964,0.027414179859265947,0.14029195312063952,91.5,120.5,1.561167812482558,0.3571428571428571,1.4072580475117016,0.549676099398709,0.3348897316628431,-0.6876167590336059,-0.3310191299741076,-1.4379754668868243,-1.992925551079499,0.6553325481355352,-0.7588408717677002,0.35410593035298166,-0.6481640977248081,-0.855933141888899,14.5,17.5,3
7335.0,Entrega de apoyos a población vulnerable,Organismos No Sectorizados,Sistema para el Desarrollo Integral de la Familia del Estado de Hidalgo,Calle 100 Centro 42000 Pachuca De Soto Pachuca De Soto,Social,1440.0,0.0,0.0,,345.0,0.0,100.0,FALSO,,0.0,0.0,0.0,7.273092595999522,"(6.579, 8.224]",0,0,0.09179778444881183,1.3639886036055924,0.6559398647502834,-0.6454347264697414,0.08913581800905887,0.3738688245995476,0.2610404085392533,0.3738688245995476,0.4866972406598419,301.0,292.0,287.0,11.0,0.3738688245995476,0.5641420803014716,14.0,Dominado por rareza,Rareza,0.7503940547476008,0.7794752640484426,1.157452788691043,1.2014696741078175,0.18293853110111424,0.17116739925186739,0.1780754940817648,1.0,0.3812100498068588,0.06281435887365583,0.22651256225857352,416.0,234.0,0.9060502490342941,1.0,1.7279747549525293,-1.5496451515354752,0.030012686541682033,-0.6876167590336059,-0.3310191299741076,-0.11836896865719373,0.649444724332729,-1.5236481744151193,-0.40224166154945956,0.35410593035298166,-0.6481640977248081,-0.41018412911609803,117.0,128.0,1
7365.0,"Expedición de información catastral, sin certificación.",Secretaría de Hacienda,Instituto Catastral,Calle 105 Real de Minas 42090 Pachuca De Soto Pachuca De Soto,,4320.0,1.0,1.0,Nivel 1,0.0,0.0,0.0,VERDADERO,,2.0,1.0,1.0,8.371242135931933,"(8.224, 9.869]",0,1,0.4535783124477769,1.9459101490553135,0.9357849740192016,-0.14025223635945364,0.16208002214691,0.6946816432334892,0.5982403109192043,0.6946816432334892,0.7911229755477741,426.5,419.5,406.5,35.0,0.6946816432334892,0.48220666157142467,20.0,Dominado por rareza,Rareza,0.7503940547476008,0.8094275863317937,0.9314425368947573,0.35774963506849783,0.18293853110111424,0.1777447229249331,0.14330354688063304,0.2977600207297401,0.29928569297398194,0.06601617559586978,0.2996671110350424,243.0,340.5,2.1986684441401696,0.9285714285714286,2.9839363258309652,-0.44048025856677864,0.19109280468460396,-0.6876167590336059,-0.28986884486284525,0.5061655253640223,0.3558480270647038,0.6553325481355352,0.10797209933356204,0.36068325402604734,-0.6228659323296433,0.2236200420586545,418.0,453.0,2
7389.0,Equivalencia de Estudios UPP,Secretaría de Educación Pública,Universidad Politécnica de Pachuca,Carretera S/N Santa Barbara 43830 Rancho Luna Zempoala,Social,50.0,1.0,4.0,Nivel 3.7,13.0,0.0,100.0,VERDADERO,,5.0,1.0,9.0,3.9318256327243257,"(3.29, 4.934]",2,1,-1.008967896547238,1.754854912292604,0.8439068264813923,0.6447894618512345,0.2754335983536076,-0.08253053503292285,-0.45310547963864883,-0.08253053503292285,0.2880444095728031,187.5,182.5,182.5,-44.0,-0.08253053503292285,1.8528747230286302,5.0,Dominado por rareza,Rareza,1.9671875475025984,0.8094275863317937,3.3217332103079085,0.35774963506849783,0.4795805591257976,0.1777447229249331,0.5110526221137135,0.2977600207297401,0.2767214779722523,0.05190667893603795,0.27146184228288034,206.0,310.0,2.085847369131521,0.3571428571428571,1.9319376041606648,1.6791165895967404,0.49891440351263366,1.0767509692910755,-0.28986884486284525,-1.0068532391841425,-1.992925551079499,0.6553325481355352,-0.3115128235399752,0.6573252820507307,0.5180995212722059,-0.4565866802139751,157.0,113.0,3
7394.0,Certificado Parcial de Estudios y/o Carta de Pasante UPP,Secretaría de Educación Pública,Universidad Politécnica de Pachuca,Carretera S/N Santa Barbara 43830 Rancho Luna Zempoala,Social,70.0,0.0,2.0,Nivel 3.8,8.0,0.0,100.0,VERDADERO,,2.0,1.0,10.0,4.2626798770413155,"(3.29, 4.934]",1,0,-0.8999694233456134,1.754854912292604,0.8439068264813923,0.5676578868274196,0.2642964321529682,-0.028031298432110552,-0.37680654839751165,-0.028031298432110552,0.3207439515332905,209.5,204.5,204.5,-8.0,-0.028031298432110552,1.7438762498270055,5.0,Dominado por rareza,Rareza,1.157452788691043,0.7794752640484426,6.499787040655854,0.35774963506849783,0.2821753605887091,0.17116739925186739,1.0,0.2977600207297401,0.3446142964276412,0.07241792713736253,0.35632786535211647,318.0,424.0,2.425311461408466,0.2857142857142857,1.7110257471227517,0.993238410404664,0.39930672674943674,-0.09737585293178269,-0.3310191299741076,-0.900758185688578,-2.286522248347524,0.6553325481355352,-0.5920685737612914,0.4533427598405765,-0.26647241726980003,-0.6996050757925917,54.0,46.0,3
7397.0,Reposición de credencial escolar UPE,Secretaría de Educación Pública,Universidad Politécnica de la Energía,Carretera S/N Ejido de Zaragoza 42820 San Miguel Vindho Tula De Allende,Social,4320.0,0.0,2.0,Nivel 1,33.0,0.0,100.0,VERDADERO,,2.0,1.0,1.0,8.371242135931933,"(8.224, 9.869]",1,0,0.4535783124477769,1.9459101490553135,0.9357849740192016,-0.14025223635945364,0.16208002214691,0.6946816432334892,0.5982403109192043,0.6946816432334892,0.7911229755477741,426.5,419.5,406.5,0.0,0.6946816432334892,0.48220666157142467,20.0,Dominado por rareza,Rareza,1.157452788691043,0.7794752640484426,0.9314425368947573,0.35774963506849783,0.2821753605887091,0.17116739925186739,0.14330354688063304,0.2977600207297401,0.3178175941368878,0.06966669686881057,0.3228319874886747,277.0,373.0,2.291327949954699,0.9285714285714286,3.0765958316454944,-0.07590108217098213,0.2440393567965283,-0.09737585293178269,-0.3310191299741076,0.5061655253640223,0.3558480270647038,0.6553325481355352,0.2177902235316742,0.4533427598405765,-0.26647241726980003,0.31271842082361534,494.0,494.0,2
7429.0,Constancia de no Adeudo UPP,Secretaría de Educación Pública,Universidad Politécnica de Pachuca,Carretera S/N Santa Barbara 43830 Rancho Luna Zempoala,Social,4320.0,2.0,2.0,Nivel 2,50.0,0.0,100.0,VERDADERO,,4.0,1.0,2.0,8.371242135931933,"(8.224, 9.869]",1,2,0.4535783124477769,1.9459101490553135,0.9357849740192016,-0.14025223635945364,0.16208002214691,0.6946816432334892,0.5982403109192043,0.6946816432334892,0.7911229755477741,426.5,419.5,406.5,-7.0,0.6946816432334892,0.48220666157142467,20.0,Dominado por rareza,Rareza,1.157452788691043,2.6931245508855346,2.2512917986064953,0.35774963506849783,0.2821753605887091,0.5913916021429794,0.3463639323142087,0.2977600207297401,0.4424745118018253,0.09379862219978127,0.4786531345698466,532.0,583.0,2.9146125382793864,0.8571428571428572,3.425391463108035,1.2509286388589715,0.4367301727193119,-0.09737585293178269,2.2980662882233824,0.5061655253640223,0.06225132979667862,0.6553325481355352,0.6848879677175672,0.8735669627316884,1.349823498244361,0.6433932253851493,619.0,612.0,0
7432.0,Certificado de Estudios ITESHU.,Secretaría de Educación Pública,Instituto Tecnológico Superior de Huichapan,Calle sin numero El Saucillo 42411 El Saucillo Huichapan,Social,5760.0,0.0,2.0,Nivel 1,230.0,0.0,100.0,VERDADERO,,2.0,1.0,1.0,8.658866349732383,"(8.224, 9.869]",1,0,0.5483348425469642,1.9459101490553135,0.9357849740192016,-0.2073056564272946,0.1523980587825387,0.7420599082830829,0.6645698819886354,0.7420599082830829,0.8195499345775303,449.0,444.0,429.0,6.0,0.7420599082830829,0.3874501314722374,20.0,Dominado por rareza,Rareza,1.157452788691043,0.7794752640484426,0.9314425368947573,0.35774963506849783,0.2821753605887091,0.17116739925186739,0.14330354688063304,0.2977600207297401,0.3272932471468065,0.07238987638637581,0.3346765537510731,292.0,394.0,2.3387062150042923,0.9285714285714286,3.123974096695088,-0.08373752630745211,0.24290129756356393,-0.09737585293178269,-0.3310191299741076,0.598398001972488,0.3558480270647038,0.6553325481355352,0.23623671885336733,0.4533427598405765,-0.26647241726980003,0.33577653997573176,496.0,502.0,2
7433.0,Constancia Escolar ITESHU.,Secretaría de Educación Pública,Instituto Tecnológico Superior de Huichapan,"Calle sin numero El Saucillo Huichapan, Hgo. 42411 Huichapan Huichapan",Social,1440.0,0.0,1.0,Nivel 1,235.0,0.0,100.0,VERDADERO,,1.0,1.0,1.0,7.273092595999522,"(6.579, 8.224]",0,0,0.09179778444881183,1.3639886036055924,0.6559398647502834,-0.6454347264697414,0.08913581800905887,0.3738688245995476,0.2610404085392533,0.3738688245995476,0.4866972406598419,301.0,292.0,287.0,16.0,0.3738688245995476,0.5641420803014716,14.0,Dominado por rareza,Rareza,0.7503940547476008,0.7794752640484426,0.9314425368947573,0.35774963506849783,0.18293853110111424,0.17116739925186739,0.14330354688063304,0.2977600207297401,0.23380766451258048,0.04736329365221612,0.2178195754582906,138.5,188.0,1.8712783018331622,0.9285714285714286,2.656546183523958,-0.40653328467377264,0.1960228043626901,-0.6876167590336059,-0.3310191299741076,-0.11836896865719373,0.3558480270647038,0.6553325481355352,-0.02516485649293365,0.35410593035298166,-0.6481640977248081,0.0611618772045593,342.5,358.5,2
7434.0,Examen de Egreso de Licenciatura UPT,Secretaría de Educación Pública,Universidad Politécnica de Tulancingo,Calle 100 Huapalcalco 43629 Tulancingo De Bravo Tulancingo De Bravo,Social,20.0,0.0,1.0,Nivel 4.1,452.0,0.0,100.0,VERDADERO,,1.0,1.0,12.0,3.044522437723423,"(1.645, 3.29]",0,0,-1.3012860250986122,1.8846665238145945,0.9063330158789191,1.0214474997012368,0.32981992674178046,-0.19747650460984656,-0.6390003128053527,-0.19747650460984656,0.24404730358565963,77.5,72.5,142.5,0.0,-0.19747650460984656,2.2076190409775314,65.0,Dominado por rareza,Rareza,0.7503940547476008,0.7794752640484426,3.6094152827596893,0.35774963506849783,0.18293853110111424,0.17116739925186739,0.5553128525877803,0.2977600207297401,0.2019404598121311,0.03582457886482697,0.17798556958272885,118.5,153.5,1.7119422783309155,0.1428571428571429,1.2994865686002781,0.8485923221993915,0.3783002838618918,-0.6876167590336059,-0.3310191299741076,-1.2306214890164984,-2.8737156428835746,0.6553325481355352,-0.8935280945544501,0.35410593035298166,-0.6481640977248081,-1.0242921703723367,7.5,7.5,3
7437.0,Constancia Escolar UPP,Secretaría de Educación Pública,Universidad Politécnica de Pachuca,Carretera S/N Santa Bárbara 43830 Rancho Luna Zempoala,Social,1440.0,0.0,3.0,Nivel 3.7,200.0,0.0,100.0,VERDADERO,,3.0,1.0,9.0,7.273092595999522,"(6.579, 8.224]",1,0,0.09179778444881183,1.3639886036055924,0.6559398647502834,-0.6454347264697414,0.08913581800905887,0.3738688245995476,0.2610404085392533,0.3738688245995476,0.4866972406598419,301.0,292.0,287.0,-23.0,0.3738688245995476,0.5641420803014716,14.0,Dominado por rareza,Rareza,1.157452788691043,0.7794752640484426,3.3217332103079085,0.35774963506849783,0.2821753605887091,0.17116739925186739,0.5110526221137135,0.2977600207297401,0.3272048454567156,0.07023970190747851,0.3345660516384594,290.5,392.5,2.3382642065538377,0.3571428571428571,2.184354441582981,0.8212521740374941,0.3743297702584761,-0.09737585293178269,-0.3310191299741076,-0.11836896865719373,-1.992925551079499,0.6553325481355352,-0.37687139090140953,0.4533427598405765,-0.26647241726980003,-0.43060859721773936,139.5,116.5,3
7442.0,Equivalencia de Estudios UPT,Secretaría de Educación Pública,Universidad Politécnica de Tulancingo,Calle 100 Huapalcalco 43629 Tulancingo De Bravo Tulancingo De Bravo,Social,15.0,0.0,3.0,Nivel 3.7,13.0,0.0,100.0,VERDADERO,,3.0,1.0,9.0,2.772588722239781,"(1.645, 3.29]",1,0,-1.390873389652303,1.8846665238145945,0.9063330158789191,1.0848430164207854,0.3389737188932182,-0.24227018688669189,-0.7017114679929362,-0.24227018688669189,0.21717109421955244,44.5,41.5,41.5,-4.0,-0.24227018688669189,2.297206405531222,3.0,Dominado por rareza,Rareza,1.157452788691043,0.7794752640484426,3.3217332103079085,0.35774963506849783,0.2821753605887091,0.17116739925186739,0.5110526221137135,0.2977600207297401,0.20397704315946763,0.03482563315050926,0.18053129876689952,121.5,157.5,1.7221251950675982,0.3571428571428571,1.5682154300967417,0.9231625951716919,0.38912986245428516,-0.09737585293178269,-0.3310191299741076,-1.317822492440359,-1.992925551079499,0.6553325481355352,-0.6167620956580426,0.4533427598405765,-0.26647241726980003,-0.7304719781635307,43.5,39.5,3
7444.0,Certificación UPT,Secretaría de Educación Pública,Universidad Politécnica de Tulancingo,Calle 100 Huapalcalco 43629 Tulancingo De Bravo Tulancingo De Bravo,Social,45.0,0.0,2.0,Nivel 3.7,79.0,0.0,100.0,VERDADERO,,2.0,1.0,9.0,3.828641396489095,"(3.29, 4.934]",1,0,-1.04296148859359,1.754854912292604,0.8439068264813923,0.6688446547198725,0.27890697071614184,-0.0995273310560989,-0.4769009940710954,-0.0995273310560989,0.27784633195889746,182.5,177.5,177.5,-11.0,-0.0995273310560989,1.8868683150749823,5.0,Dominado por rareza,Rareza,1.157452788691043,0.7794752640484426,3.3217332103079085,0.35774963506849783,0.2821753605887091,0.17116739925186739,0.5110526221137135,0.2977600207297401,0.23252561432558622,0.04303012145057151,0.21621701272454777,134.0,175.0,1.8648680508981912,0.3571428571428571,1.7109582859273347,0.8995526885103627,0.385701078710354,-0.09737585293178269,-0.3310191299741076,-1.0399413353815337,-1.992925551079499,0.6553325481355352,-0.5611858642462775,0.4533427598405765,-0.26647241726980003,-0.6610016888988244,66.0,55.0,3
7445.0,Credencial Escolar UPT,Secretaría de Educación Pública,Universidad Politécnica de Tulancingo,Calle 100 Huapalcalco 43629 Tulancingo De Bravo Tulancingo De Bravo,Social,15.0,0.0,1.0,Nivel 3.7,118.0,0.0,100.0,VERDADERO,,1.0,1.0,9.0,2.772588722239781,"(1.645, 3.29]",0,0,-1.390873389652303,1.8846665238145945,0.9063330158789191,1.0848430164207854,0.3389737188932182,-0.24227018688669189,-0.7017114679929362,-0.24227018688669189,0.21717109421955244,44.5,41.5,41.5,2.0,-0.24227018688669189,2.297206405531222,3.0,Dominado por rareza,Rareza,0.7503940547476008,0.7794752640484426,3.3217332103079085,0.35774963506849783,0.18293853110111424,0.17116739925186739,0.5110526221137135,0.2977600207297401,0.18412967726194868,0.03096171681174459,0.15572209139500082,98.0,131.0,1.6228883655800033,0.3571428571428571,1.4689786006091468,0.5394674168749006,0.3334071605884762,-0.6876167590336059,-0.3310191299741076,-1.317822492440359,-1.992925551079499,0.6553325481355352,-0.7348102768784073,0.35410593035298166,-0.6481640977248081,-0.8258948982772827,19.0,21.0,3
7446.0,Examen Toefl UPT,Secretaría de Educación Pública,Universidad Politécnica de Tulancingo,Calle 100 Huapalcalco 43629 Tulancingo De Bravo Tulancingo De Bravo,Social,20.0,0.0,1.0,Nivel 4.1,728.0,0.0,100.0,VERDADERO,,1.0,1.0,12.0,3.044522437723423,"(1.645, 3.29]",0,0,-1.3012860250986122,1.8846665238145945,0.9063330158789191,1.0214474997012368,0.32981992674178046,-0.19747650460984656,-0.6390003128053527,-0.19747650460984656,0.24404730358565963,77.5,72.5,142.5,0.0,-0.19747650460984656,2.2076190409775314,65.0,Dominado por rareza,Rareza,0.7503940547476008,0.7794752640484426,3.6094152827596893,0.35774963506849783,0.18293853110111424,0.17116739925186739,0.5553128525877803,0.2977600207297401,0.2019404598121311,0.03582457886482697,0.17798556958272885,118.5,153.5,1.7119422783309155,0.1428571428571429,1.2994865686002781,0.8485923221993915,0.3783002838618918,-0.6876167590336059,-0.3310191299741076,-1.2306214890164984,-2.8737156428835746,0.6553325481355352,-0.8935280945544501,0.35410593035298166,-0.6481640977248081,-1.0242921703723367,7.5,7.5,3
7447.0,Examen de Competencia Profesional UPT,Secretaría de Educación Pública,Universidad Politécnica de Tulancingo,Calle 100 Huapalcalco 43629 Tulancingo De Bravo Tulancingo De Bravo,Social,20.0,0.0,1.0,Nivel 4.1,1036.0,0.0,100.0,VERDADERO,,1.0,1.0,12.0,3.044522437723423,"(1.645, 3.29]",0,0,-1.3012860250986122,1.8846665238145945,0.9063330158789191,1.0214474997012368,0.32981992674178046,-0.19747650460984656,-0.6390003128053527,-0.19747650460984656,0.24404730358565963,77.5,72.5,142.5,0.0,-0.19747650460984656,2.2076190409775314,65.0,Dominado por rareza,Rareza,0.7503940547476008,0.7794752640484426,3.6094152827596893,0.35774963506849783,0.18293853110111424,0.17116739925186739,0.5553128525877803,0.2977600207297401,0.2019404598121311,0.03582457886482697,0.17798556958272885,118.5,153.5,1.7119422783309155,0.1428571428571429,1.2994865686002781,0.8485923221993915,0.3783002838618918,-0.6876167590336059,-0.3310191299741076,-1.2306214890164984,-2.8737156428835746,0.6553325481355352,-0.8935280945544501,0.35410593035298166,-0.6481640977248081,-1.0242921703723367,7.5,7.5,3
7448.0,Examen Extraordinario UPT,Secretaría de Educación Pública,Universidad Politécnica de Tulancingo,Calle 100 Huapalcalco 43629 Tulancingo De Bravo Tulancingo De Bravo,Social,20.0,0.0,1.0,Nivel 4.1,2446.0,0.0,100.0,VERDADERO,,1.0,1.0,12.0,3.044522437723423,"(1.645, 3.29]",0,0,-1.3012860250986122,1.8846665238145945,0.9063330158789191,1.0214474997012368,0.32981992674178046,-0.19747650460984656,-0.6390003128053527,-0.19747650460984656,0.24404730358565963,77.5,72.5,142.5,0.0,-0.19747650460984656,2.2076190409775314,65.0,Dominado por rareza,Rareza,0.7503940547476008,0.7794752640484426,3.6094152827596893,0.35774963506849783,0.18293853110111424,0.17116739925186739,0.5553128525877803,0.2977600207297401,0.2019404598121311,0.03582457886482697,0.17798556958272885,118.5,153.5,1.7119422783309155,0.1428571428571429,1.2994865686002781,0.8485923221993915,0.3783002838618918,-0.6876167590336059,-0.3310191299741076,-1.2306214890164984,-2.8737156428835746,0.6553325481355352,-0.8935280945544501,0.35410593035298166,-0.6481640977248081,-1.0242921703723367,7.5,7.5,3
7449.0,Recurso de Revocación Estatal,Secretaría de Hacienda,Secretaría de Hacienda,Calle 118-A Centro 42000 Pachuca De Soto Pachuca De Soto,Ambos,129600.0,0.0,3.0,Nivel 4.2,16.0,0.0,100.0,FALSO,,3.0,0.0,13.0,11.772215778919925,"(11.514, 13.159]",1,0,1.5740140960355828,3.003279479189374,1.444272137010033,0.4499938528294251,0.2473067116387853,1.509143116522808,1.535091508327918,1.509143116522808,1.483194724717698,636.0,636.0,636.0,-6.0,1.509143116522808,-0.12974195902554975,0.0,default,Mixto,1.157452788691043,0.7794752640484426,4.708027571427799,1.2014696741078175,0.2821753605887091,0.17116739925186739,0.7243356654578548,1.0,0.7373643083642479,0.16017234034556654,0.6717053854553099,661.0,656.0,2.6868215418212396,0.0714285714285714,2.0339144477919557,0.01792046922818417,0.2576647308770948,-0.09737585293178269,-0.3310191299741076,2.0916984423043408,-3.1673123401516,-1.5236481744151193,-0.6055314110336538,0.4533427598405765,-0.26647241726980003,-0.7164336223830448,50.0,44.0,3
7463.0,Historial Académico UPP,Secretaría de Educación Pública,Universidad Politécnica de Pachuca,Carretera S/N Santa Barbara 43830 Rancho Luna Zempoala,Social,70.0,0.0,1.0,Nivel 3.7,30.0,0.0,100.0,VERDADERO,,1.0,1.0,9.0,4.2626798770413155,"(3.29, 4.934]",0,0,-0.8999694233456134,1.754854912292604,0.8439068264813923,0.5676578868274196,0.2642964321529682,-0.028031298432110552,-0.37680654839751165,-0.028031298432110552,0.3207439515332905,209.5,204.5,204.5,9.0,-0.028031298432110552,1.7438762498270055,5.0,Dominado por rareza,Rareza,0.7503940547476008,0.7794752640484426,3.3217332103079085,0.35774963506849783,0.18293853110111424,0.17116739925186739,0.5110526221137135,0.2977600207297401,0.22697745495286492,0.04327561121658971,0.20928181350864616,127.0,167.0,1.8371272540345847,0.3571428571428571,1.6832174890637281,0.5040319470560632,0.32826099187988067,-0.6876167590336059,-0.3310191299741076,-0.900758185688578,-1.992925551079499,0.6553325481355352,-0.6513974155280511,0.35410593035298166,-0.6481640977248081,-0.7216288215893375,33.0,42.0,3
7467.0,Titulación Nivel Licenciatura/Ingeniería y Posgrado UPP,Secretaría de Educación Pública,Universidad Politécnica de Pachuca,Carretera S/N Santa Barbara 43830 Rancho Luna Zempoala,Social,40.0,4.0,7.0,Nivel 3.9,200.0,0.0,100.0,VERDADERO,,11.0,1.0,11.0,3.713572066704308,"(3.29, 4.934]",3,4,-1.0808705723496963,1.754854912292604,0.8439068264813923,0.6956706023862167,0.2827804173241942,-0.11848187293415202,-0.5034373527003697,-0.11848187293415202,0.2664736068320656,179.0,174.0,174.0,-102.0,-0.11848187293415202,1.9247773988310886,5.0,Dominado por rareza,Rareza,2.8622008809294686,4.553876891600541,4.197201947661808,0.35774963506849783,0.6977758173332946,1.0,0.6457445330760089,0.2977600207297401,0.5045596996409782,0.09197682808018333,0.5562596193687879,595.0,635.0,3.2250384774751515,0.2142857142857143,2.7935796586848567,5.129489971511764,1.0,2.3745329276275564,4.854478729886802,-1.0768406253526153,-2.5801189456155496,0.6553325481355352,0.8454769269363457,1.6977758173332946,4.5199536241580525,0.3795816503313557,636.0,534.0,0
7477.0,Recurso de Revocación Federal,Secretaría de Hacienda,Secretaría de Hacienda,Calle 118-A Centro 42000 Pachuca De Soto Pachuca De Soto,Ambos,129600.0,0.0,3.0,,66.0,0.0,100.0,FALSO,,3.0,0.0,0.0,11.772215778919925,"(11.514, 13.159]",1,0,1.5740140960355828,3.003279479189374,1.444272137010033,0.4499938528294251,0.2473067116387853,1.509143116522808,1.535091508327918,1.509143116522808,1.483194724717698,636.0,636.0,636.0,20.0,1.509143116522808,-0.12974195902554975,0.0,default,Mixto,1.157452788691043,0.7794752640484426,1.157452788691043,1.2014696741078175,0.2821753605887091,0.17116739925186739,0.1780754940817648,1.0,0.6281122740890298,0.13193089042210981,0.5351403426112873,648.0,620.0,2.140561370445149,1.0,2.9624858763633846,-1.353726236445338,0.0584653018283823,-0.09737585293178269,-0.3310191299741076,2.0916984423043408,0.649444724332729,-1.5236481744151193,0.15782000186321204,0.4533427598405765,-0.26647241726980003,0.2377556437380376,443.0,463.0,1
7479.0,Curso Propedéutico UPP,Secretaría de Educación Pública,Universidad Politécnica de Pachuca,Carretera S/N Santa Barbara 43830 Rancho Luna Zempoala,Social,20.0,0.0,2.0,Nivel 1,450.0,0.0,100.0,VERDADERO,,2.0,1.0,1.0,3.044522437723423,"(1.645, 3.29]",1,0,-1.3012860250986122,1.8846665238145945,0.9063330158789191,1.0214474997012368,0.32981992674178046,-0.19747650460984656,-0.6390003128053527,-0.19747650460984656,0.24404730358565963,77.5,72.5,142.5,-1.0,-0.19747650460984656,2.2076190409775314,65.0,Dominado por rareza,Rareza,1.157452788691043,0.7794752640484426,0.9314425368947573,0.35774963506849783,0.2821753605887091,0.17116739925186739,0.14330354688063304,0.2977600207297401,0.13938596456822064,0.018387765652295864,0.09979245052784075,50.0,58.0,1.399169802111363,0.9285714285714286,2.184437683802159,0.07166336492627953,0.2654696226864826,-0.09737585293178269,-0.3310191299741076,-1.2306214890164984,0.3558480270647038,0.6553325481355352,-0.1295671793444299,0.4533427598405765,-0.26647241726980003,-0.12147833277151487,271.0,270.0,2
7488.0,Copias de documentos que obren en la Procuraduría Fiscal del Estado.,Secretaría de Hacienda,Secretaría de Hacienda,Calle 118-A Centro 42000 Pachuca De Soto Pachuca De Soto,,4320.0,1.0,1.0,,0.0,0.0,0.0,VERDADERO,,2.0,1.0,0.0,8.371242135931933,"(8.224, 9.869]",0,1,0.4535783124477769,1.9459101490553135,0.9357849740192016,-0.14025223635945364,0.16208002214691,0.6946816432334892,0.5982403109192043,0.6946816432334892,0.7911229755477741,426.5,419.5,406.5,31.0,0.6946816432334892,0.48220666157142467,20.0,Dominado por rareza,Rareza,0.7503940547476008,0.8094275863317937,1.157452788691043,0.35774963506849783,0.18293853110111424,0.1777447229249331,0.1780754940817648,0.2977600207297401,0.3062400824142083,0.06781387247563322,0.30836009783532536,260.5,358.5,2.2334403913413015,1.0,3.0553648972595364,-0.5459915436185878,0.1757697716808569,-0.6876167590336059,-0.28986884486284525,0.5061655253640223,0.649444724332729,0.6553325481355352,0.16669143878716708,0.36068325402604734,-0.6228659323296433,0.2970192163756608,454.5,485.5,2
7501.0,Certificado Parcial UTTT,Secretaría de Educación Pública,Universidad Tecnológica de Tula-Tepeji,Avenida 1000 El 61 42830 El Carmen (La Mesita) Tula De Allende,Social,30.0,0.0,1.0,Nivel 1,3.0,0.0,100.0,VERDADERO,,1.0,1.0,1.0,3.4339872044851463,"(3.29, 4.934]",0,0,-1.17297857348804,1.754854912292604,0.8439068264813923,0.7608498199607056,0.2921917612353043,-0.16453587350332388,-0.5679129534972103,-0.16453587350332388,0.23884120649056245,142.0,128.0,88.0,14.0,-0.16453587350332388,2.016885399969432,54.0,Dominado por rareza,Rareza,0.7503940547476008,0.7794752640484426,0.9314425368947573,0.35774963506849783,0.18293853110111424,0.17116739925186739,0.14330354688063304,0.2977600207297401,0.1261267248920062,0.016417191161972815,0.08321840093257271,28.0,33.5,1.3328736037302908,0.9285714285714286,2.1181414854210865,-0.31748024874939546,0.20895566370454213,-0.6876167590336059,-0.3310191299741076,-1.166495122531356,0.3558480270647038,0.6553325481355352,-0.2347900872677661,0.35410593035298166,-0.6481640977248081,-0.20086966126398131,212.0,226.0,2
7502.0,Reposición de credencial UTTT,Secretaría de Educación Pública,Universidad Tecnológica de Tula-Tepeji,Avenida 1000 El 61 42830 El Carmen (La Mesita) Tula De Allende,Social,5.0,0.0,1.0,Nivel 1,138.0,0.0,100.0,VERDADERO,,1.0,1.0,1.0,1.791759469228055,"(1.645, 3.29]",0,0,-1.7140032659834012,1.8846665238145945,0.9063330158789191,1.313502332157849,0.3719902468443441,-0.40383512505224106,-0.9279023814247052,-0.40383512505224106,0.12023213132022292,2.5,2.5,2.5,9.0,-0.40383512505224106,2.62033628186232,0.0,Dominado por rareza,Rareza,0.7503940547476008,0.7794752640484426,0.9314425368947573,0.35774963506849783,0.18293853110111424,0.17116739925186739,0.14330354688063304,0.2977600207297401,0.07826687458222274,0.0026628922296548425,0.023393588045343416,2.0,2.0,1.0935743521813737,0.9285714285714286,1.8788422338721693,-0.27789975303687375,0.21470379995186237,-0.6876167590336059,-0.3310191299741076,-1.6323450771003065,0.3558480270647038,0.6553325481355352,-0.3279600781815562,0.35410593035298166,-0.6481640977248081,-0.31733214990621894,153.0,162.0,2
7524.0,Curso semipresencial ITESHU.,Secretaría de Educación Pública,Instituto Tecnológico Superior de Huichapan,Calle S/N El Saucillo 42411 Huichapan Huichapan,Social,2880.0,0.0,1.0,Nivel 1,680.0,0.0,100.0,VERDADERO,,1.0,1.0,1.0,7.9658927350845286,"(6.579, 8.224]",0,0,0.32003773811792385,1.3639886036055924,0.6559398647502834,-0.8069462283537766,0.06581488310993365,0.4879888014341036,0.4208083761076317,0.4879888014341036,0.5551692267605756,393.0,378.0,373.0,24.0,0.4879888014341036,0.3359021266323596,20.0,Dominado por rareza,Rareza,0.7503940547476008,0.7794752640484426,0.9314425368947573,0.35774963506849783,0.18293853110111424,0.17116739925186739,0.14330354688063304,0.2977600207297401,0.25663165987949166,0.05392261327136179,0.24634956966692959,184.0,274.0,1.9853982786677182,0.9285714285714286,2.770666160358514,-0.4254089193637118,0.19328156229385746,-0.6876167590336059,-0.3310191299741076,0.10379130004268618,0.3558480270647038,0.6553325481355352,0.019267197247042355,0.35410593035298166,-0.6481640977248081,0.11670194437952928,356.0,380.0,2
7528.0,Exámenes Generales de Egreso de la Licenciatura (EGEL) ITESHU.,Secretaría de Educación Pública,Instituto Tecnológico Superior de Huichapan,Calle S/N El Saucillo 42411 Huichapan Huichapan,Social,300.0,0.0,1.0,Nivel 1,130.0,0.0,100.0,VERDADERO,,1.0,1.0,1.0,5.707110264748875,"(4.934, 6.579]",0,0,-0.4241081955981121,3.791736839553644,1.8234399782600113,2.8952984461083298,0.6003886195101781,0.6996658913309496,0.25015625655932494,0.6996658913309496,1.1491755261025742,230.0,440.0,626.0,35.0,0.6996658913309496,2.2475481738581236,396.0,Dominado por rareza,Rareza,0.7503940547476008,0.7794752640484426,0.9314425368947573,0.35774963506849783,0.18293853110111424,0.17116739925186739,0.14330354688063304,0.2977600207297401,0.29896707785886084,0.06608926215437846,0.2992688421411411,241.0,338.0,2.197075368564564,0.9285714285714286,2.9823432502553597,-0.4604206634242171,0.1881969297875389,-0.6876167590336059,-0.3310191299741076,0.5158684882221723,0.3558480270647038,0.6553325481355352,0.1016826348829396,0.35410593035298166,-0.6481640977248081,0.2197212414244008,414.0,449.0,2
7538.0,Congresos - Simposios ITESHU.,Secretaría de Educación Pública,Instituto Tecnológico Superior de Huichapan,Calle S/N El Saucillo 42411 El Saucillo Huichapan,Social,4320.0,0.0,1.0,Nivel 1,490.0,0.0,100.0,VERDADERO,,1.0,1.0,1.0,8.371242135931933,"(8.224, 9.869]",0,0,0.4535783124477769,1.9459101490553135,0.9357849740192016,-0.14025223635945364,0.16208002214691,0.6946816432334892,0.5982403109192043,0.6946816432334892,0.7911229755477741,426.5,419.5,406.5,33.0,0.6946816432334892,0.48220666157142467,20.0,Dominado por rareza,Rareza,0.7503940547476008,0.7794752640484426,0.9314425368947573,0.35774963506849783,0.18293853110111424,0.17116739925186739,0.14330354688063304,0.2977600207297401,0.2979702282393688,0.06580278053004589,0.29802278011677596,238.0,333.5,2.192091120467104,0.9285714285714286,2.9773590021578995,-0.4595962604677737,0.18831665493071928,-0.6876167590336059,-0.3310191299741076,0.5061655253640223,0.3558480270647038,0.6553325481355352,0.09974204231130958,0.35410593035298166,-0.6481640977248081,0.2172955007098633,410.0,443.0,2
7570.0,Servicios Tecnológicos tipo I (ITSOEH),Secretaría de Educación Pública,Instituto Tecnológico Superior del Occidente del Estado de Hidalgo,Carretera 2000 Mixquiahuala -Tula km 2.5 42700 Mixquiahuala De Juárez Mixquiahuala De Juárez,Social,47520.0,0.0,0.0,,0.0,0.0,0.0,VERDADERO,,0.0,1.0,0.0,10.768926997586153,"(9.869, 11.514]",0,0,1.243485027044933,1.6245897174547026,0.7812625096170339,-1.1195297996585947,0.020680381653995605,1.0123737683309835,1.1048182718165631,1.0123737683309835,0.9199292648454036,616.5,616.5,594.5,56.0,1.0123737683309835,-0.462222517427899,22.0,Dominado por tiempo,Tiempo,0.7503940547476008,0.7794752640484426,1.157452788691043,0.35774963506849783,0.18293853110111424,0.17116739925186739,0.1780754940817648,0.2977600207297401,0.368463042699094,0.0858605949352545,0.3861387981914325,372.0,488.0,2.54455519276573,1.0,3.3664796986839653,-0.6176543533927069,0.16536243374756493,-0.6876167590336059,-0.3310191299741076,1.1246248857073526,0.649444724332729,0.6553325481355352,0.2821532538335807,0.35410593035298166,-0.6481640977248081,0.4453095151127022,506.0,562.0,2
7582.0,Asesoría Técnica ITESHU.,Secretaría de Educación Pública,Instituto Tecnológico Superior de Huichapan,"Calle sin numero Domicilio Conocido s/n, El Saucillo Huichapan, Hgo. 42411 Huichapan Huichapan",Ambos,14400.0,1.0,1.0,Nivel 1,32.0,0.0,100.0,VERDADERO,,2.0,1.0,1.0,9.575052927597383,"(8.224, 9.869]",0,1,0.8501684743362787,1.9459101490553135,0.9357849740192016,-0.42089491810441176,0.12155752291593097,0.8929767241777402,0.8758534242411555,0.8929767241777402,0.9101000241143247,492.0,563.0,560.0,25.0,0.8929767241777402,0.08561649968292284,68.0,Sensible,Mixto,0.7503940547476008,0.8094275863317937,0.9314425368947573,0.35774963506849783,0.18293853110111424,0.1777447229249331,0.14330354688063304,0.2977600207297401,0.33894470916283215,0.07741366139016984,0.34924088127110514,308.0,414.0,2.396963525084421,0.9285714285714286,3.182231406775216,-0.4732785960054716,0.18632961744075277,-0.6876167590336059,-0.28986884486284525,0.8921916155051457,0.3558480270647038,0.6553325481355352,0.18517731736178672,0.36068325402604734,-0.6228659323296433,0.32012656459393535,472.0,497.0,2
7584.0,Dictamen de equivalencia ITESHU.,Secretaría de Educación Pública,Instituto Tecnológico Superior de Huichapan,"Calle sin numero Domicilio Conocido s/n, El Saucillo Huichapan, Hgo. 42411 Huichapan Huichapan",Social,15840.0,1.0,4.0,Nivel 1,0.0,0.0,0.0,VERDADERO,,5.0,1.0,1.0,9.670356794688852,"(8.224, 9.869]",2,1,0.8815659134854285,1.9459101490553135,0.9357849740192016,-0.44311297182713316,0.11834941836356985,0.908675443752315,0.8978316316455603,0.908675443752315,0.9195192558590697,498.5,569.5,592.5,14.0,0.908675443752315,0.05421906053377312,94.0,Sensible,Mixto,1.9671875475025984,0.8094275863317937,0.9314425368947573,0.35774963506849783,0.4795805591257976,0.1777447229249331,0.14330354688063304,0.2977600207297401,0.4014128586826837,0.08986613008859777,0.42732606817091967,463.5,533.5,2.7093042726836787,0.9285714285714286,3.4945721543744743,0.6710791854884193,0.35252067506378765,1.0767509692910755,-0.28986884486284525,0.922752713182091,0.3558480270647038,0.6553325481355352,0.5441630825621121,0.6573252820507307,0.5180995212722059,0.613008202413634,593.5,607.5,2
7585.0,"Curso de extensión, actualización o educación continua ITESHU.",Secretaría de Educación Pública,Instituto Tecnológico Superior de Huichapan,"Calle sin numero El Saucillo Huichapan, Hgo. 42411 Huichapan Huichapan",Social,4320.0,1.0,1.0,Nivel 1,739.0,0.0,100.0,VERDADERO,,2.0,1.0,1.0,8.371242135931933,"(8.224, 9.869]",0,1,0.4535783124477769,1.9459101490553135,0.9357849740192016,-0.14025223635945364,0.16208002214691,0.6946816432334892,0.5982403109192043,0.6946816432334892,0.7911229755477741,426.5,419.5,406.5,35.0,0.6946816432334892,0.48220666157142467,20.0,Dominado por rareza,Rareza,0.7503940547476008,0.8094275863317937,0.9314425368947573,0.35774963506849783,0.18293853110111424,0.1777447229249331,0.14330354688063304,0.2977600207297401,0.29928569297398194,0.06601617559586978,0.2996671110350424,243.0,340.5,2.1986684441401696,0.9285714285714286,2.9839363258309652,-0.44048025856677864,0.19109280468460396,-0.6876167590336059,-0.28986884486284525,0.5061655253640223,0.3558480270647038,0.6553325481355352,0.10797209933356204,0.36068325402604734,-0.6228659323296433,0.2236200420586545,418.0,453.0,2
7586.0,Evaluación de segunda oportunidad ITESHU.,Secretaría de Educación Pública,Instituto Tecnológico Superior de Huichapan,"Calle sin numero El Saucillo Huichapan, Hgo. 42411 Huichapan Huichapan",Social,360.0,0.0,1.0,Nivel 1,3350.0,0.0,100.0,VERDADERO,,1.0,1.0,1.0,5.8888779583328805,"(4.934, 6.579]",0,0,-0.36422562973005834,3.791736839553644,1.8234399782600113,2.852923204637502,0.5942699825329464,0.7296071742649765,0.2920740526669625,0.7296071742649765,1.1671402958629902,374.0,441.0,627.0,33.0,0.7296071742649765,2.18766560799007,253.0,Dominado por rareza,Rareza,0.7503940547476008,0.7794752640484426,0.9314425368947573,0.35774963506849783,0.18293853110111424,0.17116739925186739,0.14330354688063304,0.2977600207297401,0.30495533444566625,0.06781020926652409,0.3067541628746478,259.0,357.0,2.227016651498591,0.9285714285714286,3.0122845331893866,-0.4653730016080056,0.18747771912302427,-0.6876167590336059,-0.3310191299741076,0.5741559471434605,0.3558480270647038,0.6553325481355352,0.11334012666719721,0.35410593035298166,-0.6481640977248081,0.23429310615472287,423.0,456.0,2
7588.0,Titulación ITESHU.,Secretaría de Educación Pública,Instituto Tecnológico Superior de Huichapan,"Calle sin numero El Saucillo Huichapan, Hgo. 42411 Huichapan Huichapan",Social,85.0,1.0,8.0,Nivel 1,341.0,0.0,100.0,VERDADERO,,9.0,1.0,1.0,4.454347296253507,"(3.29, 4.934]",3,1,-0.8368254364829011,1.754854912292604,0.8439068264813923,0.5229747365323245,0.25784455208892215,0.003540694999245586,-0.33260575759361305,0.003540694999245586,0.33968714759210417,213.0,208.0,208.0,-43.0,0.003540694999245586,1.6807322629642933,5.0,Dominado por rareza,Rareza,2.8622008809294686,0.8094275863317937,0.9314425368947573,0.35774963506849783,0.6977758173332946,0.1777447229249331,0.14330354688063304,0.2977600207297401,0.2640249605735693,0.04633705663876498,0.2555911955345266,195.0,292.0,2.0223647821381068,0.9285714285714286,2.807632663828902,1.6644331045806795,0.49678197260345985,2.3745329276275564,-0.28986884486284525,-0.8392961810627846,0.3558480270647038,0.6553325481355352,0.4513096953804331,0.8755205402582278,1.3573374856707445,0.3823054699520497,579.0,536.0,2
7591.0,Capacitación y Certificación a entrenadores Instituto Hidalguense del Deporte,Secretaría de Educación Pública,Instituto Hidalguense del Deporte,Calle 104 Carlos Rovirosa 42082 Pachuca De Soto Pachuca De Soto,Social,10.0,0.0,3.0,Nivel 1,200.0,50.0,80.0,VERDADERO,,3.0,1.0,1.0,2.3978952727983707,"(1.645, 3.29]",1,0,-1.5143144958471932,1.8846665238145945,0.9063330158789191,1.172194762402416,0.35158659387487234,-0.30399073998413706,-0.7881202423293596,-0.30399073998413706,0.18013876236108534,21.0,18.0,18.0,-1.0,-0.30399073998413706,2.4206475117261124,3.0,Dominado por rareza,Rareza,1.157452788691043,0.7794752640484426,0.9314425368947573,0.35774963506849783,0.2821753605887091,0.17116739925186739,0.14330354688063304,0.2977600207297401,0.11808311749336253,0.012265604281532904,0.07316389168426812,13.5,15.5,1.2926555667370725,0.9285714285714286,2.0779234484278684,0.08928099728102525,0.26802816949867525,-0.09737585293178269,-0.3310191299741076,-1.4379754668868243,0.3558480270647038,0.6553325481355352,-0.1710379749184951,0.4533427598405765,-0.26647241726980003,-0.17331682723909636,242.5,241.5,2
7619.0,Reposición de Credencial UTVAM,Secretaría de Educación Pública,Universidad Tecnológica de la Zona Metropolitana del Valle de México,Boulevard 5 Los Héroes Tizayuca 43816 Tizayuca Tizayuca,Social,2880.0,0.0,2.0,Nivel 4.3,7.0,0.0,100.0,VERDADERO,,2.0,1.0,14.0,7.9658927350845286,"(6.579, 8.224]",1,0,0.32003773811792385,1.3639886036055924,0.6559398647502834,-0.8069462283537766,0.06581488310993365,0.4879888014341036,0.4208083761076317,0.4879888014341036,0.5551692267605756,393.0,378.0,373.0,-4.0,0.4879888014341036,0.3359021266323596,20.0,Dominado por rareza,Rareza,1.157452788691043,0.7794752640484426,4.553876891600541,0.35774963506849783,0.2821753605887091,0.17116739925186739,0.7006193992381997,0.2977600207297401,0.387942196248524,0.08659955417359687,0.41048774012822,432.0,506.0,2.64195096051288,0.0,1.94133156127468,1.3299329646066014,0.4482036932083789,-0.09737585293178269,-0.3310191299741076,0.10379130004268618,-3.4609090374196256,0.6553325481355352,-0.6260360344294589,0.4533427598405765,-0.26647241726980003,-0.7420644016278011,38.0,34.0,3
7622.0,Inscripción (CEH),Secretaría de Educación Pública,Colegio del Estado de Hidalgo,Circuito 3 De La Concepción 42162 San Agustín Tlaxiaca San Agustín Tlaxiaca,Social,1440.0,0.0,1.0,Nivel 1,26.0,0.0,100.0,FALSO,,1.0,0.0,1.0,7.273092595999522,"(6.579, 8.224]",0,0,0.09179778444881183,1.3639886036055924,0.6559398647502834,-0.6454347264697414,0.08913581800905887,0.3738688245995476,0.2610404085392533,0.3738688245995476,0.4866972406598419,301.0,292.0,287.0,3.0,0.3738688245995476,0.5641420803014716,14.0,Dominado por rareza,Rareza,0.7503940547476008,0.7794752640484426,0.9314425368947573,1.2014696741078175,0.18293853110111424,0.17116739925186739,0.14330354688063304,1.0,0.37425566036663244,0.06101666199389237,0.2178195754582906,389.0,188.0,0.8712783018331623,0.9285714285714286,1.6565461835239579,-1.4441338664836663,0.04533571954542908,-0.6876167590336059,-0.3310191299741076,-0.11836896865719373,0.3558480270647038,-1.5236481744151193,-0.4609610010030646,0.35410593035298166,-0.6481640977248081,-0.48358330343310435,92.0,95.0,1
7626.0,Registro de Admisión (CEH),Secretaría de Educación Pública,Colegio del Estado de Hidalgo,Boulevard 3 De la Concepción 42162 San Agustín Tlaxiaca San Agustín Tlaxiaca,Social,1440.0,2.0,2.0,Nivel 1,20.0,0.0,100.0,VERDADERO,,4.0,1.0,1.0,7.273092595999522,"(6.579, 8.224]",1,2,0.09179778444881183,1.3639886036055924,0.6559398647502834,-0.6454347264697414,0.08913581800905887,0.3738688245995476,0.2610404085392533,0.3738688245995476,0.4866972406598419,301.0,292.0,287.0,-14.0,0.3738688245995476,0.5641420803014716,14.0,Dominado por rareza,Rareza,1.157452788691043,2.6931245508855346,0.9314425368947573,0.35774963506849783,0.2821753605887091,0.5913916021429794,0.14330354688063304,0.2977600207297401,0.3376998709883218,0.06486098808889632,0.34768483355296725,306.0,412.0,2.390739334211869,0.9285714285714286,3.176007215902665,1.198480329601163,0.4291132891475356,-0.09737585293178269,2.2980662882233824,-0.11836896865719373,0.3558480270647038,0.6553325481355352,0.618700408366929,0.8735669627316884,1.349823498244361,0.5606587761968516,608.0,594.0,0
7628.0,"Componente Rehabilitación, Modernización y Tecnificación de Distritos de Riego.",Secretaría de Agricultura y Desarrollo Rural,Secretaría de Agricultura y Desarrollo Rural,"Carretera s/n Venta Prieta, Ex Centro Minero Edificio 1A, Pachuca de Soto, Hgo. 42080 Pachuca De Soto Pachuca De Soto",Ambos,14400.0,1.0,3.0,Nivel 2,18.0,0.0,100.0,FALSO,,4.0,0.0,2.0,9.575052927597383,"(8.224, 9.869]",1,1,0.8501684743362787,1.9459101490553135,0.9357849740192016,-0.42089491810441176,0.12155752291593097,0.8929767241777402,0.8758534242411555,0.8929767241777402,0.9101000241143247,492.0,563.0,560.0,-13.0,0.8929767241777402,0.08561649968292284,68.0,Sensible,Mixto,1.157452788691043,0.8094275863317937,2.2512917986064953,1.2014696741078175,0.2821753605887091,0.1777447229249331,0.3463639323142087,1.0,0.5398521480011182,0.10542909330366594,0.4248151850013978,614.5,524.5,1.6992607400055912,0.8571428571428572,2.2100396648342393,-1.0216727144667646,0.10668826749304788,-0.09737585293178269,-0.28986884486284525,0.8921916155051457,0.06225132979667862,-1.5236481744151193,-0.19128998538158462,0.4599200835136422,-0.24117425187463498,-0.2025948702469825,233.5,220.5,1
7629.0,Componente Equipamiento de Distritos de Riego.,Secretaría de Agricultura y Desarrollo Rural,Secretaría de Agricultura y Desarrollo Rural,"Carretera sn Venta Prieta, Ex Centro Minero 42080 Pachuca De Soto Pachuca De Soto",Ambos,14400.0,1.0,3.0,Nivel 2,8.0,0.0,100.0,FALSO,,4.0,0.0,2.0,9.575052927597383,"(8.224, 9.869]",1,1,0.8501684743362787,1.9459101490553135,0.9357849740192016,-0.42089491810441176,0.12155752291593097,0.8929767241777402,0.8758534242411555,0.8929767241777402,0.9101000241143247,492.0,563.0,560.0,-13.0,0.8929767241777402,0.08561649968292284,68.0,Sensible,Mixto,1.157452788691043,0.8094275863317937,2.2512917986064953,1.2014696741078175,0.2821753605887091,0.1777447229249331,0.3463639323142087,1.0,0.5398521480011182,0.10542909330366594,0.4248151850013978,614.5,524.5,1.6992607400055912,0.8571428571428572,2.2100396648342393,-1.0216727144667646,0.10668826749304788,-0.09737585293178269,-0.28986884486284525,0.8921916155051457,0.06225132979667862,-1.5236481744151193,-0.19128998538158462,0.4599200835136422,-0.24117425187463498,-0.2025948702469825,233.5,220.5,1
7632.0,"Componente Rehabilitación, Modernización, Tecnificación, Equipamiento de Unidades de Riego y Proyectos Productivos en Zonas de Atención Prioritaria.",Secretaría de Agricultura y Desarrollo Rural,Secretaría de Agricultura y Desarrollo Rural,"Carretera sn Venta Prieta, Ex Centro Minero Edificio 1A, Pachuca de Soto, Hgo. 42080 Pachuca De Soto Pachuca De Soto",Ambos,14400.0,1.0,5.0,Nivel 2,80.0,0.0,100.0,FALSO,,6.0,0.0,2.0,9.575052927597383,"(8.224, 9.869]",2,1,0.8501684743362787,1.9459101490553135,0.9357849740192016,-0.42089491810441176,0.12155752291593097,0.8929767241777402,0.8758534242411555,0.8929767241777402,0.9101000241143247,492.0,563.0,560.0,-42.0,0.8929767241777402,0.08561649968292284,68.0,Sensible,Mixto,1.9671875475025984,0.8094275863317937,2.2512917986064953,1.2014696741078175,0.4795805591257976,0.1777447229249331,0.3463639323142087,1.0,0.5793331877085359,0.11311532407023725,0.4741664846356699,631.5,578.5,1.8966659385426796,0.8571428571428572,2.407444863371328,-0.258413516843265,0.21753371753050676,1.0767509692910755,-0.28986884486284525,0.8921916155051457,0.06225132979667862,-1.5236481744151193,0.04353537906298706,0.6573252820507307,0.5180995212722059,-0.012776426960272258,382.5,340.5,1
7663.0,Certificación de copias de documentos históricos,Oficialía Mayor,Oficialía Mayor,Calle 807 Centro 42000 Pachuca De Soto Pachuca De Soto,Social,1440.0,0.0,0.0,Nivel 1,25.0,0.0,100.0,FALSO,,0.0,0.0,1.0,7.273092595999522,"(6.579, 8.224]",0,0,0.09179778444881183,1.3639886036055924,0.6559398647502834,-0.6454347264697414,0.08913581800905887,0.3738688245995476,0.2610404085392533,0.3738688245995476,0.4866972406598419,301.0,292.0,287.0,3.0,0.3738688245995476,0.5641420803014716,14.0,Dominado por rareza,Rareza,0.7503940547476008,0.7794752640484426,0.9314425368947573,1.2014696741078175,0.18293853110111424,0.17116739925186739,0.14330354688063304,1.0,0.37425566036663244,0.06101666199389237,0.2178195754582906,389.0,188.0,0.8712783018331623,0.9285714285714286,1.6565461835239579,-1.4441338664836663,0.04533571954542908,-0.6876167590336059,-0.3310191299741076,-0.11836896865719373,0.3558480270647038,-1.5236481744151193,-0.4609610010030646,0.35410593035298166,-0.6481640977248081,-0.48358330343310435,92.0,95.0,1
7746.0,Acuerdo de autorización por cambio de domicilio,Secretaría de Educación Pública,Secretaría de Educación Pública,Circuito Lote 17 Ex Hacienda La Concepción 42160 San Juan Tilcuautla San Agustín Tlaxiaca,Empresarial,259200.0,1.0,2.0,Nivel 1,1.0,0.0,100.0,VERDADERO,,3.0,1.0,1.0,12.465359101477507,"(11.514, 13.159]",1,1,1.8023671099878293,3.003279479189374,1.444272137010033,0.28840234507508133,0.22397422454881763,1.623319623498931,1.6949386180944903,1.623319623498931,1.551700628903372,652.0,652.0,652.0,36.0,1.623319623498931,-0.35809497297779624,0.0,Dominado por tiempo,Tiempo,1.157452788691043,0.8094275863317937,0.9314425368947573,0.35774963506849783,0.2821753605887091,0.1777447229249331,0.14330354688063304,0.2977600207297401,0.5048606549245893,0.12325578909122958,0.5566358134733016,596.0,636.0,3.2265432538932064,0.9285714285714286,4.0118111355840025,-0.21038335255237073,0.22450896944070184,-0.09737585293178269,-0.28986884486284525,2.313968759672197,0.3558480270647038,0.6553325481355352,0.5875809274155617,0.4599200835136422,-0.24117425187463498,0.7709937707494503,600.0,636.0,2
7805.0,Duplicado de certificado de estudios UTVM,Secretaría de Educación Pública,Universidad Tecnológica del Valle del Mezquital,Carretera S/N El Nith 42300 El Nith Ixmiquilpan,,30240.0,0.0,1.0,Nivel 1,0.0,0.0,0.0,VERDADERO,,1.0,1.0,1.0,10.316953898529778,"(9.869, 11.514]",0,0,1.0945844807422793,1.6245897174547026,0.7812625096170339,-1.0141619599000928,0.035894632668971596,0.9379234951796567,1.0005878894047056,0.9379234951796567,0.8752591009546076,582.0,582.0,541.0,24.0,0.9379234951796567,-0.3133219711252454,41.0,Dominado por tiempo,Tiempo,0.7503940547476008,0.7794752640484426,0.9314425368947573,0.35774963506849783,0.18293853110111424,0.17116739925186739,0.14330354688063304,0.2977600207297401,0.3466185986286023,0.07978368988460068,0.3588332431033179,320.5,429.5,2.4353329724132715,0.9285714285714286,3.2206008541040667,-0.49982886886810984,0.18247381465024623,-0.6876167590336059,-0.3310191299741076,0.9796906406535114,0.3558480270647038,0.6553325481355352,0.19444706536920742,0.35410593035298166,-0.6481640977248081,0.33567677953223557,476.5,500.5,2
8129.0,Expedición de Certificado de Estudios UTVAM,Secretaría de Educación Pública,Universidad Tecnológica de la Zona Metropolitana del Valle de México,Boulevard 5 Los Héroes Tizayuca 43816 Tizayuca Tizayuca,Social,2880.0,0.0,2.0,Nivel 4.3,45.0,0.0,100.0,VERDADERO,,2.0,1.0,14.0,7.9658927350845286,"(6.579, 8.224]",1,0,0.32003773811792385,1.3639886036055924,0.6559398647502834,-0.8069462283537766,0.06581488310993365,0.4879888014341036,0.4208083761076317,0.4879888014341036,0.5551692267605756,393.0,378.0,373.0,-4.0,0.4879888014341036,0.3359021266323596,20.0,Dominado por rareza,Rareza,1.157452788691043,0.7794752640484426,4.553876891600541,0.35774963506849783,0.2821753605887091,0.17116739925186739,0.7006193992381997,0.2977600207297401,0.387942196248524,0.08659955417359687,0.41048774012822,432.0,506.0,2.64195096051288,0.0,1.94133156127468,1.3299329646066014,0.4482036932083789,-0.09737585293178269,-0.3310191299741076,0.10379130004268618,-3.4609090374196256,0.6553325481355352,-0.6260360344294589,0.4533427598405765,-0.26647241726980003,-0.7420644016278011,38.0,34.0,3
8132.0,Historial Académico UTMZ,Secretaría de Educación Pública,Universidad Tecnológica Minera de Zimapán,Calle 34 La Tahona 42350 Plutarco Elías Calles (Santiago) Zimapán,Social,1440.0,1.0,0.0,Nivel 1,35.0,0.0,100.0,FALSO,,1.0,0.0,1.0,7.273092595999522,"(6.579, 8.224]",0,1,0.09179778444881183,1.3639886036055924,0.6559398647502834,-0.6454347264697414,0.08913581800905887,0.3738688245995476,0.2610404085392533,0.3738688245995476,0.4866972406598419,301.0,292.0,287.0,2.0,0.3738688245995476,0.5641420803014716,14.0,Dominado por rareza,Rareza,0.7503940547476008,0.8094275863317937,0.9314425368947573,1.2014696741078175,0.18293853110111424,0.1777447229249331,0.14330354688063304,1.0,0.3755711251012456,0.06123005705971627,0.219463906376557,399.5,204.0,0.877855625506228,0.9285714285714286,1.6631235071970236,-1.425017864582671,0.04811186929931382,-0.6876167590336059,-0.28986884486284525,-0.11836896865719373,0.3558480270647038,-1.5236481744151193,-0.45273094398081215,0.36068325402604734,-0.6228659323296433,-0.4772587620843131,103.5,105.5,1
8136.0,Curso de Lengua Extranjera a Público en General y Personal Docente y Administrativo UTVAM,Secretaría de Educación Pública,Universidad Tecnológica de la Zona Metropolitana del Valle de México,Boulevard 5 Los Héroes Tizayuca 43816 Tizayuca Tizayuca,Ambos,2880.0,1.0,3.0,Nivel 1,60.0,0.0,100.0,VERDADERO,,4.0,1.0,1.0,7.9658927350845286,"(6.579, 8.224]",1,1,0.32003773811792385,1.3639886036055924,0.6559398647502834,-0.8069462283537766,0.06581488310993365,0.4879888014341036,0.4208083761076317,0.4879888014341036,0.5551692267605756,393.0,378.0,373.0,8.0,0.4879888014341036,0.3359021266323596,20.0,Dominado por rareza,Rareza,1.157452788691043,0.8094275863317937,0.9314425368947573,0.35774963506849783,0.2821753605887091,0.1777447229249331,0.14330354688063304,0.2977600207297401,0.2777944905116238,0.05799992467595035,0.2728031079570947,209.0,313.5,2.091212431828379,0.9285714285714286,2.8764803135191745,-0.022597739165925276,0.2517804139135512,-0.09737585293178269,-0.28986884486284525,0.10379130004268618,0.3558480270647038,0.6553325481355352,0.14554543548965942,0.4599200835136422,-0.24117425187463498,0.21844940584207256,438.0,446.0,2
8142.0,Reposición de Credencial Escolar UPP,Secretaría de Educación Pública,Universidad Politécnica de Pachuca,Carretera S/N Santa Bárbara 43830 Zempoala Zempoala,Social,15.0,0.0,2.0,Nivel 1,30.0,0.0,100.0,VERDADERO,,2.0,1.0,1.0,2.772588722239781,"(1.645, 3.29]",1,0,-1.390873389652303,1.8846665238145945,0.9063330158789191,1.0848430164207854,0.3389737188932182,-0.24227018688669189,-0.7017114679929362,-0.24227018688669189,0.21717109421955244,44.5,41.5,41.5,-7.0,-0.24227018688669189,2.297206405531222,3.0,Dominado por rareza,Rareza,1.157452788691043,0.7794752640484426,0.9314425368947573,0.35774963506849783,0.2821753605887091,0.17116739925186739,0.14330354688063304,0.2977600207297401,0.13042722811285157,0.015813141234011542,0.08859402995862942,38.5,44.5,1.3543761198345177,0.9285714285714286,2.1396440015253133,0.07907231475721671,0.2665455984243083,-0.09737585293178269,-0.3310191299741076,-1.317822492440359,0.3558480270647038,0.6553325481355352,-0.14700738002920205,0.4533427598405765,-0.26647241726980003,-0.14327858362748003,264.5,257.5,2
8154.0,Becas UPT,Secretaría de Educación Pública,Universidad Politécnica de Tulancingo,Calle 100 Huapalcalco 43629 Tulancingo De Bravo Tulancingo De Bravo,Social,8.0,1.0,1.0,Nivel 4.1,110.0,33.0,76.92307692,FALSO,,2.0,0.0,12.0,2.1972245773362196,"(1.645, 3.29]",0,1,-1.580424572406243,1.8846665238145945,0.9063330158789191,1.2189768335651199,0.3583415408805351,-0.3370457782636619,-0.8343972959206942,-0.3370457782636619,0.16030573939337045,8.0,5.0,5.0,0.0,-0.3370457782636619,2.486757588285162,3.0,Dominado por rareza,Rareza,0.7503940547476008,0.8094275863317937,3.6094152827596893,1.2014696741078175,0.18293853110111424,0.1777447229249331,0.5553128525877803,1.0,0.31579006567003315,0.04166926322621423,0.14473758208754142,273.0,122.0,0.5789503283501657,0.1428571428571429,0.1664946186195283,-0.1468072668384621,0.23374190086756225,-0.6876167590336059,-0.28986884486284525,-1.5023245527327689,-2.8737156428835746,-1.5236481744151193,-1.375434794785583,0.36068325402604734,-0.6228659323296433,-1.6306385755902766,1.0,1.0,3
8172.0,Aclaración de resultados de exámenes de Preparatoria Abierta por omisión y/o revisión administrativa,Secretaría de Educación Pública,Instituto Hidalguense de Educación para Adultos,Circuito s.n. San Juan Tilcuautla 42160 San Juan Tilcuautla San Agustín Tlaxiaca,Social,15.0,1.0,1.0,Nivel 1,110.0,0.0,100.0,FALSO,,2.0,0.0,1.0,2.772588722239781,"(1.645, 3.29]",0,1,-1.390873389652303,1.8846665238145945,0.9063330158789191,1.0848430164207854,0.3389737188932182,-0.24227018688669189,-0.7017114679929362,-0.24227018688669189,0.21717109421955244,44.5,41.5,41.5,2.0,-0.24227018688669189,2.297206405531222,3.0,Dominado por rareza,Rareza,0.7503940547476008,0.8094275863317937,0.9314425368947573,1.2014696741078175,0.18293853110111424,0.1777447229249331,0.14330354688063304,1.0,0.2523433228039977,0.025815988302747016,0.06542915350499712,178.0,12.5,0.26171661401998847,0.9285714285714286,1.0469844957107841,-1.3231074434484733,0.06291196149512296,-0.6876167590336059,-0.28986884486284525,-1.317822492440359,0.3558480270647038,-1.5236481744151193,-0.6926216487374451,0.36068325402604734,-0.6228659323296433,-0.7771221430301045,24.0,26.0,1
8176.0,Registro de Equivalencias Preparatoria Abierta,Secretaría de Educación Pública,Instituto Hidalguense de Educación para Adultos,Circuito s.n. San Juan Tilcuautla 42160 San Agustín Tlaxiaca San Agustín Tlaxiaca,Social,20.0,1.0,3.0,Nivel 1,80.0,0.0,100.0,FALSO,,4.0,0.0,1.0,3.044522437723423,"(1.645, 3.29]",1,1,-1.3012860250986122,1.8846665238145945,0.9063330158789191,1.0214474997012368,0.32981992674178046,-0.19747650460984656,-0.6390003128053527,-0.19747650460984656,0.24404730358565963,77.5,72.5,142.5,-12.0,-0.19747650460984656,2.2076190409775314,65.0,Dominado por rareza,Rareza,1.157452788691043,0.8094275863317937,0.9314425368947573,1.2014696741078175,0.2821753605887091,0.1777447229249331,0.14330354688063304,1.0,0.28114942515688573,0.03225452905979601,0.10143678144610718,213.0,62.5,0.40574712578442873,0.9285714285714286,1.1910150074752244,-0.9468212149826188,0.11755868762310634,-0.09737585293178269,-0.28986884486284525,-1.2306214890164984,0.3558480270647038,-1.5236481744151193,-0.5571332668323083,0.4599200835136422,-0.24117425187463498,-0.6598989720603872,68.0,56.0,1
8256.0,Titulación UPH,Secretaría de Educación Pública,Universidad Politécnica de Huejutla,Calle S/N Tepoxtequito 43000 Huejutla De Reyes Huejutla De Reyes,Social,172800.0,0.0,7.0,Nivel 2,125.0,0.0,100.0,VERDADERO,,7.0,1.0,2.0,12.059895922372384,"(11.514, 13.159]",3,0,1.6687890519122244,3.003279479189374,1.444272137010033,0.3829273939621004,0.23762286557881412,1.5565305944611287,1.601433977441567,1.5565305944611287,1.5116272114806906,642.0,642.0,642.0,8.0,1.5565305944611287,-0.22451691490219128,0.0,Dominado por tiempo,Tiempo,2.8622008809294686,0.7794752640484426,2.2512917986064953,0.35774963506849783,0.6977758173332946,0.17116739925186739,0.3463639323142087,0.2977600207297401,0.6139195528180478,0.1458836313056907,0.6929594358401249,644.0,658.0,3.7718377433604995,0.8571428571428572,4.2826166681891475,1.493961265668325,0.4720249467310063,2.3745329276275564,-0.3310191299741076,2.183948853878199,0.06225132979667862,0.6553325481355352,0.9890093058927721,0.868943216585162,1.3320393202755794,1.058393013021498,647.0,655.0,2
8293.0,Constancia de Estudios COBAEH,Secretaría de Educación Pública,Colegio de Bachilleres del Estado de Hidalgo,Circuito Lote 17 San Juan Tilcuautla 42160 San Juan Tilcuautla San Agustín Tlaxiaca,Social,2880.0,0.0,0.0,Nivel 1,9653.0,0.0,100.0,VERDADERO,,0.0,1.0,1.0,7.9658927350845286,"(6.579, 8.224]",0,0,0.32003773811792385,1.3639886036055924,0.6559398647502834,-0.8069462283537766,0.06581488310993365,0.4879888014341036,0.4208083761076317,0.4879888014341036,0.5551692267605756,393.0,378.0,373.0,24.0,0.4879888014341036,0.3359021266323596,20.0,Dominado por rareza,Rareza,0.7503940547476008,0.7794752640484426,0.9314425368947573,0.35774963506849783,0.18293853110111424,0.17116739925186739,0.14330354688063304,0.2977600207297401,0.25663165987949166,0.05392261327136179,0.24634956966692959,184.0,274.0,1.9853982786677182,0.9285714285714286,2.770666160358514,-0.4254089193637118,0.19328156229385746,-0.6876167590336059,-0.3310191299741076,0.10379130004268618,0.3558480270647038,0.6553325481355352,0.019267197247042355,0.35410593035298166,-0.6481640977248081,0.11670194437952928,356.0,380.0,2
8294.0,Certificado de Estudios COBAEH,Secretaría de Educación Pública,Colegio de Bachilleres del Estado de Hidalgo,Circuito Lote 17 San Juan Tilcuautla 42160 San Juan Tilcuautla San Agustín Tlaxiaca,Social,30240.0,0.0,0.0,Nivel 1,1495.0,0.0,100.0,VERDADERO,,0.0,1.0,1.0,10.316953898529778,"(9.869, 11.514]",0,0,1.0945844807422793,1.6245897174547026,0.7812625096170339,-1.0141619599000928,0.035894632668971596,0.9379234951796567,1.0005878894047056,0.9379234951796567,0.8752591009546076,582.0,582.0,541.0,24.0,0.9379234951796567,-0.3133219711252454,41.0,Dominado por tiempo,Tiempo,0.7503940547476008,0.7794752640484426,0.9314425368947573,0.35774963506849783,0.18293853110111424,0.17116739925186739,0.14330354688063304,0.2977600207297401,0.3466185986286023,0.07978368988460068,0.3588332431033179,320.5,429.5,2.4353329724132715,0.9285714285714286,3.2206008541040667,-0.49982886886810984,0.18247381465024623,-0.6876167590336059,-0.3310191299741076,0.9796906406535114,0.3558480270647038,0.6553325481355352,0.19444706536920742,0.35410593035298166,-0.6481640977248081,0.33567677953223557,476.5,500.5,2
8295.0,Equivalencia de Estudios COBAEH,Secretaría de Educación Pública,Colegio de Bachilleres del Estado de Hidalgo,Circuito Lote 17 San Juan Tilcuautla 42160 San Juan Tilcuautla San Agustín Tlaxiaca,Social,17280.0,0.0,1.0,Nivel 1,655.0,0.0,100.0,VERDADERO,,1.0,1.0,1.0,9.757362911053992,"(8.224, 9.869]",0,0,0.9102296952137869,1.9459101490553135,0.9357849740192016,-0.4633965828347614,0.11542063145793069,0.9230073346164942,0.9178962788554113,0.9230073346164942,0.9281183903775772,500.0,572.0,597.0,23.0,0.9230073346164942,0.02555527880541464,97.0,Sensible,Mixto,0.7503940547476008,0.7794752640484426,0.9314425368947573,0.35774963506849783,0.18293853110111424,0.17116739925186739,0.14330354688063304,0.2977600207297401,0.3436353665159698,0.07892634774926077,0.3551042029625272,314.0,420.0,2.420416811850109,0.9285714285714286,3.2056846935409045,-0.49736171100866766,0.18283211131289348,-0.6876167590336059,-0.3310191299741076,0.9506529705575313,0.3558480270647038,0.6553325481355352,0.18863953135001138,0.35410593035298166,-0.6481640977248081,0.32841736200824057,475.0,498.0,2
8298.0,Seguro Escolar COBAEH,Secretaría de Educación Pública,Colegio de Bachilleres del Estado de Hidalgo,Circuito Lote 17 San Juan Tilcuautla 42160 San Juan Tilcuautla San Agustín Tlaxiaca,Social,5.0,0.0,0.0,Nivel 1,64343.0,0.0,100.0,VERDADERO,,0.0,1.0,1.0,1.791759469228055,"(1.645, 3.29]",0,0,-1.7140032659834012,1.8846665238145945,0.9063330158789191,1.313502332157849,0.3719902468443441,-0.40383512505224106,-0.9279023814247052,-0.40383512505224106,0.12023213132022292,2.5,2.5,2.5,9.0,-0.40383512505224106,2.62033628186232,0.0,Dominado por rareza,Rareza,0.7503940547476008,0.7794752640484426,0.9314425368947573,0.35774963506849783,0.18293853110111424,0.17116739925186739,0.14330354688063304,0.2977600207297401,0.07826687458222274,0.0026628922296548425,0.023393588045343416,2.0,2.0,1.0935743521813737,0.9285714285714286,1.8788422338721693,-0.27789975303687375,0.21470379995186237,-0.6876167590336059,-0.3310191299741076,-1.6323450771003065,0.3558480270647038,0.6553325481355352,-0.3279600781815562,0.35410593035298166,-0.6481640977248081,-0.31733214990621894,153.0,162.0,2
8299.0,Historial académico UTVM,Secretaría de Educación Pública,Universidad Tecnológica del Valle del Mezquital,Carretera S/N El Nith 42300 El Nith Ixmiquilpan,Social,2.0,0.0,1.0,Nivel 4.3,2485.0,0.0,100.0,FALSO,,1.0,0.0,14.0,1.0986122886681098,"(-0.0142, 1.645]",0,0,-1.9423575509375297,4.890349128221754,2.35176081183373,5.4067297193197135,0.963018677078723,0.2047016304481002,-0.6541220421061517,0.2047016304481002,1.063525303002352,56.5,220.5,616.5,0.0,0.2047016304481002,4.294118362771259,560.0,Dominado por rareza,Rareza,0.7503940547476008,0.7794752640484426,4.553876891600541,1.2014696741078175,0.18293853110111424,0.17116739925186739,0.7006193992381997,1.0,0.45188539200785627,0.08010639597939437,0.3148567400098204,535.0,360.0,1.2594269600392816,0.0,0.5588075608010818,-0.04450662447552858,0.24859866352060017,-0.6876167590336059,-0.3310191299741076,-0.447691058884873,-3.4609090374196256,-1.5236481744151193,-1.2901768319454663,0.35410593035298166,-0.6481640977248081,-1.5201030921111065,2.0,2.0,3
8309.0,Equivalencias de estudios UTVM,Secretaría de Educación Pública,Universidad Tecnológica del Valle del Mezquital,Carretera S/N El Nith 42300 El Nith Ixmiquilpan,Social,30240.0,0.0,3.0,Nivel 1,2.0,0.0,100.0,FALSO,,3.0,0.0,1.0,10.316953898529778,"(9.869, 11.514]",1,0,1.0945844807422793,1.6245897174547026,0.7812625096170339,-1.0141619599000928,0.035894632668971596,0.9379234951796567,1.0005878894047056,0.9379234951796567,0.8752591009546076,582.0,582.0,541.0,11.0,0.9379234951796567,-0.3133219711252454,41.0,Dominado por tiempo,Tiempo,1.157452788691043,0.7794752640484426,0.9314425368947573,1.2014696741078175,0.2821753605887091,0.17116739925186739,0.14330354688063304,1.0,0.5069139603801732,0.09730097456504161,0.38364245047521656,601.0,484.0,1.5345698019008662,0.9285714285714286,2.319837683591662,-1.153734272381212,0.08750943169879426,-0.09737585293178269,-0.3310191299741076,0.9796906406535114,0.3558480270647038,-1.5236481744151193,-0.1233008979205589,0.4533427598405765,-0.26647241726980003,-0.11364548099167604,272.0,283.0,1
8314.0,Alimentación Escolar Modalidad Fría,Organismos No Sectorizados,Sistema para el Desarrollo Integral de la Familia del Estado de Hidalgo,Calle 100 Centro 42000 Pachuca De Soto Pachuca De Soto,Social,1440.0,1.0,2.0,,2229.0,0.0,100.0,FALSO,,3.0,0.0,0.0,7.273092595999522,"(6.579, 8.224]",1,1,0.09179778444881183,1.3639886036055924,0.6559398647502834,-0.6454347264697414,0.08913581800905887,0.3738688245995476,0.2610404085392533,0.3738688245995476,0.4866972406598419,301.0,292.0,287.0,-13.0,0.3738688245995476,0.5641420803014716,14.0,Dominado por rareza,Rareza,1.157452788691043,0.8094275863317937,1.157452788691043,1.2014696741078175,0.2821753605887091,0.1777447229249331,0.1780754940817648,1.0,0.40237288043899094,0.0668916702782444,0.2529661005487387,468.0,286.5,1.0118644021949548,1.0,1.8337889081131897,-1.1468339713376892,0.0885115381613757,-0.09737585293178269,-0.28986884486284525,-0.11836896865719373,0.649444724332729,-1.5236481744151193,-0.2759634233068424,0.4599200835136422,-0.24117425187463498,-0.30843666765355476,183.0,170.0,1
8315.0,Alimentación Escolar Modalidad Caliente,Organismos No Sectorizados,Sistema para el Desarrollo Integral de la Familia del Estado de Hidalgo,Calle 100 Centro 42000 Pachuca De Soto Pachuca De Soto,Social,1440.0,0.0,1.0,Nivel 1,890.0,0.0,100.0,FALSO,,1.0,0.0,1.0,7.273092595999522,"(6.579, 8.224]",0,0,0.09179778444881183,1.3639886036055924,0.6559398647502834,-0.6454347264697414,0.08913581800905887,0.3738688245995476,0.2610404085392533,0.3738688245995476,0.4866972406598419,301.0,292.0,287.0,3.0,0.3738688245995476,0.5641420803014716,14.0,Dominado por rareza,Rareza,0.7503940547476008,0.7794752640484426,0.9314425368947573,1.2014696741078175,0.18293853110111424,0.17116739925186739,0.14330354688063304,1.0,0.37425566036663244,0.06101666199389237,0.2178195754582906,389.0,188.0,0.8712783018331623,0.9285714285714286,1.6565461835239579,-1.4441338664836663,0.04533571954542908,-0.6876167590336059,-0.3310191299741076,-0.11836896865719373,0.3558480270647038,-1.5236481744151193,-0.4609610010030646,0.35410593035298166,-0.6481640977248081,-0.48358330343310435,92.0,95.0,1
8322.0,"Atención Alimentaria a Grupos Prioritarios, Personas Mayores",Organismos No Sectorizados,Sistema para el Desarrollo Integral de la Familia del Estado de Hidalgo,Calle 100 Centro 42000 Pachuca De Soto Pachuca De Soto,Social,1440.0,0.0,0.0,Nivel 1,841.0,0.0,100.0,FALSO,,0.0,0.0,1.0,7.273092595999522,"(6.579, 8.224]",0,0,0.09179778444881183,1.3639886036055924,0.6559398647502834,-0.6454347264697414,0.08913581800905887,0.3738688245995476,0.2610404085392533,0.3738688245995476,0.4866972406598419,301.0,292.0,287.0,3.0,0.3738688245995476,0.5641420803014716,14.0,Dominado por rareza,Rareza,0.7503940547476008,0.7794752640484426,0.9314425368947573,1.2014696741078175,0.18293853110111424,0.17116739925186739,0.14330354688063304,1.0,0.37425566036663244,0.06101666199389237,0.2178195754582906,389.0,188.0,0.8712783018331623,0.9285714285714286,1.6565461835239579,-1.4441338664836663,0.04533571954542908,-0.6876167590336059,-0.3310191299741076,-0.11836896865719373,0.3558480270647038,-1.5236481744151193,-0.4609610010030646,0.35410593035298166,-0.6481640977248081,-0.48358330343310435,92.0,95.0,1
8323.0,Atención Alimentaria en los Primeros 1000 Días,Organismos No Sectorizados,Sistema para el Desarrollo Integral de la Familia del Estado de Hidalgo,Calle 100 Centro 42000 Pachuca De Soto Pachuca De Soto,Social,1440.0,1.0,2.0,Nivel 1,2261.0,0.0,100.0,FALSO,,3.0,0.0,1.0,7.273092595999522,"(6.579, 8.224]",1,1,0.09179778444881183,1.3639886036055924,0.6559398647502834,-0.6454347264697414,0.08913581800905887,0.3738688245995476,0.2610404085392533,0.3738688245995476,0.4866972406598419,301.0,292.0,287.0,-1.0,0.3738688245995476,0.5641420803014716,14.0,Dominado por rareza,Rareza,1.157452788691043,0.8094275863317937,0.9314425368947573,1.2014696741078175,0.2821753605887091,0.1777447229249331,0.14330354688063304,1.0,0.3954184909987646,0.06509397339848096,0.24427311374845573,449.5,270.5,0.9770924549938229,0.9285714285714286,1.7623603366846186,-1.0413226862858798,0.10383457116512282,-0.09737585293178269,-0.28986884486284525,-0.11836896865719373,0.3558480270647038,-1.5236481744151193,-0.33468276276044745,0.4599200835136422,-0.24117425187463498,-0.3818358419705611,149.5,148.5,1
8328.0,Atención Alimentaria a Personas en Situación de Emergencia o Desastre,Organismos No Sectorizados,Sistema para el Desarrollo Integral de la Familia del Estado de Hidalgo,Calle 100 Centro 42000 Pachuca De Soto Pachuca De Soto,Social,1440.0,0.0,0.0,Nivel 1,303.0,0.0,100.0,FALSO,,0.0,0.0,1.0,7.273092595999522,"(6.579, 8.224]",0,0,0.09179778444881183,1.3639886036055924,0.6559398647502834,-0.6454347264697414,0.08913581800905887,0.3738688245995476,0.2610404085392533,0.3738688245995476,0.4866972406598419,301.0,292.0,287.0,3.0,0.3738688245995476,0.5641420803014716,14.0,Dominado por rareza,Rareza,0.7503940547476008,0.7794752640484426,0.9314425368947573,1.2014696741078175,0.18293853110111424,0.17116739925186739,0.14330354688063304,1.0,0.37425566036663244,0.06101666199389237,0.2178195754582906,389.0,188.0,0.8712783018331623,0.9285714285714286,1.6565461835239579,-1.4441338664836663,0.04533571954542908,-0.6876167590336059,-0.3310191299741076,-0.11836896865719373,0.3558480270647038,-1.5236481744151193,-0.4609610010030646,0.35410593035298166,-0.6481640977248081,-0.48358330343310435,92.0,95.0,1
8331.0,"Atención Alimentaria a Grupos Prioritarios, Personas con Discapacidad",Organismos No Sectorizados,Sistema para el Desarrollo Integral de la Familia del Estado de Hidalgo,Calle 100 Centro 42000 Pachuca De Soto Pachuca De Soto,Social,1440.0,0.0,1.0,Nivel 1,452.0,0.0,100.0,FALSO,,1.0,0.0,1.0,7.273092595999522,"(6.579, 8.224]",0,0,0.09179778444881183,1.3639886036055924,0.6559398647502834,-0.6454347264697414,0.08913581800905887,0.3738688245995476,0.2610404085392533,0.3738688245995476,0.4866972406598419,301.0,292.0,287.0,3.0,0.3738688245995476,0.5641420803014716,14.0,Dominado por rareza,Rareza,0.7503940547476008,0.7794752640484426,0.9314425368947573,1.2014696741078175,0.18293853110111424,0.17116739925186739,0.14330354688063304,1.0,0.37425566036663244,0.06101666199389237,0.2178195754582906,389.0,188.0,0.8712783018331623,0.9285714285714286,1.6565461835239579,-1.4441338664836663,0.04533571954542908,-0.6876167590336059,-0.3310191299741076,-0.11836896865719373,0.3558480270647038,-1.5236481744151193,-0.4609610010030646,0.35410593035298166,-0.6481640977248081,-0.48358330343310435,92.0,95.0,1
8340.0,Atención Psicológica a Mujeres en Situación de Violencia de Género,Secretaría de Gobierno,Ciudad de las Mujeres,Calle sin número Tlaxinacalpan 42850 Tepeji Del Río De Ocampo Tepeji Del Río De Ocampo,Social,60.0,0.0,0.0,,1196.0,0.0,100.0,FALSO,,0.0,0.0,0.0,4.110873864173311,"(3.29, 4.934]",0,0,-0.9499812454988917,1.754854912292604,0.8439068264813923,0.6030482046840534,0.2694065035049546,-0.05303720950874974,-0.41181482390480656,-0.05303720950874974,0.30574040488730697,199.5,194.5,194.5,5.0,-0.05303720950874974,1.7938880719802839,5.0,Dominado por rareza,Rareza,0.7503940547476008,0.7794752640484426,1.157452788691043,1.2014696741078175,0.18293853110111424,0.17116739925186739,0.1780754940817648,1.0,0.29582884298519935,0.03827690975449069,0.11978605373149918,231.5,96.5,0.47914421492599674,1.0,1.301068720844232,-1.4790341807810639,0.04026726959187599,-0.6876167590336059,-0.3310191299741076,-0.9494378303744968,0.649444724332729,-1.5236481744151193,-0.5684554338929202,0.35410593035298166,-0.6481640977248081,-0.6179513445454239,63.5,68.5,1
8361.0,Admisión ITESHU.,Secretaría de Educación Pública,Instituto Tecnológico Superior de Huichapan,"Calle sin numero El Saucillo Huichapan, Hidalgo. 42411 Huichapan Huichapan",Social,27.0,0.0,4.0,Nivel 1,575.0,0.0,100.0,VERDADERO,,4.0,1.0,1.0,3.332204510175204,"(3.29, 4.934]",2,0,-1.2065104337216424,1.754854912292604,0.8439068264813923,0.7845782733722678,0.29561795510269395,-0.18130180362012505,-0.591385255660732,-0.18130180362012505,0.22878164842048176,98.0,92.0,53.0,-50.0,-0.18130180362012505,2.0504172602030346,45.0,Dominado por rareza,Rareza,1.9671875475025984,0.7794752640484426,0.9314425368947573,0.35774963506849783,0.4795805591257976,0.17116739925186739,0.14330354688063304,0.2977600207297401,0.1821019444735826,0.027003676186411318,0.15318742540954325,96.0,129.0,1.6127497016381729,0.9285714285714286,2.3980175833289685,0.8322472400026704,0.3759265450355062,1.0767509692910755,-0.3310191299741076,-1.1991337861822593,0.3558480270647038,0.6553325481355352,0.1115557256669895,0.650747958377665,0.4928013558770408,0.07621203622375512,422.0,372.0,2
8688.0,Servicios de Sensibilización y desarrollo de habilidades para la vida de las juventudes,Secretaría de Gobierno,Ciudad de las Mujeres,Calle sin número Tlaxinacalpan 42850 Tepeji Del Río De Ocampo Tepeji Del Río De Ocampo,Social,1440.0,0.0,0.0,,2769.0,0.0,100.0,FALSO,,0.0,0.0,0.0,7.273092595999522,"(6.579, 8.224]",0,0,0.09179778444881183,1.3639886036055924,0.6559398647502834,-0.6454347264697414,0.08913581800905887,0.3738688245995476,0.2610404085392533,0.3738688245995476,0.4866972406598419,301.0,292.0,287.0,11.0,0.3738688245995476,0.5641420803014716,14.0,Dominado por rareza,Rareza,0.7503940547476008,0.7794752640484426,1.157452788691043,1.2014696741078175,0.18293853110111424,0.17116739925186739,0.1780754940817648,1.0,0.3812100498068588,0.06281435887365583,0.22651256225857352,416.0,234.0,0.9060502490342941,1.0,1.7279747549525293,-1.5496451515354752,0.030012686541682033,-0.6876167590336059,-0.3310191299741076,-0.11836896865719373,0.649444724332729,-1.5236481744151193,-0.40224166154945956,0.35410593035298166,-0.6481640977248081,-0.41018412911609803,117.0,128.0,1
8718.0,Aviso de Actualización de Datos o Baja del Establecimiento de Insumos para la Salud que Opera con Licencia Sanitaria.,Secretaría de Salud,Secretaría de Salud,Cerrada 115 Cubitos 42090 Pachuca De Soto Pachuca De Soto,Ambos,20.0,0.0,0.0,Nivel 1,24.0,0.0,100.0,FALSO,,0.0,0.0,1.0,3.044522437723423,"(1.645, 3.29]",0,0,-1.3012860250986122,1.8846665238145945,0.9063330158789191,1.0214474997012368,0.32981992674178046,-0.19747650460984656,-0.6390003128053527,-0.19747650460984656,0.24404730358565963,77.5,72.5,142.5,2.0,-0.19747650460984656,2.2076190409775314,65.0,Dominado por rareza,Rareza,0.7503940547476008,0.7794752640484426,0.9314425368947573,1.2014696741078175,0.18293853110111424,0.17116739925186739,0.14330354688063304,1.0,0.2599865945247536,0.02817721765520744,0.07498324315594204,187.5,22.0,0.29993297262376817,0.9285714285714286,1.0852008543145637,-1.3496323951804052,0.059059836003412615,-0.6876167590336059,-0.3310191299741076,-1.2306214890164984,0.3558480270647038,-1.5236481744151193,-0.6834115050749255,0.35410593035298166,-0.6481640977248081,-0.7616464335229305,26.5,28.5,1
8719.0,Aviso de Actualización de Datos para Servicios Urbanos de Fumigación y Control de Plagas Urbanas del Establecimiento que Opera con Licencia Sanitaria.,Secretaría de Salud,Secretaría de Salud,Cerrada 115 Cubitos 42090 Pachuca De Soto Pachuca De Soto,Ambos,0.0,0.0,0.0,Nivel 1,24.0,0.0,100.0,FALSO,,0.0,0.0,1.0,0.0,"(-0.0142, 1.645]",0,0,-2.304290529468817,4.890349128221754,2.35176081183373,5.662847625077341,1.0,0.023735141182456454,-0.9074751270780529,0.023735141182456454,0.9549454094429657,6.0,212.0,601.0,5.0,0.023735141182456454,4.656051341302547,595.0,Dominado por rareza,Rareza,0.7503940547476008,0.7794752640484426,0.9314425368947573,1.2014696741078175,0.18293853110111424,0.17116739925186739,0.14330354688063304,1.0,0.30422892368321425,0.04089188802648275,0.1302861546040178,251.5,105.5,0.5211446184160712,0.9285714285714286,1.3064125001068667,-1.38622117070381,0.05374617676178243,-0.6876167590336059,-0.3310191299741076,-0.7999831377661539,0.3558480270647038,-1.5236481744151193,-0.5972838348248566,0.35410593035298166,-0.6481640977248081,-0.6539868457103444,52.5,57.5,1
8720.0,Aviso de Funcionamiento de Crematorio,Secretaría de Salud,Secretaría de Salud,Cerrada 115 Cubitos 42090 Pachuca De Soto Pachuca De Soto,Ambos,21600.0,1.0,7.0,Nivel 1,0.0,0.0,0.0,FALSO,,8.0,0.0,1.0,9.980494888896912,"(9.869, 11.514]",3,1,0.9837395422993063,1.6245897174547026,0.7812625096170339,-0.9357237539840406,0.04722046564330571,0.88250102595817,0.9229964324946245,0.88250102595817,0.8420056194217156,536.0,522.0,487.0,-62.0,0.88250102595817,-0.20247703268227235,49.0,Dominado por tiempo,Tiempo,2.8622008809294686,0.8094275863317937,0.9314425368947573,1.2014696741078175,0.6977758173332946,0.1777447229249331,0.14330354688063304,1.0,0.5802650226194062,0.11051077998952019,0.4753312782742577,634.0,582.0,1.9013251130970308,0.9285714285714286,2.6865929947878264,0.4814510166197535,0.32498164273574887,2.3745329276275564,-0.28986884486284525,0.871798306674979,0.3558480270647038,-1.5236481744151193,0.35773244841785495,0.8755205402582278,1.3573374856707445,0.265333911248827,533.0,471.0,1
8722.0,Aviso de Funcionamiento de Panteón.,Secretaría de Salud,Secretaría de Salud,Cerrada 115 Cubitos 42090 Pachuca De Soto Pachuca De Soto,Ambos,21600.0,1.0,6.0,Nivel 1,0.0,0.0,0.0,FALSO,,7.0,0.0,1.0,9.980494888896912,"(9.869, 11.514]",2,1,0.9837395422993063,1.6245897174547026,0.7812625096170339,-0.9357237539840406,0.04722046564330571,0.88250102595817,0.9229964324946245,0.88250102595817,0.8420056194217156,536.0,522.0,487.0,-54.0,0.88250102595817,-0.20247703268227235,49.0,Dominado por tiempo,Tiempo,1.9671875475025984,0.8094275863317937,0.9314425368947573,1.2014696741078175,0.4795805591257976,0.1777447229249331,0.14330354688063304,1.0,0.5366259709779067,0.1020150609345869,0.4207824637223835,611.0,520.5,1.683129854889534,0.9285714285714286,2.4683977365803296,-0.3621921039205444,0.2024623181623107,1.0767509692910755,-0.28986884486284525,0.871798306674979,0.3558480270647038,-1.5236481744151193,0.09817605675055878,0.6573252820507307,0.5180995212722059,0.055524420149192344,408.0,354.0,1
8727.0,Licencia Sanitaria de Unidades Móviles para Traslado de Cadáveres,Secretaría de Salud,Secretaría de Salud,Cerrada 115 Cubitos 42090 Pachuca De Soto Pachuca De Soto,Ambos,21600.0,0.0,3.0,Nivel 1,10.0,0.0,100.0,FALSO,,3.0,0.0,1.0,9.980494888896912,"(9.869, 11.514]",1,0,0.9837395422993063,1.6245897174547026,0.7812625096170339,-0.9357237539840406,0.04722046564330571,0.88250102595817,0.9229964324946245,0.88250102595817,0.8420056194217156,536.0,522.0,487.0,-7.0,0.88250102595817,-0.20247703268227235,49.0,Dominado por tiempo,Tiempo,1.157452788691043,0.7794752640484426,0.9314425368947573,1.2014696741078175,0.2821753605887091,0.17116739925186739,0.14330354688063304,1.0,0.4958294665358759,0.09411543510219171,0.3697868331698449,587.0,441.0,1.4791473326793796,0.9285714285714286,2.2644152143701755,-1.1445673034450388,0.08884071837096714,-0.09737585293178269,-0.3310191299741076,0.871798306674979,0.3558480270647038,-1.5236481744151193,-0.14487936471626534,0.4533427598405765,-0.26647241726980003,-0.14061856448630916,268.0,261.0,1
8739.0,Solicitud de Modificación a la Licencia Sanitaria de Establecimientos de Insumos para la Salud Modalidad G.- Farmacia o Botica (con venta de medicamentos controlados),Secretaría de Salud,Secretaría de Salud,Cerrada 115 Cubitos 42090 Pachuca De Soto Pachuca De Soto,Ambos,86400.0,0.0,2.0,Nivel 1,15.0,12.0,55.55555556,VERDADERO,,2.0,1.0,1.0,11.366754528799243,"(9.869, 11.514]",1,0,1.4404366734554037,1.6245897174547026,0.7812625096170339,-1.2589004738062273,0.0005564005088149505,1.1108495915362189,1.2426844243038928,1.1108495915362189,0.9790147587685449,625.5,625.5,608.5,34.0,1.1108495915362189,-0.6591741638383698,17.0,Dominado por tiempo,Tiempo,1.157452788691043,0.7794752640484426,0.9314425368947573,0.35774963506849783,0.2821753605887091,0.17116739925186739,0.14330354688063304,0.2977600207297401,0.4010511837974337,0.09358694872900111,0.4268739745643571,456.0,530.0,2.707495898257428,0.9285714285714286,3.4927637799482243,-0.14473595560608754,0.23404271011615704,-0.09737585293178269,-0.3310191299741076,1.3163302816472193,0.3558480270647038,0.6553325481355352,0.3798231747883136,0.4533427598405765,-0.26647241726980003,0.5152596098944145,552.0,586.0,2
8740.0,Solicitud de Modificación a la Licencia Sanitaria para Servicios Urbanos de Fumigación y Control de plagas.,Secretaría de Salud,Secretaría de Salud,Cerrada 115 Cubitos 42090 Pachuca De Soto Pachuca De Soto,Ambos,86400.0,0.0,3.0,Nivel 1,1.0,0.0,100.0,VERDADERO,,3.0,1.0,1.0,11.366754528799243,"(9.869, 11.514]",1,0,1.4404366734554037,1.6245897174547026,0.7812625096170339,-1.2589004738062273,0.0005564005088149505,1.1108495915362189,1.2426844243038928,1.1108495915362189,0.9790147587685449,625.5,625.5,608.5,34.0,1.1108495915362189,-0.6591741638383698,17.0,Dominado por tiempo,Tiempo,1.157452788691043,0.7794752640484426,0.9314425368947573,0.35774963506849783,0.2821753605887091,0.17116739925186739,0.14330354688063304,0.2977600207297401,0.4010511837974337,0.09358694872900111,0.4268739745643571,456.0,530.0,2.707495898257428,0.9285714285714286,3.4927637799482243,-0.14473595560608754,0.23404271011615704,-0.09737585293178269,-0.3310191299741076,1.3163302816472193,0.3558480270647038,0.6553325481355352,0.3798231747883136,0.4533427598405765,-0.26647241726980003,0.5152596098944145,552.0,586.0,2
8858.0,Credencial Escolar y duplicado COBAEH,Secretaría de Educación Pública,Colegio de Bachilleres del Estado de Hidalgo,Circuito Lote 17 San Juan Tilcuautla 42160 San Juan Tilcuautla San Agustín Tlaxiaca,Social,31680.0,0.0,0.0,Nivel 1,16728.0,0.0,100.0,VERDADERO,,0.0,1.0,1.0,10.363472411086743,"(9.869, 11.514]",0,0,1.1099097997654253,1.6245897174547026,0.7812625096170339,-1.0250067539534102,0.034328733440980856,0.9455861546912296,1.0113156127209078,0.9455861546912296,0.8798566966615513,584.5,584.5,543.5,26.0,0.9455861546912296,-0.32864729014839134,41.0,Dominado por tiempo,Tiempo,0.7503940547476008,0.7794752640484426,0.9314425368947573,0.35774963506849783,0.18293853110111424,0.17116739925186739,0.14330354688063304,0.2977600207297401,0.3481511305309169,0.08022411963461684,0.36074890798121106,322.0,431.0,2.4429956319248443,0.9285714285714286,3.22826351361564,-0.5010962855440134,0.1822897521820009,-0.6876167590336059,-0.3310191299741076,0.9946077353048246,0.3558480270647038,0.6553325481355352,0.19743048429947002,0.35410593035298166,-0.6481640977248081,0.3394060531950639,478.0,504.0,2
8860.0,Asesoría para el Desarrollo de Productos y la Comercialización en Agronegocios.,Secretaría de Agricultura y Desarrollo Rural,Secretaría de Agricultura y Desarrollo Rural,Carretera s/n Venta Prieta 42080 Pachuca De Soto Pachuca De Soto,Ambos,1440.0,1.0,2.0,Nivel 2,53.0,3.0,94.64285714,FALSO,,3.0,0.0,2.0,7.273092595999522,"(6.579, 8.224]",1,1,0.09179778444881183,1.3639886036055924,0.6559398647502834,-0.6454347264697414,0.08913581800905887,0.3738688245995476,0.2610404085392533,0.3738688245995476,0.4866972406598419,301.0,292.0,287.0,-21.0,0.3738688245995476,0.5641420803014716,14.0,Dominado por rareza,Rareza,1.157452788691043,0.8094275863317937,2.2512917986064953,1.2014696741078175,0.2821753605887091,0.1777447229249331,0.3463639323142087,1.0,0.4360305680854797,0.07559212063153616,0.2950382101068496,520.5,327.5,1.1801528404273984,0.8571428571428572,1.690931765256047,-0.9358114012340703,0.11915760416886995,-0.09737585293178269,-0.28986884486284525,-0.11836896865719373,0.06225132979667862,-1.5236481744151193,-0.3934021022140525,0.4599200835136422,-0.24117425187463498,-0.45523501628756735,135.5,114.5,1
8862.0,Asesoría para el trámite de la membresía GS1 para la trazabilidad en productos agropecuarios,Secretaría de Agricultura y Desarrollo Rural,Secretaría de Agricultura y Desarrollo Rural,Carretera s/n Venta Prieta 42080 Pachuca De Soto Pachuca De Soto,Ambos,1440.0,4.0,3.0,Nivel 2,10.0,0.0,100.0,FALSO,,7.0,0.0,2.0,7.273092595999522,"(6.579, 8.224]",1,4,0.09179778444881183,1.3639886036055924,0.6559398647502834,-0.6454347264697414,0.08913581800905887,0.3738688245995476,0.2610404085392533,0.3738688245995476,0.4866972406598419,301.0,292.0,287.0,-111.0,0.3738688245995476,0.5641420803014716,14.0,Dominado por rareza,Rareza,1.157452788691043,4.553876891600541,2.2512917986064953,1.2014696741078175,0.2821753605887091,1.0,0.3463639323142087,1.0,0.6004816235004931,0.10226941791797144,0.5006020293756164,638.0,598.0,2.0024081175024655,0.8571428571428572,2.513187042331114,1.453949878727981,0.4662142336654651,-0.09737585293178269,4.854478729886802,-0.11836896865719373,0.06225132979667862,-1.5236481744151193,0.635467412735877,1.2821753605887092,2.9214418866126732,0.3354190183342597,610.0,499.0,0
8863.0,Asesoría presencial y a distancia para la Constitución de Sociedades Agropecuarias y Pesqueras.,Secretaría de Agricultura y Desarrollo Rural,Secretaría de Agricultura y Desarrollo Rural,Carretera s/n Venta prieta 42083 Pachuca De Soto Pachuca De Soto,Ambos,1440.0,0.0,2.0,Nivel 2,40.0,5.0,88.88888889,FALSO,,2.0,0.0,2.0,7.273092595999522,"(6.579, 8.224]",1,0,0.09179778444881183,1.3639886036055924,0.6559398647502834,-0.6454347264697414,0.08913581800905887,0.3738688245995476,0.2610404085392533,0.3738688245995476,0.4866972406598419,301.0,292.0,287.0,-17.0,0.3738688245995476,0.5641420803014716,14.0,Dominado por rareza,Rareza,1.157452788691043,0.7794752640484426,2.2512917986064953,1.2014696741078175,0.2821753605887091,0.17116739925186739,0.3463639323142087,1.0,0.4347151033508666,0.07537872556571223,0.2933938791885832,517.5,323.5,1.1735755167543327,0.8571428571428572,1.6843544415829812,-0.9549274031350653,0.11638145441498525,-0.09737585293178269,-0.3310191299741076,-0.11836896865719373,0.06225132979667862,-1.5236481744151193,-0.40163215923630496,0.4533427598405765,-0.26647241726980003,-0.46155955763635864,128.5,111.5,1
8865.0,Asistencia Técnica y Capacitación Pecuaria.,Secretaría de Agricultura y Desarrollo Rural,Secretaría de Agricultura y Desarrollo Rural,Carretera s/n Venta Prieta 42080 Pachuca De Soto Pachuca De Soto,Ambos,7200.0,1.0,1.0,Nivel 2,55.0,0.0,100.0,FALSO,,2.0,0.0,2.0,8.881975184248867,"(8.224, 9.869]",0,1,0.6218370651655479,1.9459101490553135,0.9357849740192016,-0.25931869873693625,0.14488780248834904,0.7788110195923748,0.716021437821644,0.7788110195923748,0.8416006013631054,461.5,461.5,441.5,12.0,0.7788110195923748,0.31394790885365365,20.0,Dominado por rareza,Rareza,0.7503940547476008,0.8094275863317937,2.2512917986064953,1.2014696741078175,0.18293853110111424,0.1777447229249331,0.3463639323142087,1.0,0.4971716411865262,0.09500322903350614,0.3714645514831577,592.0,444.0,1.4858582059326308,0.8571428571428572,1.9966371307612794,-1.3864846946272908,0.053707906108792156,-0.6876167590336059,-0.28986884486284525,0.6699423274268128,0.06225132979667862,-1.5236481744151193,-0.3537880242176158,0.36068325402604734,-0.6228659323296433,-0.3535801123803178,142.0,154.0,1
8867.0,Siembra de Crías de Peces.,Secretaría de Agricultura y Desarrollo Rural,Secretaría de Agricultura y Desarrollo Rural,Carretera s/n Venta prieta 42080 Pachuca De Soto Pachuca De Soto,Empresarial,43200.0,1.0,0.0,Nivel 2,29.0,0.0,100.0,FALSO,,1.0,0.0,2.0,10.673618922112436,"(9.869, 11.514]",0,1,1.2120862014627916,1.6245897174547026,0.7812625096170339,-1.0973107648417608,0.023888627868291986,0.9966743555399127,1.0828390939090642,0.9966743555399127,0.9105096171707612,602.0,602.0,578.0,11.0,0.9966743555399127,-0.43082369184575764,24.0,Dominado por tiempo,Tiempo,0.7503940547476008,0.8094275863317937,2.2512917986064953,1.2014696741078175,0.18293853110111424,0.1777447229249331,0.3463639323142087,1.0,0.5407443083760338,0.10752544725867222,0.4259303854700422,616.5,526.5,1.7037215418801688,0.8571428571428572,2.2145004667088175,-1.422519654112421,0.048474675623463415,-0.6876167590336059,-0.28986884486284525,1.0940624385281792,0.06225132979667862,-1.5236481744151193,-0.26896400199734255,0.36068325402604734,-0.6228659323296433,-0.2475500846049762,187.5,198.5,1
8905.0,Clínica Universitaria de Rehabilitación Integral (C.U.R.e.I.) Servicios de Terapia Física UPP,Secretaría de Educación Pública,Universidad Politécnica de Pachuca,Carretera S/N de Santa Barbara 43830 Zempoala Zempoala,Social,1440.0,0.0,3.0,Nivel 3.7,25.0,0.0,100.0,VERDADERO,,3.0,1.0,9.0,7.273092595999522,"(6.579, 8.224]",1,0,0.09179778444881183,1.3639886036055924,0.6559398647502834,-0.6454347264697414,0.08913581800905887,0.3738688245995476,0.2610404085392533,0.3738688245995476,0.4866972406598419,301.0,292.0,287.0,-23.0,0.3738688245995476,0.5641420803014716,14.0,Dominado por rareza,Rareza,1.157452788691043,0.7794752640484426,3.3217332103079085,0.35774963506849783,0.2821753605887091,0.17116739925186739,0.5110526221137135,0.2977600207297401,0.3272048454567156,0.07023970190747851,0.3345660516384594,290.5,392.5,2.3382642065538377,0.3571428571428571,2.184354441582981,0.8212521740374941,0.3743297702584761,-0.09737585293178269,-0.3310191299741076,-0.11836896865719373,-1.992925551079499,0.6553325481355352,-0.37687139090140953,0.4533427598405765,-0.26647241726980003,-0.43060859721773936,139.5,116.5,3
8933.0,Inscripción al Catálogo de Empresas del Sector Energético del Estado de Hidalgo.,Secretaría de Desarrollo Económico,Agencia Estatal de Energía de Hidalgo,Boulevard 222 Zona Plateada 42084 Pachuca De Soto Pachuca De Soto,Ambos,25920.0,1.0,3.0,Nivel 1,13.0,0.0,100.0,VERDADERO,,4.0,1.0,1.0,10.162808729968926,"(9.869, 11.514]",1,1,1.0438020340512149,1.6245897174547026,0.7812625096170339,-0.9782263180347317,0.04108344433083135,0.9125322718341244,0.9650401767209604,0.9125322718341244,0.8600243669472882,573.0,571.0,530.0,32.0,0.9125322718341244,-0.26253952443418094,43.0,Dominado por tiempo,Tiempo,1.157452788691043,0.8094275863317937,0.9314425368947573,0.35774963506849783,0.2821753605887091,0.1777447229249331,0.14330354688063304,0.2977600207297401,0.362703184591628,0.08240157977453269,0.37893897555709993,347.0,458.0,2.5157559022284,0.9285714285714286,3.301023783919195,-0.09281793793872492,0.24158258130449003,-0.09737585293178269,-0.28986884486284525,0.930260898749165,0.3558480270647038,0.6553325481355352,0.3108393552309552,0.4599200835136422,-0.24117425187463498,0.42506680551869225,518.0,550.0,2
8934.0,"Reinscripción: 2°,3°,4°,5° y 6° Semestre Bachillerato del Estado de Hidalgo",Secretaría de Educación Pública,Bachillerato del Estado de Hidalgo,Circuito Lote 17 San Juan Tilcuautla 42160 San Juan Tilcuautla San Agustín Tlaxiaca,Social,30.0,0.0,1.0,Nivel 1,9456.0,0.0,100.0,VERDADERO,,1.0,1.0,1.0,3.4339872044851463,"(3.29, 4.934]",0,0,-1.17297857348804,1.754854912292604,0.8439068264813923,0.7608498199607056,0.2921917612353043,-0.16453587350332388,-0.5679129534972103,-0.16453587350332388,0.23884120649056245,142.0,128.0,88.0,14.0,-0.16453587350332388,2.016885399969432,54.0,Dominado por rareza,Rareza,0.7503940547476008,0.7794752640484426,0.9314425368947573,0.35774963506849783,0.18293853110111424,0.17116739925186739,0.14330354688063304,0.2977600207297401,0.1261267248920062,0.016417191161972815,0.08321840093257271,28.0,33.5,1.3328736037302908,0.9285714285714286,2.1181414854210865,-0.31748024874939546,0.20895566370454213,-0.6876167590336059,-0.3310191299741076,-1.166495122531356,0.3558480270647038,0.6553325481355352,-0.2347900872677661,0.35410593035298166,-0.6481640977248081,-0.20086966126398131,212.0,226.0,2
8939.0,Titulación UPMH,Secretaría de Educación Pública,Universidad Politécnica Metropolitana de Hidalgo,Boulevard 1009 San Javier 43860 Tolcayuca Tolcayuca,Social,367200.0,1.0,4.0,Nivel 3.2,2.0,0.0,100.0,VERDADERO,,5.0,1.0,4.0,12.813664661036311,"(11.514, 13.159]",2,1,1.9171148421135604,3.003279479189374,1.444272137010033,0.20720236998096653,0.21224961477867205,1.6806934895617966,1.775262030582502,1.6806934895617966,1.5861249485410913,660.0,660.0,660.0,18.0,1.6806934895617966,-0.4728427051035273,0.0,Dominado por tiempo,Tiempo,1.9671875475025984,0.8094275863317937,5.401174751987744,0.35774963506849783,0.4795805591257976,0.1777447229249331,0.8309771871299254,0.2977600207297401,0.6933511958944385,0.16979219478511393,0.7922489896856132,659.0,663.0,4.168995958742453,0.7142857142857143,4.052304485898242,0.8599199669949933,0.3799453578932857,1.0767509692910755,-0.28986884486284525,2.425659927637958,-0.5249420647393722,0.6553325481355352,0.6685865070924703,0.6573252820507307,0.5180995212722059,0.7685374830765818,617.0,635.0,2
8956.0,Opinión de Cumplimiento de Obligaciones Fiscales Estatales,Secretaría de Hacienda,Secretaría de Hacienda,Calle No. 1 Centro 42500 Actopan Actopan,Ambos,4320.0,0.0,0.0,,18100.0,0.0,100.0,VERDADERO,,0.0,1.0,0.0,8.371242135931933,"(8.224, 9.869]",0,0,0.4535783124477769,1.9459101490553135,0.9357849740192016,-0.14025223635945364,0.16208002214691,0.6946816432334892,0.5982403109192043,0.6946816432334892,0.7911229755477741,426.5,419.5,406.5,35.0,0.6946816432334892,0.48220666157142467,20.0,Dominado por rareza,Rareza,0.7503940547476008,0.7794752640484426,1.157452788691043,0.35774963506849783,0.18293853110111424,0.17116739925186739,0.1780754940817648,0.2977600207297401,0.30492461767959517,0.06760047740980933,0.30671576691705893,255.5,353.5,2.2268630676682357,1.0,3.048787573586471,-0.5651075455195829,0.17299362192697218,-0.6876167590336059,-0.3310191299741076,0.5061655253640223,0.649444724332729,0.6553325481355352,0.15846138176491462,0.35410593035298166,-0.6481640977248081,0.29069467502686963,446.5,481.5,2
8984.0,Reposición de certificado o constancia del ICATHI,Secretaría de Trabajo y Previsión Social,Instituto de Capacitación para el Trabajo del Estado de Hidalgo,Calle Lote 17 San Juan Tilcuautla 42160 San Agustín Tlaxiaca San Agustín Tlaxiaca,Social,30.0,0.0,1.0,Nivel 1,304.0,0.0,100.0,VERDADERO,,1.0,1.0,1.0,3.4339872044851463,"(3.29, 4.934]",0,0,-1.17297857348804,1.754854912292604,0.8439068264813923,0.7608498199607056,0.2921917612353043,-0.16453587350332388,-0.5679129534972103,-0.16453587350332388,0.23884120649056245,142.0,128.0,88.0,14.0,-0.16453587350332388,2.016885399969432,54.0,Dominado por rareza,Rareza,0.7503940547476008,0.7794752640484426,0.9314425368947573,0.35774963506849783,0.18293853110111424,0.17116739925186739,0.14330354688063304,0.2977600207297401,0.1261267248920062,0.016417191161972815,0.08321840093257271,28.0,33.5,1.3328736037302908,0.9285714285714286,2.1181414854210865,-0.31748024874939546,0.20895566370454213,-0.6876167590336059,-0.3310191299741076,-1.166495122531356,0.3558480270647038,0.6553325481355352,-0.2347900872677661,0.35410593035298166,-0.6481640977248081,-0.20086966126398131,212.0,226.0,2
9011.0,Tienda en línea Margarita Michelena.,Secretaría de Cultura,Consejo Estatal para la Cultura y las Artes de Hidalgo,Avenida S/N Centro 42000 Pachuca De Soto Pachuca De Soto,Social,2880.0,0.0,0.0,Nivel 1,0.0,0.0,0.0,VERDADERO,,0.0,1.0,1.0,7.9658927350845286,"(6.579, 8.224]",0,0,0.32003773811792385,1.3639886036055924,0.6559398647502834,-0.8069462283537766,0.06581488310993365,0.4879888014341036,0.4208083761076317,0.4879888014341036,0.5551692267605756,393.0,378.0,373.0,24.0,0.4879888014341036,0.3359021266323596,20.0,Dominado por rareza,Rareza,0.7503940547476008,0.7794752640484426,0.9314425368947573,0.35774963506849783,0.18293853110111424,0.17116739925186739,0.14330354688063304,0.2977600207297401,0.25663165987949166,0.05392261327136179,0.24634956966692959,184.0,274.0,1.9853982786677182,0.9285714285714286,2.770666160358514,-0.4254089193637118,0.19328156229385746,-0.6876167590336059,-0.3310191299741076,0.10379130004268618,0.3558480270647038,0.6553325481355352,0.019267197247042355,0.35410593035298166,-0.6481640977248081,0.11670194437952928,356.0,380.0,2
9036.0,Cesión de Derechos - Comisión Estatal de Vivienda,Secretaría de Infraestructura Pública y Desarrollo Urbano Sostenible,Comisión Estatal de Vivienda,Boulevard 117 El Palmar I 42088 Pachuca De Soto Pachuca De Soto,Social,30.0,1.0,3.0,,48.0,0.0,100.0,VERDADERO,,4.0,1.0,0.0,3.4339872044851463,"(3.29, 4.934]",1,1,-1.17297857348804,1.754854912292604,0.8439068264813923,0.7608498199607056,0.2921917612353043,-0.16453587350332388,-0.5679129534972103,-0.16453587350332388,0.23884120649056245,142.0,128.0,88.0,7.0,-0.16453587350332388,2.016885399969432,54.0,Dominado por rareza,Rareza,1.157452788691043,0.8094275863317937,1.157452788691043,0.35774963506849783,0.2821753605887091,0.1777447229249331,0.1780754940817648,0.2977600207297401,0.15424394496436467,0.02229219944632484,0.11836492602302079,72.0,91.0,1.4734597040920834,1.0,2.2953842100103183,-0.020180353603418324,0.25213148232048876,-0.09737585293178269,-0.28986884486284525,-1.166495122531356,0.649444724332729,0.6553325481355352,-0.04979250957154395,0.4599200835136422,-0.24117425187463498,-0.025723025484431672,327.0,334.0,2
9037.0,Órdenes de escrituración - Comisión Estatal de Vivienda,Secretaría de Infraestructura Pública y Desarrollo Urbano Sostenible,Comisión Estatal de Vivienda,Boulevard 117 El Palmar I 42088 Pachuca De Soto Pachuca De Soto,Social,30.0,1.0,4.0,,2.0,0.0,100.0,VERDADERO,,5.0,1.0,0.0,3.4339872044851463,"(3.29, 4.934]",2,1,-1.17297857348804,1.754854912292604,0.8439068264813923,0.7608498199607056,0.2921917612353043,-0.16453587350332388,-0.5679129534972103,-0.16453587350332388,0.23884120649056245,142.0,128.0,88.0,-43.0,-0.16453587350332388,2.016885399969432,54.0,Dominado por rareza,Rareza,1.9671875475025984,0.8094275863317937,1.157452788691043,0.35774963506849783,0.4795805591257976,0.1777447229249331,0.1780754940817648,0.2977600207297401,0.19372498467178234,0.02997843021289614,0.1677162256572929,111.0,145.0,1.6708649026291718,1.0,2.4927894085474067,0.743078844020081,0.36297693235794765,1.0767509692910755,-0.28986884486284525,-1.166495122531356,0.649444724332729,0.6553325481355352,0.1850328548730277,0.6573252820507307,0.5180995212722059,0.16409541780227854,469.0,426.0,2
9074.0,Constancia escolar UICEH,Secretaría de Educación Pública,Universidad Intercultural del Estado de Hidalgo,Carretera s/n El desdavì 43487 El Desdavi Tenango De Doria,Social,1440.0,0.0,1.0,Nivel 1,20.0,0.0,100.0,VERDADERO,,1.0,1.0,1.0,7.273092595999522,"(6.579, 8.224]",0,0,0.09179778444881183,1.3639886036055924,0.6559398647502834,-0.6454347264697414,0.08913581800905887,0.3738688245995476,0.2610404085392533,0.3738688245995476,0.4866972406598419,301.0,292.0,287.0,16.0,0.3738688245995476,0.5641420803014716,14.0,Dominado por rareza,Rareza,0.7503940547476008,0.7794752640484426,0.9314425368947573,0.35774963506849783,0.18293853110111424,0.17116739925186739,0.14330354688063304,0.2977600207297401,0.23380766451258048,0.04736329365221612,0.2178195754582906,138.5,188.0,1.8712783018331622,0.9285714285714286,2.656546183523958,-0.40653328467377264,0.1960228043626901,-0.6876167590336059,-0.3310191299741076,-0.11836896865719373,0.3558480270647038,0.6553325481355352,-0.02516485649293365,0.35410593035298166,-0.6481640977248081,0.0611618772045593,342.5,358.5,2
9075.0,"Asesoría técnica, especializada en agricultura sustentable.",Secretaría de Agricultura y Desarrollo Rural,Secretaría de Agricultura y Desarrollo Rural,Calle 148 La Reforma 42700 Mixquiahuala De Juárez Mixquiahuala De Juárez,Ambos,1440.0,0.0,1.0,Nivel 2,140.0,0.0,100.0,FALSO,,1.0,0.0,2.0,7.273092595999522,"(6.579, 8.224]",0,0,0.09179778444881183,1.3639886036055924,0.6559398647502834,-0.6454347264697414,0.08913581800905887,0.3738688245995476,0.2610404085392533,0.3738688245995476,0.4866972406598419,301.0,292.0,287.0,5.0,0.3738688245995476,0.5641420803014716,14.0,Dominado por rareza,Rareza,0.7503940547476008,0.7794752640484426,2.2512917986064953,1.2014696741078175,0.18293853110111424,0.17116739925186739,0.3463639323142087,1.0,0.41486773745334754,0.07151480922694757,0.2685846718166845,505.0,302.5,1.074338687266738,0.8571428571428572,1.5851176120953865,-1.3386225814318566,0.06065875254917623,-0.6876167590336059,-0.3310191299741076,-0.11836896865719373,0.06225132979667862,-1.5236481744151193,-0.5196803404566696,0.35410593035298166,-0.6481640977248081,-0.5569824777501107,74.0,79.0,1
9077.0,Credencialización UICEH,Secretaría de Educación Pública,Universidad Intercultural del Estado de Hidalgo,Carretera s/n El Desdavì 43487 El Desdavi Tenango De Doria,Social,60.0,0.0,1.0,Nivel 1,300.0,0.0,100.0,VERDADERO,,1.0,1.0,1.0,4.110873864173311,"(3.29, 4.934]",0,0,-0.9499812454988917,1.754854912292604,0.8439068264813923,0.6030482046840534,0.2694065035049546,-0.05303720950874974,-0.41181482390480656,-0.05303720950874974,0.30574040488730697,199.5,194.5,194.5,22.0,-0.05303720950874974,1.7938880719802839,5.0,Dominado por rareza,Rareza,0.7503940547476008,0.7794752640484426,0.9314425368947573,0.35774963506849783,0.18293853110111424,0.17116739925186739,0.14330354688063304,0.2977600207297401,0.14842645769092103,0.022825844533050987,0.11109306693121625,66.0,78.5,1.444372267724865,0.9285714285714286,2.2296401494156606,-0.3359223139193611,0.2062773874128841,-0.6876167590336059,-0.3310191299741076,-0.9494378303744968,0.3558480270647038,0.6553325481355352,-0.19137862883639425,0.35410593035298166,-0.6481640977248081,-0.1466053382247665,231.0,253.0,2
9918.0,Garantias del Interes Fiscal (Federal),Secretaría de Hacienda,Secretaría de Hacienda,Boulevard 801 Canutillo 42075 Pachuca De Soto Pachuca De Soto,Ambos,129600.0,1.0,0.0,,20.0,10.0,66.66666667,FALSO,,1.0,0.0,0.0,11.772215778919925,"(11.514, 13.159]",0,1,1.5740140960355828,3.003279479189374,1.444272137010033,0.4499938528294251,0.2473067116387853,1.509143116522808,1.535091508327918,1.509143116522808,1.483194724717698,636.0,636.0,636.0,25.0,1.509143116522808,-0.12974195902554975,0.0,default,Mixto,0.7503940547476008,0.8094275863317937,1.157452788691043,1.2014696741078175,0.18293853110111424,0.1777447229249331,0.1780754940817648,1.0,0.609580372926124,0.12828036914916902,0.511975466157655,642.0,603.0,2.04790186463062,1.0,2.8698263705488554,-1.7183054128411344,0.005518749716457972,-0.6876167590336059,-0.28986884486284525,2.0916984423043408,0.649444724332729,-1.5236481744151193,0.04800187766509985,0.36068325402604734,-0.6228659323296433,0.14865726497307685,386.0,411.0,1
9919.0,Garantias del Interes Fiscal (Estatal),Secretaría de Hacienda,Secretaría de Hacienda,Boulevard 801 Canutillo 42070 Pachuca De Soto Pachuca De Soto,Ambos,129600.0,1.0,0.0,,0.0,0.0,0.0,FALSO,,1.0,0.0,0.0,11.772215778919925,"(11.514, 13.159]",0,1,1.5740140960355828,3.003279479189374,1.444272137010033,0.4499938528294251,0.2473067116387853,1.509143116522808,1.535091508327918,1.509143116522808,1.483194724717698,636.0,636.0,636.0,25.0,1.509143116522808,-0.12974195902554975,0.0,default,Mixto,0.7503940547476008,0.8094275863317937,1.157452788691043,1.2014696741078175,0.18293853110111424,0.1777447229249331,0.1780754940817648,1.0,0.609580372926124,0.12828036914916902,0.511975466157655,642.0,603.0,2.04790186463062,1.0,2.8698263705488554,-1.7183054128411344,0.005518749716457972,-0.6876167590336059,-0.28986884486284525,2.0916984423043408,0.649444724332729,-1.5236481744151193,0.04800187766509985,0.36068325402604734,-0.6228659323296433,0.14865726497307685,386.0,411.0,1
9920.0,Remates en línea,Secretaría de Hacienda,Secretaría de Hacienda,Boulevard 801 Canutillo 42075 Pachuca De Soto Pachuca De Soto,Ambos,43200.0,0.0,0.0,,12.0,0.0,100.0,FALSO,,0.0,0.0,0.0,10.673618922112436,"(9.869, 11.514]",0,0,1.2120862014627916,1.6245897174547026,0.7812625096170339,-1.0973107648417608,0.023888627868291986,0.9966743555399127,1.0828390939090642,0.9966743555399127,0.9105096171707612,602.0,602.0,578.0,29.0,0.9966743555399127,-0.43082369184575764,24.0,Dominado por tiempo,Tiempo,0.7503940547476008,0.7794752640484426,1.157452788691043,1.2014696741078175,0.18293853110111424,0.17116739925186739,0.1780754940817648,1.0,0.5057711559949318,0.09861160183955657,0.3822139449936648,597.5,476.0,1.5288557799746592,1.0,2.3507802858928946,-1.652658226117035,0.015052459862084453,-0.6876167590336059,-0.3310191299741076,1.0940624385281792,0.649444724332729,-1.5236481744151193,-0.1597553801123849,0.35410593035298166,-0.6481640977248081,-0.10707627731975478,255.5,284.5,1
9948.0,Historial Académico UNIDEH,Secretaría de Educación Pública,Universidad Digital del Estado de Hidalgo,Boulevard Mza. 10 Santa Catarina 42163 San Miguel Tornacuxtla San Agustín Tlaxiaca,Social,1440.0,0.0,1.0,,150.0,0.0,100.0,VERDADERO,,1.0,1.0,0.0,7.273092595999522,"(6.579, 8.224]",0,0,0.09179778444881183,1.3639886036055924,0.6559398647502834,-0.6454347264697414,0.08913581800905887,0.3738688245995476,0.2610404085392533,0.3738688245995476,0.4866972406598419,301.0,292.0,287.0,28.0,0.3738688245995476,0.5641420803014716,14.0,Dominado por rareza,Rareza,0.7503940547476008,0.7794752640484426,1.157452788691043,0.35774963506849783,0.18293853110111424,0.17116739925186739,0.1780754940817648,0.2977600207297401,0.24076205395280686,0.04916099053197957,0.22651256225857352,160.5,234.0,1.906050249034294,1.0,2.7279747549525295,-0.5120445697255819,0.18069977135894297,-0.6876167590336059,-0.3310191299741076,-0.11836896865719373,0.649444724332729,0.6553325481355352,0.03355448296067141,0.35410593035298166,-0.6481640977248081,0.1345610515215656,366.5,394.5,2
9957.0,Dictamen de Equivalencia (ITSOEH),Secretaría de Educación Pública,Instituto Tecnológico Superior del Occidente del Estado de Hidalgo,Carretera 2000 Carretera Mixquiahuala- Tula km.2.5 42700 Mixquiahuala De Juárez Mixquiahuala De Juárez,Social,86400.0,1.0,3.0,,7.0,0.0,100.0,VERDADERO,,4.0,1.0,0.0,11.366754528799243,"(9.869, 11.514]",1,1,1.4404366734554037,1.6245897174547026,0.7812625096170339,-1.2589004738062273,0.0005564005088149505,1.1108495915362189,1.2426844243038928,1.1108495915362189,0.9790147587685449,625.5,625.5,608.5,27.0,1.1108495915362189,-0.6591741638383698,17.0,Dominado por tiempo,Tiempo,1.157452788691043,0.8094275863317937,1.157452788691043,0.35774963506849783,0.2821753605887091,0.1777447229249331,0.1780754940817648,0.2977600207297401,0.40932103797227326,0.09559804067458846,0.43721129228290645,476.5,544.5,2.7488451691316262,1.0,3.5707696750498608,-0.2311312387569019,0.22149582686629463,-0.09737585293178269,-0.28986884486284525,1.3163302816472193,0.649444724332729,0.6553325481355352,0.4467725712641711,0.4599200835136422,-0.24117425187463498,0.5949833255602122,576.5,603.5,2
9974.0,Préstamo con maquinaria especializada para la nivelación de tierras agrícolas.,Secretaría de Agricultura y Desarrollo Rural,Secretaría de Agricultura y Desarrollo Rural,"Carretera s/n Venta Prieta, Ex Centro Minero. 42080 Pachuca De Soto Pachuca De Soto",Ambos,1440.0,1.0,1.0,Nivel 2,5.0,0.0,100.0,FALSO,,2.0,0.0,2.0,7.273092595999522,"(6.579, 8.224]",0,1,0.09179778444881183,1.3639886036055924,0.6559398647502834,-0.6454347264697414,0.08913581800905887,0.3738688245995476,0.2610404085392533,0.3738688245995476,0.4866972406598419,301.0,292.0,287.0,5.0,0.3738688245995476,0.5641420803014716,14.0,Dominado por rareza,Rareza,0.7503940547476008,0.8094275863317937,2.2512917986064953,1.2014696741078175,0.18293853110111424,0.1777447229249331,0.3463639323142087,1.0,0.4161832021879608,0.07172820429277146,0.27022900273495093,509.0,306.0,1.0809160109398037,0.8571428571428572,1.5916949357684522,-1.3195065795308616,0.06343490230306092,-0.6876167590336059,-0.28986884486284525,-0.11836896865719373,0.06225132979667862,-1.5236481744151193,-0.511450283434417,0.36068325402604734,-0.6228659323296433,-0.5506579364013194,78.0,83.0,1
10035.0,Publicaciones e impresiones (Materia Catastral Compendio Catastral),Secretaría de Hacienda,Instituto Catastral,Calle 105 Real de Minas 42090 Pachuca De Soto Pachuca De Soto,,4320.0,0.0,1.0,,0.0,0.0,0.0,VERDADERO,,1.0,1.0,0.0,8.371242135931933,"(8.224, 9.869]",0,0,0.4535783124477769,1.9459101490553135,0.9357849740192016,-0.14025223635945364,0.16208002214691,0.6946816432334892,0.5982403109192043,0.6946816432334892,0.7911229755477741,426.5,419.5,406.5,35.0,0.6946816432334892,0.48220666157142467,20.0,Dominado por rareza,Rareza,0.7503940547476008,0.7794752640484426,1.157452788691043,0.35774963506849783,0.18293853110111424,0.17116739925186739,0.1780754940817648,0.2977600207297401,0.30492461767959517,0.06760047740980933,0.30671576691705893,255.5,353.5,2.2268630676682357,1.0,3.048787573586471,-0.5651075455195829,0.17299362192697218,-0.6876167590336059,-0.3310191299741076,0.5061655253640223,0.649444724332729,0.6553325481355352,0.15846138176491462,0.35410593035298166,-0.6481640977248081,0.29069467502686963,446.5,481.5,2
10079.0,Refrendo anual perito topográfo,Secretaría de Hacienda,Instituto Catastral,Calle 105 Real de Minas 42090 Pachuca De Soto Pachuca De Soto,,172800.0,2.0,1.0,,0.0,0.0,0.0,VERDADERO,,3.0,1.0,0.0,12.059895922372384,"(11.514, 13.159]",0,2,1.6687890519122244,3.003279479189374,1.444272137010033,0.3829273939621004,0.23762286557881412,1.5565305944611287,1.601433977441567,1.5565305944611287,1.5116272114806906,642.0,642.0,642.0,10.0,1.5565305944611287,-0.22451691490219128,0.0,Dominado por tiempo,Tiempo,0.7503940547476008,2.6931245508855346,1.157452788691043,0.35774963506849783,0.18293853110111424,0.5913916021429794,0.1780754940817648,0.2977600207297401,0.5613392485033454,0.1307710928900452,0.6272340554467468,627.0,652.0,3.5089362217869873,1.0,4.330860727705222,0.513659635082262,0.3296591871658426,-0.6876167590336059,2.2980662882233824,2.183948853878199,0.649444724332729,0.6553325481355352,1.0198351311072478,0.7743301332440936,0.968131817789353,1.114214486033954,649.0,659.0,0
10080.0,Becas para la Transformación de Estudiantes de Instituciones de Educación Superior,Secretaría de Educación Pública,Secretaría de Educación Pública,Circuito Lote 17 San Juan Tilcuautla 42160 San Juan Tilcuautla San Agustín Tlaxiaca,Social,7200.0,3.0,11.0,Nivel 4.1,12057.0,0.0,100.0,FALSO,,14.0,0.0,12.0,8.881975184248867,"(8.224, 9.869]",4,3,0.6218370651655479,1.9459101490553135,0.9357849740192016,-0.25931869873693625,0.14488780248834904,0.7788110195923748,0.716021437821644,0.7788110195923748,0.8416006013631054,461.5,461.5,441.5,-108.0,0.7788110195923748,0.31394790885365365,20.0,Dominado por rareza,Rareza,4.1018917678574836,4.014880390867853,3.6094152827596893,1.2014696741078175,1.0,0.881640080844775,0.5553128525877803,1.0,0.843152790604986,0.1604563944353138,0.8039409882562325,665.0,664.0,3.21576395302493,0.1428571428571429,2.8033082432942926,4.8735291814264565,0.9628277142846239,4.17210220048888,4.113973220187095,0.6699423274268128,-2.8737156428835746,-1.5236481744151193,0.9117307861608188,1.8816400808447749,5.227145299644744,0.3749309524432156,641.0,533.0,0
10106.0,Copia de Ortofoto a color escala 1:1000,Secretaría de Hacienda,Instituto Catastral,Calle 105 Real de Minas 42090 Pachuca De Soto Pachuca De Soto,,4320.0,1.0,2.0,,0.0,0.0,0.0,VERDADERO,,3.0,1.0,0.0,8.371242135931933,"(8.224, 9.869]",1,1,0.4535783124477769,1.9459101490553135,0.9357849740192016,-0.14025223635945364,0.16208002214691,0.6946816432334892,0.5982403109192043,0.6946816432334892,0.7911229755477741,426.5,419.5,406.5,33.0,0.6946816432334892,0.48220666157142467,20.0,Dominado por rareza,Rareza,1.157452788691043,0.8094275863317937,1.157452788691043,0.35774963506849783,0.2821753605887091,0.1777447229249331,0.1780754940817648,0.2977600207297401,0.3260874483117273,0.0716777888143979,0.3331693052072241,286.5,387.5,2.3326772208288964,1.0,3.1546017267471314,-0.16229636532179642,0.23149247354666594,-0.09737585293178269,-0.28986884486284525,0.5061655253640223,0.649444724332729,0.6553325481355352,0.2847396200075317,0.4599200835136422,-0.24117425187463498,0.3924421364894129,510.5,543.5,2
10408.0,Autorización de Centro de Asesoría Particular de Preparatoria Abierta,Secretaría de Educación Pública,Instituto Hidalguense de Educación para Adultos,Circuito S/N La Concepción 42160 San Juan Tilcuautla San Agustín Tlaxiaca,Social,21600.0,0.0,9.0,Nivel 1,4.0,0.0,100.0,VERDADERO,,9.0,1.0,1.0,9.980494888896912,"(9.869, 11.514]",3,0,0.9837395422993063,1.6245897174547026,0.7812625096170339,-0.9357237539840406,0.04722046564330571,0.88250102595817,0.9229964324946245,0.88250102595817,0.8420056194217156,536.0,522.0,487.0,10.0,0.88250102595817,-0.20247703268227235,49.0,Dominado por tiempo,Tiempo,2.8622008809294686,0.7794752640484426,0.9314425368947573,0.35774963506849783,0.6977758173332946,0.17116739925186739,0.14330354688063304,0.2977600207297401,0.438501562030741,0.09664401658202004,0.47368694735599126,524.0,577.0,2.894747789423965,0.9285714285714286,3.680015671114761,1.499935596528652,0.4728925777991252,2.3745329276275564,-0.3310191299741076,0.871798306674979,0.3558480270647038,0.6553325481355352,0.7852985359057334,0.868943216585162,1.3320393202755794,0.8037545505376993,627.0,637.0,2
10519.0,Admisión UPFIM,Secretaría de Educación Pública,Universidad Politécnica Francisco I. Madero,Calle s/n Domicilio Conocido 42660 Tepatepec Francisco I. Madero,Social,1440.0,0.0,1.0,Nivel 3.9,1110.0,0.0,100.0,VERDADERO,,1.0,1.0,11.0,7.273092595999522,"(6.579, 8.224]",0,0,0.09179778444881183,1.3639886036055924,0.6559398647502834,-0.6454347264697414,0.08913581800905887,0.3738688245995476,0.2610404085392533,0.3738688245995476,0.4866972406598419,301.0,292.0,287.0,4.0,0.3738688245995476,0.5641420803014716,14.0,Dominado por rareza,Rareza,0.7503940547476008,0.7794752640484426,4.197201947661808,0.35774963506849783,0.18293853110111424,0.17116739925186739,0.6457445330760089,0.2977600207297401,0.3342958617516557,0.07333930782030676,0.34342982200713457,297.0,399.0,2.3737192880285383,0.2142857142857143,1.9422604692382435,0.6485795658443215,0.34925313440016126,-0.6876167590336059,-0.3310191299741076,-0.11836896865719373,-2.5801189456155496,0.6553325481355352,-0.6123582510289843,0.35410593035298166,-0.6481640977248081,-0.672829865965504,47.0,51.0,3
10522.0,Constancia Escolar UPFIM,Secretaría de Educación Pública,Universidad Politécnica Francisco I. Madero,Calle s/n Domicilio Conocido 42660 Tepatepec Francisco I. Madero,Social,480.0,0.0,1.0,Nivel 1,310.0,0.0,100.0,VERDADERO,,1.0,1.0,1.0,6.175867270105761,"(4.934, 6.579]",0,0,-0.26967826530677347,3.791736839553644,1.8234399782600113,2.7860177983679235,0.5846093911458844,0.7768808564766189,0.358257207763262,0.7768808564766189,1.1955045051899758,377.0,449.0,630.0,36.0,0.7768808564766189,2.0931182435667846,253.0,Dominado por rareza,Rareza,0.7503940547476008,0.7794752640484426,0.9314425368947573,0.35774963506849783,0.18293853110111424,0.17116739925186739,0.14330354688063304,0.2977600207297401,0.3144100708879947,0.07052737763442188,0.3185725834275584,269.5,366.5,2.2742903337102334,0.9285714285714286,3.059558215401029,-0.4731921475684789,0.18634217204334824,-0.6876167590336059,-0.3310191299741076,0.6661848296746657,0.3558480270647038,0.6553325481355352,0.13174590317343826,0.35410593035298166,-0.6481640977248081,0.2573003267875242,429.5,465.5,2
10523.0,Certificado Parcial UPFIM,Secretaría de Educación Pública,Universidad Politécnica Francisco I. Madero,Calle s/n Domicilio Conocido 42660 Tepatepec Francisco I. Madero,Social,21600.0,0.0,2.0,Nivel 3.9,420.0,0.0,100.0,VERDADERO,,2.0,1.0,11.0,9.980494888896912,"(9.869, 11.514]",1,0,0.9837395422993063,1.6245897174547026,0.7812625096170339,-0.9357237539840406,0.04722046564330571,0.88250102595817,0.9229964324946245,0.88250102595817,0.8420056194217156,536.0,522.0,487.0,-3.0,0.88250102595817,-0.20247703268227235,49.0,Dominado por tiempo,Tiempo,1.157452788691043,0.7794752640484426,4.197201947661808,0.35774963506849783,0.2821753605887091,0.17116739925186739,0.6457445330760089,0.2977600207297401,0.45586966792089906,0.1064380809286061,0.49539707971868885,541.0,592.0,2.9815883188747554,0.2142857142857143,2.550129500084461,0.9481461288829487,0.39275813322569925,-0.09737585293178269,-0.3310191299741076,0.871798306674979,-2.5801189456155496,0.6553325481355352,-0.2962766147421851,0.4533427598405765,-0.26647241726980003,-0.32986512701870885,160.0,157.0,3
10524.0,Cursos de Educación Continua UPFIM,Secretaría de Educación Pública,Universidad Politécnica Francisco I. Madero,Calle s/n Tepatepec 42660 Tepatepec Francisco I. Madero,Social,1440.0,0.0,1.0,Nivel 3.9,30.0,0.0,100.0,VERDADERO,,1.0,1.0,11.0,7.273092595999522,"(6.579, 8.224]",0,0,0.09179778444881183,1.3639886036055924,0.6559398647502834,-0.6454347264697414,0.08913581800905887,0.3738688245995476,0.2610404085392533,0.3738688245995476,0.4866972406598419,301.0,292.0,287.0,4.0,0.3738688245995476,0.5641420803014716,14.0,Dominado por rareza,Rareza,0.7503940547476008,0.7794752640484426,4.197201947661808,0.35774963506849783,0.18293853110111424,0.17116739925186739,0.6457445330760089,0.2977600207297401,0.3342958617516557,0.07333930782030676,0.34342982200713457,297.0,399.0,2.3737192880285383,0.2142857142857143,1.9422604692382435,0.6485795658443215,0.34925313440016126,-0.6876167590336059,-0.3310191299741076,-0.11836896865719373,-2.5801189456155496,0.6553325481355352,-0.6123582510289843,0.35410593035298166,-0.6481640977248081,-0.672829865965504,47.0,51.0,3
10549.0,Titulación en la UICEH,Secretaría de Educación Pública,Universidad Intercultural del Estado de Hidalgo,Carretera S/N EL DESDAVI 43487 El Desdavi Tenango De Doria,Social,518400.0,0.0,8.0,Nivel 1,3.0,0.0,100.0,VERDADERO,,8.0,1.0,1.0,13.158504353030688,"(11.514, 13.159]",3,0,2.030720759439178,3.003279479189374,1.444272137010033,0.1268103876167628,0.20064167252528797,1.7374964482246056,1.8547861727104342,1.7374964482246056,1.6202067237387765,663.5,663.5,663.5,7.0,1.7374964482246056,-0.5864486224291448,0.0,Dominado por tiempo,Tiempo,2.8622008809294686,0.7794752640484426,0.9314425368947573,0.35774963506849783,0.6977758173332946,0.17116739925186739,0.14330354688063304,0.2977600207297401,0.6095006464840281,0.14578693093506412,0.6874358029226002,640.0,657.0,3.7497432116904004,0.9285714285714286,4.535011093381197,1.3585179262843943,0.4523549867025733,2.3745329276275564,-0.3310191299741076,2.5362396956112074,0.3558480270647038,0.6553325481355352,1.118186813692979,0.868943216585162,1.3320393202755794,1.2198648977717563,655.0,662.0,2
10562.0,Examen TOEFL UPFIM,Secretaría de Educación Pública,Universidad Politécnica Francisco I. Madero,Calle s/n Domicio conocido 42660 Tepatepec Francisco I. Madero,Social,1440.0,0.0,1.0,,486.0,0.0,100.0,VERDADERO,,1.0,1.0,0.0,7.273092595999522,"(6.579, 8.224]",0,0,0.09179778444881183,1.3639886036055924,0.6559398647502834,-0.6454347264697414,0.08913581800905887,0.3738688245995476,0.2610404085392533,0.3738688245995476,0.4866972406598419,301.0,292.0,287.0,28.0,0.3738688245995476,0.5641420803014716,14.0,Dominado por rareza,Rareza,0.7503940547476008,0.7794752640484426,1.157452788691043,0.35774963506849783,0.18293853110111424,0.17116739925186739,0.1780754940817648,0.2977600207297401,0.24076205395280686,0.04916099053197957,0.22651256225857352,160.5,234.0,1.906050249034294,1.0,2.7279747549525295,-0.5120445697255819,0.18069977135894297,-0.6876167590336059,-0.3310191299741076,-0.11836896865719373,0.649444724332729,0.6553325481355352,0.03355448296067141,0.35410593035298166,-0.6481640977248081,0.1345610515215656,366.5,394.5,2
10587.0,Asesoría Jurídica en Derechos Humanos,Secretaría de Gobierno,Secretaría de Gobierno,Avenida 201 REAL DE MINAS 42090 Pachuca De Soto Pachuca De Soto,Social,255.0,0.0,0.0,,0.0,0.0,0.0,FALSO,,0.0,0.0,0.0,5.545177444479562,"(4.934, 6.579]",0,0,-0.47745624983578844,3.791736839553644,1.8234399782600113,2.9330496120370153,0.6058395779417396,0.6729918642121114,0.21281261859295147,0.6729918642121114,1.1331711098312711,227.5,397.5,623.5,20.0,0.6729918642121114,2.3008962280958,396.0,Dominado por rareza,Rareza,0.7503940547476008,0.7794752640484426,1.157452788691043,1.2014696741078175,0.18293853110111424,0.17116739925186739,0.1780754940817648,1.0,0.44103465772937156,0.08000717363485774,0.30129332216171445,530.0,346.5,1.2051732886468578,1.0,2.027097794565093,-1.5991206016685962,0.022827540849514615,-0.6876167590336059,-0.3310191299741076,0.4639414795037954,0.649444724332729,-1.5236481744151193,-0.28577957191726167,0.35410593035298166,-0.6481640977248081,-0.26460651707585076,171.0,191.0,1
10588.0,Escrituras Públicas para personas que han tenido en posesión un predio,Secretaría de Gobierno,Secretaría de Gobierno,Avenida 1010 Periodistas 42060 Pachuca De Soto Pachuca De Soto,Social,345600.0,0.0,5.0,Nivel 1,691.0,0.0,100.0,FALSO,,5.0,0.0,1.0,12.75304020942637,"(11.514, 13.159]",2,0,1.8971423836135621,3.003279479189374,1.444272137010033,0.2213356613560948,0.2142903460221125,1.6707072603117976,1.7612813096325035,1.6707072603117976,1.5801332109910917,658.5,658.5,658.5,-11.0,1.6707072603117976,-0.45287024660352904,0.0,Dominado por tiempo,Tiempo,1.9671875475025984,0.7794752640484426,0.9314425368947573,1.2014696741078175,0.4795805591257976,0.17116739925186739,0.14330354688063304,1.0,0.6929517531140191,0.14710571131581,0.6161896913925239,658.0,649.0,2.4647587655700955,0.9285714285714286,3.250026647260891,-0.5116787328815214,0.18075290055770854,1.0767509692910755,-0.3310191299741076,2.4062194805311847,0.3558480270647038,-1.5236481744151193,0.39683023449954746,0.650747958377665,0.4928013558770408,0.4328051722644525,564.0,553.0,1
10605.0,Modificación de Tipo de Perito en el Padrón,Secretaría de Hacienda,Instituto Catastral,Calle 105 Real de Minas 42090 Pachuca De Soto Pachuca De Soto,,4320.0,1.0,3.0,,0.0,0.0,0.0,VERDADERO,,4.0,1.0,0.0,8.371242135931933,"(8.224, 9.869]",1,1,0.4535783124477769,1.9459101490553135,0.9357849740192016,-0.14025223635945364,0.16208002214691,0.6946816432334892,0.5982403109192043,0.6946816432334892,0.7911229755477741,426.5,419.5,406.5,33.0,0.6946816432334892,0.48220666157142467,20.0,Dominado por rareza,Rareza,1.157452788691043,0.8094275863317937,1.157452788691043,0.35774963506849783,0.2821753605887091,0.1777447229249331,0.1780754940817648,0.2977600207297401,0.3260874483117273,0.0716777888143979,0.3331693052072241,286.5,387.5,2.3326772208288964,1.0,3.1546017267471314,-0.16229636532179642,0.23149247354666594,-0.09737585293178269,-0.28986884486284525,0.5061655253640223,0.649444724332729,0.6553325481355352,0.2847396200075317,0.4599200835136422,-0.24117425187463498,0.3924421364894129,510.5,543.5,2
10606.0,Atención al empoderamiento.,Secretaría de Gobierno,Centro de Justicia Para Mujeres,Calle 118 San Carlos 42084 Pachuca De Soto Pachuca De Soto,Social,30.0,0.0,0.0,,0.0,0.0,0.0,FALSO,,0.0,0.0,0.0,3.4339872044851463,"(3.29, 4.934]",0,0,-1.17297857348804,1.754854912292604,0.8439068264813923,0.7608498199607056,0.2921917612353043,-0.16453587350332388,-0.5679129534972103,-0.16453587350332388,0.23884120649056245,142.0,128.0,88.0,4.0,-0.16453587350332388,2.016885399969432,54.0,Dominado por rareza,Rareza,0.7503940547476008,0.7794752640484426,1.157452788691043,1.2014696741078175,0.18293853110111424,0.17116739925186739,0.1780754940817648,1.0,0.2735291101862845,0.03186825638341252,0.09191138773285565,203.0,48.5,0.3676455509314226,1.0,1.1895700568496577,-1.4605921156110981,0.042945545883534074,-0.6876167590336059,-0.3310191299741076,-1.166495122531356,0.649444724332729,-1.5236481744151193,-0.611866892324292,0.35410593035298166,-0.6481640977248081,-0.6722156675846387,49.0,53.0,1
10618.0,Uso de la Plataforma Naturalista,Secretaría de Medio Ambiente y Recursos Naturales,Comisión Estatal de Biodiversidad de Hidalgo,Boulevard 2005 Coscotitlán 42064 Pachuca De Soto Pachuca De Soto,Ambos,1440.0,1.0,0.0,Nivel 1,2.0,0.0,100.0,FALSO,,1.0,0.0,1.0,7.273092595999522,"(6.579, 8.224]",0,1,0.09179778444881183,1.3639886036055924,0.6559398647502834,-0.6454347264697414,0.08913581800905887,0.3738688245995476,0.2610404085392533,0.3738688245995476,0.4866972406598419,301.0,292.0,287.0,2.0,0.3738688245995476,0.5641420803014716,14.0,Dominado por rareza,Rareza,0.7503940547476008,0.8094275863317937,0.9314425368947573,1.2014696741078175,0.18293853110111424,0.1777447229249331,0.14330354688063304,1.0,0.3755711251012456,0.06123005705971627,0.219463906376557,399.5,204.0,0.877855625506228,0.9285714285714286,1.6631235071970236,-1.425017864582671,0.04811186929931382,-0.6876167590336059,-0.28986884486284525,-0.11836896865719373,0.3558480270647038,-1.5236481744151193,-0.45273094398081215,0.36068325402604734,-0.6228659323296433,-0.4772587620843131,103.5,105.5,1
10662.0,Credencial de Identificación Escolar (CEH),Secretaría de Educación Pública,Colegio del Estado de Hidalgo,Boulevard 3 De La Concepción 42162 San Agustín Tlaxiaca San Agustín Tlaxiaca,Social,7200.0,2.0,0.0,Nivel 1,10.0,0.0,100.0,VERDADERO,,2.0,1.0,1.0,8.881975184248867,"(8.224, 9.869]",0,2,0.6218370651655479,1.9459101490553135,0.9357849740192016,-0.25931869873693625,0.14488780248834904,0.7788110195923748,0.716021437821644,0.7788110195923748,0.8416006013631054,461.5,461.5,441.5,0.0,0.7788110195923748,0.31394790885365365,20.0,Dominado por rareza,Rareza,0.7503940547476008,2.6931245508855346,0.9314425368947573,0.35774963506849783,0.18293853110111424,0.5913916021429794,0.14330354688063304,0.2977600207297401,0.3988409440893683,0.08427209649086628,0.42411117492927536,452.0,523.0,2.6964446997171017,0.9285714285714286,3.481712581407897,0.7478070362079425,0.3636635910874578,-0.6876167590336059,2.2980662882233824,0.6699423274268128,0.3558480270647038,0.6553325481355352,0.6583144863633656,0.7743301332440936,0.968131817789353,0.6623136801041012,614.0,614.0,0
10793.0,Becas Institucionales UPP,Secretaría de Educación Pública,Universidad Politécnica de Pachuca,Carretera S/N de Santa Bárbara 43380 Zempoala Zempoala,Social,11520.0,3.0,0.0,Nivel 2,30.0,0.0,100.0,FALSO,,3.0,0.0,2.0,9.351926736038054,"(8.224, 9.869]",0,3,0.7766605335163969,1.9459101490553135,0.9357849740192016,-0.36887782937228863,0.12906836348030673,0.8562227537677992,0.8243978656672382,0.8562227537677992,0.88804764186836,482.0,482.0,546.0,-84.0,0.8562227537677992,0.15912444050280472,64.0,Sensible,Mixto,0.7503940547476008,4.014880390867853,2.2512917986064953,1.2014696741078175,0.18293853110111424,0.881640080844775,0.3463639323142087,1.0,0.6534330596055794,0.12228987557872914,0.5667913245069742,656.0,640.0,2.267165298027897,0.8571428571428572,2.7779442228565454,0.6464772538262651,0.34894782301644495,-0.6876167590336059,4.113973220187095,0.8206417241666868,0.06225132979667862,-1.5236481744151193,0.557120268140347,1.064578611945889,2.0845059518405296,0.3609377078471939,596.0,512.0,0
10806.0,Transformando con la Juventud,Secretaría de Desarrollo Económico,Secretaría de Desarrollo Económico,Calle 305 Zona Plateada 42084 Pachuca De Soto Pachuca De Soto,Social,15.0,1.0,3.0,Nivel 3.2,759.0,190.0,79.97892518,FALSO,,4.0,0.0,4.0,2.772588722239781,"(1.645, 3.29]",1,1,-1.390873389652303,1.8846665238145945,0.9063330158789191,1.0848430164207854,0.3389737188932182,-0.24227018688669189,-0.7017114679929362,-0.24227018688669189,0.21717109421955244,44.5,41.5,41.5,-2.0,-0.24227018688669189,2.297206405531222,3.0,Dominado por rareza,Rareza,1.157452788691043,0.8094275863317937,5.401174751987744,1.2014696741078175,0.2821753605887091,0.1777447229249331,0.8309771871299254,1.0,0.4097254167513752,0.06523237888809312,0.26215677093921896,478.5,296.5,1.0486270837568759,0.7142857142857143,0.9319356109126646,-0.6228784099962534,0.16460376237217336,-0.09737585293178269,-0.28986884486284525,-1.317822492440359,-0.5249420647393722,-1.5236481744151193,-0.7507314858778957,0.4599200835136422,-0.24117425187463498,-0.9018967458673713,16.5,14.5,1
10814.0,Tu Experiencia Transforma,Secretaría de Desarrollo Económico,Secretaría de Desarrollo Económico,Calle 305 Zona Plateada 42084 Pachuca De Soto Pachuca De Soto,Social,15.0,1.0,3.0,Nivel 3.2,134.0,83.0,61.75115207,FALSO,,4.0,0.0,4.0,2.772588722239781,"(1.645, 3.29]",1,1,-1.390873389652303,1.8846665238145945,0.9063330158789191,1.0848430164207854,0.3389737188932182,-0.24227018688669189,-0.7017114679929362,-0.24227018688669189,0.21717109421955244,44.5,41.5,41.5,-2.0,-0.24227018688669189,2.297206405531222,3.0,Dominado por rareza,Rareza,1.157452788691043,0.8094275863317937,5.401174751987744,1.2014696741078175,0.2821753605887091,0.1777447229249331,0.8309771871299254,1.0,0.4097254167513752,0.06523237888809312,0.26215677093921896,478.5,296.5,1.0486270837568759,0.7142857142857143,0.9319356109126646,-0.6228784099962534,0.16460376237217336,-0.09737585293178269,-0.28986884486284525,-1.317822492440359,-0.5249420647393722,-1.5236481744151193,-0.7507314858778957,0.4599200835136422,-0.24117425187463498,-0.9018967458673713,16.5,14.5,1
10825.0,Acompañamiento a los municipios para la implementación de estrategias que impulsen el desarrollo económico local,Secretaría de Desarrollo Económico,Secretaría de Desarrollo Económico,Calle 305 Zona Plateada 42084 Pachuca De Soto Pachuca De Soto,Empresarial,21600.0,1.0,0.0,Nivel 1,0.0,0.0,0.0,FALSO,,1.0,0.0,1.0,9.980494888896912,"(9.869, 11.514]",0,1,0.9837395422993063,1.6245897174547026,0.7812625096170339,-0.9357237539840406,0.04722046564330571,0.88250102595817,0.9229964324946245,0.88250102595817,0.8420056194217156,536.0,522.0,487.0,12.0,0.88250102595817,-0.20247703268227235,49.0,Dominado por tiempo,Tiempo,0.7503940547476008,0.8094275863317937,0.9314425368947573,1.2014696741078175,0.18293853110111424,0.1777447229249331,0.14330354688063304,1.0,0.47729756537297,0.09046491382925093,0.3466219567162126,563.0,407.5,1.3864878268648504,0.9285714285714286,2.1717557085556463,-1.509146479840835,0.03589416625904284,-0.6876167590336059,-0.28986884486284525,0.871798306674979,0.3558480270647038,-1.5236481744151193,-0.2546974889143775,0.36068325402604734,-0.6228659323296433,-0.22971694325126996,192.0,204.0,1
10838.0,"Expedición, Renovación o Reposición por Robo o Extravío del Tarjetón para Personas que Conducen Unidades Autorizadas por el Sistema de Transporte Convencional",Secretaría de Movilidad y Transporte,Sistema de Transporte Convencional de Hidalgo,Avenida 205 Colonias 42083 Pachuca De Soto Pachuca De Soto,Social,23.0,1.0,7.0,Nivel 2,0.0,0.0,0.0,VERDADERO,,8.0,1.0,2.0,3.1780538303479458,"(1.645, 3.29]",3,1,-1.257294696075144,1.8846665238145945,0.9063330158789191,0.9903175178280561,0.32532501292940913,-0.1754808400981125,-0.608206382488925,-0.1754808400981125,0.2572447022927001,97.0,93.0,163.0,-74.0,-0.1754808400981125,2.1636277119540632,66.0,Dominado por rareza,Rareza,2.8622008809294686,0.8094275863317937,2.2512917986064953,0.35774963506849783,0.6977758173332946,0.1777447229249331,0.3463639323142087,0.2977600207297401,0.2688327306408128,0.046545511392158685,0.261600908118581,199.0,295.0,2.046403632474324,0.8571428571428572,2.5571825573029727,1.7995548504112249,0.516405228730695,2.3745329276275564,-0.28986884486284525,-1.187801968072821,0.06225132979667862,0.6553325481355352,0.32288919852482084,0.8755205402582278,1.3573374856707445,0.22177984888253438,524.0,450.0,2
10850.0,"Suministro e instalación de mojonera de hormigon de 40 cms. de largo y 10 cms. de diametro con una varilla al centro de 1/2"", para identificación de vertices que delimitan perimetrales de predio",Secretaría de Hacienda,Instituto Catastral,Calle 105 Real de Minas 42090 Pachuca De Soto Pachuca De Soto,Ambos,4320.0,1.0,4.0,,0.0,0.0,0.0,VERDADERO,,5.0,1.0,0.0,8.371242135931933,"(8.224, 9.869]",2,1,0.4535783124477769,1.9459101490553135,0.9357849740192016,-0.14025223635945364,0.16208002214691,0.6946816432334892,0.5982403109192043,0.6946816432334892,0.7911229755477741,426.5,419.5,406.5,13.0,0.6946816432334892,0.48220666157142467,20.0,Dominado por rareza,Rareza,1.9671875475025984,0.8094275863317937,1.157452788691043,0.35774963506849783,0.4795805591257976,0.1777447229249331,0.1780754940817648,0.2977600207297401,0.365568488019145,0.07936401958096921,0.3825206048414962,366.0,479.0,2.5300824193659848,1.0,3.3520069252842197,0.6009628323017028,0.3423379235841248,1.0767509692910755,-0.28986884486284525,0.5061655253640223,0.649444724332729,0.6553325481355352,0.5195649844521034,0.6573252820507307,0.5180995212722059,0.5822605797761231,586.0,599.0,2
10878.0,Equivalencia de Estudios UPFIM,Secretaría de Educación Pública,Universidad Politécnica Francisco I. Madero,Calle sn Domicilio conocido 42660 Tepatepec Francisco I. Madero,Social,43200.0,0.0,3.0,Nivel 3.9,15.0,0.0,100.0,VERDADERO,,3.0,1.0,11.0,10.673618922112436,"(9.869, 11.514]",1,0,1.2120862014627916,1.6245897174547026,0.7812625096170339,-1.0973107648417608,0.023888627868291986,0.9966743555399127,1.0828390939090642,0.9966743555399127,0.9105096171707612,602.0,602.0,578.0,-15.0,0.9966743555399127,-0.43082369184575764,24.0,Dominado por tiempo,Tiempo,1.157452788691043,0.7794752640484426,4.197201947661808,0.35774963506849783,0.2821753605887091,0.17116739925186739,0.6457445330760089,0.2977600207297401,0.47870433383724764,0.11300046712497218,0.5239404121141245,567.0,609.0,3.095761648456498,0.2142857142857143,2.6643028296662035,0.9292616695595534,0.3900156095863727,-0.09737585293178269,-0.3310191299741076,1.0940624385281792,-2.5801189456155496,0.6553325481355352,-0.2518237883715451,0.4533427598405765,-0.26647241726980003,-0.2742990940554088,194.0,179.0,3
10913.0,Actualización del Registro de Proveedores (Persona Moral),Secretaría de Contraloría,Secretaría de Controlaría,"Carretera 0 Venta Prieta, Ex Centro Minero 42083 Pachuca De Soto Pachuca De Soto",Empresarial,1440.0,0.0,0.0,,0.0,0.0,0.0,VERDADERO,,0.0,1.0,0.0,7.273092595999522,"(6.579, 8.224]",0,0,0.09179778444881183,1.3639886036055924,0.6559398647502834,-0.6454347264697414,0.08913581800905887,0.3738688245995476,0.2610404085392533,0.3738688245995476,0.4866972406598419,301.0,292.0,287.0,28.0,0.3738688245995476,0.5641420803014716,14.0,Dominado por rareza,Rareza,0.7503940547476008,0.7794752640484426,1.157452788691043,0.35774963506849783,0.18293853110111424,0.17116739925186739,0.1780754940817648,0.2977600207297401,0.24076205395280686,0.04916099053197957,0.22651256225857352,160.5,234.0,1.906050249034294,1.0,2.7279747549525295,-0.5120445697255819,0.18069977135894297,-0.6876167590336059,-0.3310191299741076,-0.11836896865719373,0.649444724332729,0.6553325481355352,0.03355448296067141,0.35410593035298166,-0.6481640977248081,0.1345610515215656,366.5,394.5,2
10927.0,Gestión de Créditos,Secretaría de Agricultura y Desarrollo Rural,Secretaría de Agricultura y Desarrollo Rural,Carretera s/n Venta Prieta 42080 Pachuca De Soto Pachuca De Soto,Ambos,1440.0,0.0,2.0,Nivel 2,79.0,0.0,100.0,FALSO,,2.0,0.0,2.0,7.273092595999522,"(6.579, 8.224]",1,0,0.09179778444881183,1.3639886036055924,0.6559398647502834,-0.6454347264697414,0.08913581800905887,0.3738688245995476,0.2610404085392533,0.3738688245995476,0.4866972406598419,301.0,292.0,287.0,-17.0,0.3738688245995476,0.5641420803014716,14.0,Dominado por rareza,Rareza,1.157452788691043,0.7794752640484426,2.2512917986064953,1.2014696741078175,0.2821753605887091,0.17116739925186739,0.3463639323142087,1.0,0.4347151033508666,0.07537872556571223,0.2933938791885832,517.5,323.5,1.1735755167543327,0.8571428571428572,1.6843544415829812,-0.9549274031350653,0.11638145441498525,-0.09737585293178269,-0.3310191299741076,-0.11836896865719373,0.06225132979667862,-1.5236481744151193,-0.40163215923630496,0.4533427598405765,-0.26647241726980003,-0.46155955763635864,128.5,111.5,1
10970.0,Asignación de Servicio Social UPP,Secretaría de Educación Pública,Universidad Politécnica de Pachuca,Carretera s/n Rancho Luna 43830 Zempoala Zempoala,Social,30.0,1.0,3.0,Nivel 2,150.0,0.0,100.0,FALSO,,4.0,0.0,2.0,3.4339872044851463,"(3.29, 4.934]",1,1,-1.17297857348804,1.754854912292604,0.8439068264813923,0.7608498199607056,0.2921917612353043,-0.16453587350332388,-0.5679129534972103,-0.16453587350332388,0.23884120649056245,142.0,128.0,88.0,-8.0,-0.16453587350332388,2.016885399969432,54.0,Dominado por rareza,Rareza,1.157452788691043,0.8094275863317937,2.2512917986064953,1.2014696741078175,0.2821753605887091,0.1777447229249331,0.3463639323142087,1.0,0.3283496284649054,0.04464601814129284,0.16043703558113176,293.0,138.5,0.641748142324527,0.8571428571428572,1.1525270671531755,-0.8467583653096931,0.132090463510722,-0.09737585293178269,-0.28986884486284525,-1.166495122531356,0.06225132979667862,-1.5236481744151193,-0.603027332988885,0.4599200835136422,-0.24117425187463498,-0.7172665547561079,51.0,43.0,1
10972.0,Asesoría Legal En Materia Notarial,Secretaría de Gobierno,Dirección General del Archivo General de Notarías,Calle 517 Centro 42000 Pachuca De Soto Pachuca De Soto,Ambos,1440.0,0.0,0.0,,0.0,0.0,0.0,FALSO,,0.0,0.0,0.0,7.273092595999522,"(6.579, 8.224]",0,0,0.09179778444881183,1.3639886036055924,0.6559398647502834,-0.6454347264697414,0.08913581800905887,0.3738688245995476,0.2610404085392533,0.3738688245995476,0.4866972406598419,301.0,292.0,287.0,11.0,0.3738688245995476,0.5641420803014716,14.0,Dominado por rareza,Rareza,0.7503940547476008,0.7794752640484426,1.157452788691043,1.2014696741078175,0.18293853110111424,0.17116739925186739,0.1780754940817648,1.0,0.3812100498068588,0.06281435887365583,0.22651256225857352,416.0,234.0,0.9060502490342941,1.0,1.7279747549525293,-1.5496451515354752,0.030012686541682033,-0.6876167590336059,-0.3310191299741076,-0.11836896865719373,0.649444724332729,-1.5236481744151193,-0.40224166154945956,0.35410593035298166,-0.6481640977248081,-0.41018412911609803,117.0,128.0,1
10981.0,"Inscripción de la designación, aceptación o discernimiento del cargo de albacea. Declaración y reconocimiento de herederos en un solo documento.",Secretaría de Gobierno,Dirección General del Instituto de la Función Registral,Avenida 907 Las Terrazas 42094 Pachuca De Soto Pachuca De Soto,Ambos,21600.0,1.0,2.0,,0.0,0.0,0.0,VERDADERO,,3.0,1.0,0.0,9.980494888896912,"(9.869, 11.514]",1,1,0.9837395422993063,1.6245897174547026,0.7812625096170339,-0.9357237539840406,0.04722046564330571,0.88250102595817,0.9229964324946245,0.88250102595817,0.8420056194217156,536.0,522.0,487.0,33.0,0.88250102595817,-0.20247703268227235,49.0,Dominado por tiempo,Tiempo,1.157452788691043,0.8094275863317937,1.157452788691043,0.35774963506849783,0.2821753605887091,0.1777447229249331,0.1780754940817648,0.2977600207297401,0.36365132485666346,0.0824731587061028,0.38012415088839424,354.0,465.0,2.5204966035535774,1.0,3.342421109471812,-0.1933620047859594,0.22698091993836575,-0.09737585293178269,-0.28986884486284525,0.871798306674979,0.649444724332729,0.6553325481355352,0.35786617626972306,0.4599200835136422,-0.24117425187463498,0.4838503318171521,540.0,573.0,2
11018.0,Expedición de constancias de documentos que obran en la Dirección General de Profesiones,Secretaría de Educación Pública,Secretaría de Educación Pública,Circuito S/N Ex Hacienda La Concepción 42186 San Juan Tilcuautla San Agustín Tlaxiaca,Social,4320.0,1.0,1.0,Nivel 1,1.0,0.0,100.0,VERDADERO,,2.0,1.0,1.0,8.371242135931933,"(8.224, 9.869]",0,1,0.4535783124477769,1.9459101490553135,0.9357849740192016,-0.14025223635945364,0.16208002214691,0.6946816432334892,0.5982403109192043,0.6946816432334892,0.7911229755477741,426.5,419.5,406.5,35.0,0.6946816432334892,0.48220666157142467,20.0,Dominado por rareza,Rareza,0.7503940547476008,0.8094275863317937,0.9314425368947573,0.35774963506849783,0.18293853110111424,0.1777447229249331,0.14330354688063304,0.2977600207297401,0.29928569297398194,0.06601617559586978,0.2996671110350424,243.0,340.5,2.1986684441401696,0.9285714285714286,2.9839363258309652,-0.44048025856677864,0.19109280468460396,-0.6876167590336059,-0.28986884486284525,0.5061655253640223,0.3558480270647038,0.6553325481355352,0.10797209933356204,0.36068325402604734,-0.6228659323296433,0.2236200420586545,418.0,453.0,2
11019.0,Verificación energética en centros de carga eléctrica con tarifa comercial hasta 25 kW.,Secretaría de Desarrollo Económico,Agencia Estatal de Energía de Hidalgo,Boulevard 222 Zona Plateada 42084 Pachuca De Soto Pachuca De Soto,Ambos,28800.0,1.0,3.0,Nivel 1,0.0,0.0,0.0,VERDADERO,,4.0,1.0,1.0,10.268165387743457,"(9.869, 11.514]",1,1,1.078511320803019,1.6245897174547026,0.7812625096170339,-1.0027879644182334,0.037536944238619675,0.9298869152100264,0.9893366774472234,0.9298869152100264,0.8704371529728294,577.0,576.0,534.0,35.0,0.9298869152100264,-0.2972488111859851,43.0,Dominado por tiempo,Tiempo,1.157452788691043,0.8094275863317937,0.9314425368947573,0.35774963506849783,0.2821753605887091,0.1777447229249331,0.14330354688063304,0.2977600207297401,0.3661741132668084,0.08339907956323192,0.3832776364010754,368.0,482.0,2.533110545604302,0.9285714285714286,3.318378427295097,-0.09568842492640281,0.2411657105704504,-0.09737585293178269,-0.28986884486284525,0.9640456255123894,0.3558480270647038,0.6553325481355352,0.3175963005836001,0.4599200835136422,-0.24117425187463498,0.4335129872094983,520.0,555.0,2
11021.0,Verificación energética en centros de carga eléctrica con tarifa de uso domestico (DAC),Secretaría de Desarrollo Económico,Agencia Estatal de Energía de Hidalgo,Boulevard 222 Zona Plateada 42084 Pachuca De Soto Pachuca De Soto,Social,28800.0,1.0,0.0,Nivel 1,0.0,0.0,0.0,VERDADERO,,1.0,1.0,1.0,10.268165387743457,"(9.869, 11.514]",0,1,1.078511320803019,1.6245897174547026,0.7812625096170339,-1.0027879644182334,0.037536944238619675,0.9298869152100264,0.9893366774472234,0.9298869152100264,0.8704371529728294,577.0,576.0,534.0,24.0,0.9298869152100264,-0.2972488111859851,43.0,Dominado por tiempo,Tiempo,0.7503940547476008,0.8094275863317937,0.9314425368947573,0.35774963506849783,0.18293853110111424,0.1777447229249331,0.14330354688063304,0.2977600207297401,0.34632674736928937,0.07953516322446726,0.3584684290291767,319.0,428.0,2.4338737161167066,0.9285714285714286,3.2191415978075026,-0.47938360322319423,0.18544300870464134,-0.6876167590336059,-0.28986884486284525,0.9640456255123894,0.3558480270647038,0.6553325481355352,0.19954811936323544,0.36068325402604734,-0.6228659323296433,0.3380900670957463,479.0,503.0,2
11023.0,Inscripción Nivel Posgrado UPFIM,Secretaría de Educación Pública,Universidad Politécnica Francisco I. Madero,Calle s/n Domicilio Conocido 42660 Tepatepec Francisco I. Madero,Social,1440.0,1.0,6.0,Nivel 3.9,10.0,0.0,100.0,VERDADERO,,7.0,1.0,11.0,7.273092595999522,"(6.579, 8.224]",2,1,0.09179778444881183,1.3639886036055924,0.6559398647502834,-0.6454347264697414,0.08913581800905887,0.3738688245995476,0.2610404085392533,0.3738688245995476,0.4866972406598419,301.0,292.0,287.0,-45.0,0.3738688245995476,0.5641420803014716,14.0,Dominado por rareza,Rareza,1.9671875475025984,0.8094275863317937,4.197201947661808,0.35774963506849783,0.4795805591257976,0.1777447229249331,0.6457445330760089,0.2977600207297401,0.3949397320912055,0.08510284999146663,0.41923465993157183,448.0,519.0,2.6769386397262873,0.2142857142857143,2.2454798209359925,1.8146499436656076,0.5185974360573139,1.0767509692910755,-0.28986884486284525,-0.11836896865719373,-2.5801189456155496,0.6553325481355352,-0.25125464834179556,0.6573252820507307,0.5180995212722059,-0.3812639612162505,195.0,150.0,3
11055.0,Ayudas Comunitarias a Mujeres y Familias Indígenas,Organismos No Sectorizados,Comisión Estatal para el Desarrollo Sostenible de los Pueblos Indígenas (CEDSPI),Calle 301 Real de Minas 42090 Pachuca De Soto Pachuca De Soto,Social,1440.0,1.0,2.0,,0.0,0.0,0.0,FALSO,,3.0,0.0,0.0,7.273092595999522,"(6.579, 8.224]",1,1,0.09179778444881183,1.3639886036055924,0.6559398647502834,-0.6454347264697414,0.08913581800905887,0.3738688245995476,0.2610404085392533,0.3738688245995476,0.4866972406598419,301.0,292.0,287.0,-13.0,0.3738688245995476,0.5641420803014716,14.0,Dominado por rareza,Rareza,1.157452788691043,0.8094275863317937,1.157452788691043,1.2014696741078175,0.2821753605887091,0.1777447229249331,0.1780754940817648,1.0,0.40237288043899094,0.0668916702782444,0.2529661005487387,468.0,286.5,1.0118644021949548,1.0,1.8337889081131897,-1.1468339713376892,0.0885115381613757,-0.09737585293178269,-0.28986884486284525,-0.11836896865719373,0.649444724332729,-1.5236481744151193,-0.2759634233068424,0.4599200835136422,-0.24117425187463498,-0.30843666765355476,183.0,170.0,1
11056.0,Eco Estufas del Bienestar,Organismos No Sectorizados,Comisión Estatal para el Desarrollo Sostenible de los Pueblos Indígenas (CEDSPI),Calle 301 Real de Minas 42090 Pachuca De Soto Pachuca De Soto,Social,10.0,1.0,2.0,Nivel 2,0.0,0.0,0.0,FALSO,,3.0,0.0,2.0,2.3978952727983707,"(1.645, 3.29]",1,1,-1.5143144958471932,1.8846665238145945,0.9063330158789191,1.172194762402416,0.35158659387487234,-0.30399073998413706,-0.7881202423293596,-0.30399073998413706,0.18013876236108534,21.0,18.0,18.0,-8.0,-0.30399073998413706,2.4206475117261124,3.0,Dominado por rareza,Rareza,1.157452788691043,0.8094275863317937,2.2512917986064953,1.2014696741078175,0.2821753605887091,0.1777447229249331,0.3463639323142087,1.0,0.3004586551687428,0.036630514922088256,0.12557331896092847,246.5,103.0,0.5022932758437139,0.8571428571428572,1.0130722006723623,-0.8236922975760639,0.13544026743904602,-0.09737585293178269,-0.28986884486284525,-1.4379754668868243,0.06225132979667862,-1.5236481744151193,-0.6573234018599786,0.4599200835136422,-0.24117425187463498,-0.7851366408449749,31.5,23.5,1
11058.0,Mujer de Maíz,Organismos No Sectorizados,Comisión Estatal para el Desarrollo Sostenible de los Pueblos Indígenas (CEDSPI),Calle 301 Col. Real de Minas 42090 Pachuca De Soto Pachuca De Soto,Social,5760.0,1.0,2.0,Nivel 2,0.0,0.0,0.0,FALSO,,3.0,0.0,2.0,8.658866349732383,"(8.224, 9.869]",1,1,0.5483348425469642,1.9459101490553135,0.9357849740192016,-0.2073056564272946,0.1523980587825387,0.7420599082830829,0.6645698819886354,0.7420599082830829,0.8195499345775303,449.0,444.0,429.0,-19.0,0.7420599082830829,0.3874501314722374,20.0,Dominado por rareza,Rareza,1.157452788691043,0.8094275863317937,2.2512917986064953,1.2014696741078175,0.2821753605887091,0.1777447229249331,0.3463639323142087,1.0,0.5096687848221867,0.09675478702693116,0.38708598102773345,603.0,489.0,1.5483439241109338,0.8571428571428572,2.059122848939582,-0.9967108211645416,0.1103133955039347,-0.09737585293178269,-0.28986884486284525,0.598398001972488,0.06225132979667862,-1.5236481744151193,-0.2500487080881161,0.4599200835136422,-0.24117425187463498,-0.2760432736301469,196.0,177.0,1
11063.0,Seguridad Alimentaria,Organismos No Sectorizados,Comisión Estatal para el Desarrollo Sostenible de los Pueblos Indígenas (CEDSPI),Calle 301 Real de Minas 42090 Pachuca De Soto Pachuca De Soto,Social,10.0,1.0,1.0,Nivel 2,0.0,0.0,0.0,FALSO,,2.0,0.0,2.0,2.3978952727983707,"(1.645, 3.29]",0,1,-1.5143144958471932,1.8846665238145945,0.9063330158789191,1.172194762402416,0.35158659387487234,-0.30399073998413706,-0.7881202423293596,-0.30399073998413706,0.18013876236108534,21.0,18.0,18.0,3.0,-0.30399073998413706,2.4206475117261124,3.0,Dominado por rareza,Rareza,0.7503940547476008,0.8094275863317937,2.2512917986064953,1.2014696741078175,0.18293853110111424,0.1777447229249331,0.3463639323142087,1.0,0.2806112892712238,0.03276659858332357,0.10076411158902976,212.0,59.0,0.40305644635611904,0.8571428571428572,0.9138353711847675,-1.2073874758728549,0.07971756557323706,-0.6876167590336059,-0.28986884486284525,-1.4379754668868243,0.06225132979667862,-1.5236481744151193,-0.7753715830803432,0.36068325402604734,-0.6228659323296433,-0.8805595609587271,13.0,16.0,1
11065.0,Remodelación de Parques en Comunidades Indígenas,Organismos No Sectorizados,Comisión Estatal para el Desarrollo Sostenible de los Pueblos Indígenas (CEDSPI),Calle 301 Real de Minas 42090 Pachuca De Soto Pachuca De Soto,Social,1440.0,1.0,3.0,,0.0,0.0,0.0,FALSO,,4.0,0.0,0.0,7.273092595999522,"(6.579, 8.224]",1,1,0.09179778444881183,1.3639886036055924,0.6559398647502834,-0.6454347264697414,0.08913581800905887,0.3738688245995476,0.2610404085392533,0.3738688245995476,0.4866972406598419,301.0,292.0,287.0,-13.0,0.3738688245995476,0.5641420803014716,14.0,Dominado por rareza,Rareza,1.157452788691043,0.8094275863317937,1.157452788691043,1.2014696741078175,0.2821753605887091,0.1777447229249331,0.1780754940817648,1.0,0.40237288043899094,0.0668916702782444,0.2529661005487387,468.0,286.5,1.0118644021949548,1.0,1.8337889081131897,-1.1468339713376892,0.0885115381613757,-0.09737585293178269,-0.28986884486284525,-0.11836896865719373,0.649444724332729,-1.5236481744151193,-0.2759634233068424,0.4599200835136422,-0.24117425187463498,-0.30843666765355476,183.0,170.0,1
11066.0,Revalidación de Estudios Bachillerato del Estado de Hidalgo,Secretaría de Educación Pública,Bachillerato del Estado de Hidalgo,Circuito Lote 17 San Juan Tilcuautla 42160 San Juan Tilcuautla San Agustín Tlaxiaca,Social,30.0,0.0,1.0,Nivel 1,3.0,0.0,100.0,VERDADERO,,1.0,1.0,1.0,3.4339872044851463,"(3.29, 4.934]",0,0,-1.17297857348804,1.754854912292604,0.8439068264813923,0.7608498199607056,0.2921917612353043,-0.16453587350332388,-0.5679129534972103,-0.16453587350332388,0.23884120649056245,142.0,128.0,88.0,14.0,-0.16453587350332388,2.016885399969432,54.0,Dominado por rareza,Rareza,0.7503940547476008,0.7794752640484426,0.9314425368947573,0.35774963506849783,0.18293853110111424,0.17116739925186739,0.14330354688063304,0.2977600207297401,0.1261267248920062,0.016417191161972815,0.08321840093257271,28.0,33.5,1.3328736037302908,0.9285714285714286,2.1181414854210865,-0.31748024874939546,0.20895566370454213,-0.6876167590336059,-0.3310191299741076,-1.166495122531356,0.3558480270647038,0.6553325481355352,-0.2347900872677661,0.35410593035298166,-0.6481640977248081,-0.20086966126398131,212.0,226.0,2
11075.0,Corredor Artesanal,Organismos No Sectorizados,Comisión Estatal para el Desarrollo Sostenible de los Pueblos Indígenas (CEDSPI),Calle 301 Real de Minas 42090 Pachuca De Soto Pachuca De Soto,Social,1440.0,1.0,4.0,,0.0,0.0,0.0,FALSO,,5.0,0.0,0.0,7.273092595999522,"(6.579, 8.224]",2,1,0.09179778444881183,1.3639886036055924,0.6559398647502834,-0.6454347264697414,0.08913581800905887,0.3738688245995476,0.2610404085392533,0.3738688245995476,0.4866972406598419,301.0,292.0,287.0,-58.0,0.3738688245995476,0.5641420803014716,14.0,Dominado por rareza,Rareza,1.9671875475025984,0.8094275863317937,1.157452788691043,1.2014696741078175,0.4795805591257976,0.1777447229249331,0.1780754940817648,1.0,0.4418539201464086,0.0745779010448157,0.3023174001830108,531.0,349.5,1.2092696007320431,1.0,2.031194106650278,-0.38357477371418985,0.19935698819883457,1.0767509692910755,-0.28986884486284525,-0.11836896865719373,0.649444724332729,-1.5236481744151193,-0.04113805886227073,0.6573252820507307,0.5180995212722059,-0.11861822436684455,334.0,276.0,1
11158.0,Impuesto sobre Tenencia y Refrendo Vehicular (transporte público),Secretaría de Hacienda,Secretaría de Hacienda,Calle 801 Canutillo 42075 Pachuca De Soto Pachuca De Soto,Ambos,1440.0,3.0,8.0,Nivel 3.7,37376.0,0.0,100.0,VERDADERO,,11.0,1.0,9.0,7.273092595999522,"(6.579, 8.224]",3,3,0.09179778444881183,1.3639886036055924,0.6559398647502834,-0.6454347264697414,0.08913581800905887,0.3738688245995476,0.2610404085392533,0.3738688245995476,0.4866972406598419,301.0,292.0,287.0,-35.0,0.3738688245995476,0.5641420803014716,14.0,Dominado por rareza,Rareza,2.8622008809294686,4.014880390867853,3.3217332103079085,0.35774963506849783,0.6977758173332946,0.881640080844775,0.5110526221137135,0.2977600207297401,0.5524194731242142,0.10947226808764776,0.6160843362228328,624.0,648.0,3.464337344891331,0.3571428571428571,3.3104275799204745,4.493036472626128,0.9075700958055226,2.3745329276275564,4.113973220187095,-0.11836896865719373,-1.992925551079499,0.6553325481355352,1.0065088352426987,1.5794158981780697,4.064709369840918,0.65218684955994,648.0,613.0,0
11163.0,Constancia de estudios UTMIR,Secretaría de Educación Pública,Universidad Tecnológica de Mineral de la Reforma,Calle 1000 Paseos de Chavarría 42186 Pachuquilla Mineral De La Reforma,Social,4320.0,0.0,0.0,Nivel 3.1,203.0,0.0,100.0,VERDADERO,,0.0,1.0,3.0,8.371242135931933,"(8.224, 9.869]",0,0,0.4535783124477769,1.9459101490553135,0.9357849740192016,-0.14025223635945364,0.16208002214691,0.6946816432334892,0.5982403109192043,0.6946816432334892,0.7911229755477741,426.5,419.5,406.5,20.0,0.6946816432334892,0.48220666157142467,20.0,Dominado por rareza,Rareza,0.7503940547476008,0.7794752640484426,3.8607297110405954,0.35774963506849783,0.18293853110111424,0.17116739925186739,0.5939778775661291,0.2977600207297401,0.388105094376468,0.08910247765015504,0.41069136278815,436.5,510.5,2.6427654511526,0.7857142857142857,2.8345018593007567,-0.24857369036415491,0.2189627209382135,-0.6876167590336059,-0.3310191299741076,0.5061655253640223,-0.231345367471347,0.6553325481355352,-0.017696636595900594,0.35410593035298166,-0.6481640977248081,0.07049715207585058,348.5,368.5,2
11212.0,Asesoría en Materia de Mantenimiento y Conservación de Parques Industriales,Secretaría de Desarrollo Económico,Corporación de Fomento de Infraestructura Industrial,Carretera S/N Las Colonias 42083 Pachuca De Soto Pachuca De Soto,Empresarial,1440.0,0.0,0.0,,0.0,0.0,0.0,FALSO,,0.0,0.0,0.0,7.273092595999522,"(6.579, 8.224]",0,0,0.09179778444881183,1.3639886036055924,0.6559398647502834,-0.6454347264697414,0.08913581800905887,0.3738688245995476,0.2610404085392533,0.3738688245995476,0.4866972406598419,301.0,292.0,287.0,11.0,0.3738688245995476,0.5641420803014716,14.0,Dominado por rareza,Rareza,0.7503940547476008,0.7794752640484426,1.157452788691043,1.2014696741078175,0.18293853110111424,0.17116739925186739,0.1780754940817648,1.0,0.3812100498068588,0.06281435887365583,0.22651256225857352,416.0,234.0,0.9060502490342941,1.0,1.7279747549525293,-1.5496451515354752,0.030012686541682033,-0.6876167590336059,-0.3310191299741076,-0.11836896865719373,0.649444724332729,-1.5236481744151193,-0.40224166154945956,0.35410593035298166,-0.6481640977248081,-0.41018412911609803,117.0,128.0,1
11213.0,"Inscripción de la disolución, liquidación y de ambas cuando consten en un solo documento. (Registro Público de la Propiedad y del Comercio, personas morales)",Secretaría de Gobierno,Dirección General del Instituto de la Función Registral,Avenida 907 Las Terrazas 42094 Pachuca De Soto Pachuca De Soto,Ambos,21600.0,1.0,2.0,,47334.0,0.0,100.0,VERDADERO,,3.0,1.0,0.0,9.980494888896912,"(9.869, 11.514]",1,1,0.9837395422993063,1.6245897174547026,0.7812625096170339,-0.9357237539840406,0.04722046564330571,0.88250102595817,0.9229964324946245,0.88250102595817,0.8420056194217156,536.0,522.0,487.0,33.0,0.88250102595817,-0.20247703268227235,49.0,Dominado por tiempo,Tiempo,1.157452788691043,0.8094275863317937,1.157452788691043,0.35774963506849783,0.2821753605887091,0.1777447229249331,0.1780754940817648,0.2977600207297401,0.36365132485666346,0.0824731587061028,0.38012415088839424,354.0,465.0,2.5204966035535774,1.0,3.342421109471812,-0.1933620047859594,0.22698091993836575,-0.09737585293178269,-0.28986884486284525,0.871798306674979,0.649444724332729,0.6553325481355352,0.35786617626972306,0.4599200835136422,-0.24117425187463498,0.4838503318171521,540.0,573.0,2
11219.0,Acciones en materia de transversalidad de la perspectiva de género,Secretaría de Gobierno,Instituto Hidalguense de las Mujeres,Calle 103 Centro 42000 Pachuca De Soto Pachuca De Soto,Empresarial,4320.0,1.0,0.0,Nivel 1,40.0,0.0,100.0,FALSO,,1.0,0.0,1.0,8.371242135931933,"(8.224, 9.869]",0,1,0.4535783124477769,1.9459101490553135,0.9357849740192016,-0.14025223635945364,0.16208002214691,0.6946816432334892,0.5982403109192043,0.6946816432334892,0.7911229755477741,426.5,419.5,406.5,5.0,0.6946816432334892,0.48220666157142467,20.0,Dominado por rareza,Rareza,0.7503940547476008,0.8094275863317937,0.9314425368947573,1.2014696741078175,0.18293853110111424,0.1777447229249331,0.14330354688063304,1.0,0.43973368882803393,0.07966954393754604,0.2996671110350424,527.0,340.5,1.1986684441401696,0.9285714285714286,1.9839363258309652,-1.4780808403766716,0.04040571986734306,-0.6876167590336059,-0.28986884486284525,0.5061655253640223,0.3558480270647038,-1.5236481744151193,-0.3278240451765689,0.36068325402604734,-0.6228659323296433,-0.32112513857900915,155.0,160.0,1
11220.0,Acciones en materia de protección de los derechos humanos de las mujeres,Secretaría de Gobierno,Instituto Hidalguense de las Mujeres,Calle 103 Centro 42000 Pachuca De Soto Pachuca De Soto,Social,4320.0,0.0,0.0,Nivel 1,3373.0,0.0,100.0,FALSO,,0.0,0.0,1.0,8.371242135931933,"(8.224, 9.869]",0,0,0.4535783124477769,1.9459101490553135,0.9357849740192016,-0.14025223635945364,0.16208002214691,0.6946816432334892,0.5982403109192043,0.6946816432334892,0.7911229755477741,426.5,419.5,406.5,10.0,0.6946816432334892,0.48220666157142467,20.0,Dominado por rareza,Rareza,0.7503940547476008,0.7794752640484426,0.9314425368947573,1.2014696741078175,0.18293853110111424,0.17116739925186739,0.14330354688063304,1.0,0.4384182240934208,0.07945614887172214,0.29802278011677596,522.0,333.5,1.1920911204671039,0.9285714285714286,1.9773590021578995,-1.4971968422776671,0.037629570113458286,-0.6876167590336059,-0.3310191299741076,0.5061655253640223,0.3558480270647038,-1.5236481744151193,-0.33605410219882137,0.35410593035298166,-0.6481640977248081,-0.32744967992780033,148.0,158.0,1
11221.0,Apoyos asistenciales otorgados a mujeres,Secretaría de Gobierno,Instituto Hidalguense de las Mujeres,Calle 103 Centro 42000 Pachuca De Soto Pachuca De Soto,Social,4320.0,1.0,3.0,Nivel 1,162.0,0.0,100.0,FALSO,,4.0,0.0,1.0,8.371242135931933,"(8.224, 9.869]",1,1,0.4535783124477769,1.9459101490553135,0.9357849740192016,-0.14025223635945364,0.16208002214691,0.6946816432334892,0.5982403109192043,0.6946816432334892,0.7911229755477741,426.5,419.5,406.5,-19.0,0.6946816432334892,0.48220666157142467,20.0,Dominado por rareza,Rareza,1.157452788691043,0.8094275863317937,0.9314425368947573,1.2014696741078175,0.2821753605887091,0.1777447229249331,0.14330354688063304,1.0,0.4595810547255529,0.08353346027631071,0.32447631840694113,547.0,375.0,1.2979052736277645,0.9285714285714286,2.08317315531856,-1.0943856620798806,0.09612842173315203,-0.09737585293178269,-0.28986884486284525,0.5061655253640223,0.3558480270647038,-1.5236481744151193,-0.20977586395620423,0.4599200835136422,-0.24117425187463498,-0.22570221846525707,224.0,205.0,1
11222.0,Apoyos económicos para el bienestar físico de las mujeres,Secretaría de Gobierno,Instituto Hidalguense de las Mujeres,Calle 103 Centro 42000 Pachuca De Soto Pachuca De Soto,Social,1440.0,1.0,4.0,Nivel 1,370.0,0.0,100.0,FALSO,,5.0,0.0,1.0,7.273092595999522,"(6.579, 8.224]",2,1,0.09179778444881183,1.3639886036055924,0.6559398647502834,-0.6454347264697414,0.08913581800905887,0.3738688245995476,0.2610404085392533,0.3738688245995476,0.4866972406598419,301.0,292.0,287.0,-59.0,0.3738688245995476,0.5641420803014716,14.0,Dominado por rareza,Rareza,1.9671875475025984,0.8094275863317937,0.9314425368947573,1.2014696741078175,0.4795805591257976,0.1777447229249331,0.14330354688063304,1.0,0.43489953070618226,0.07278020416505224,0.2936244133827278,519.0,325.5,1.1744976535309113,0.9285714285714286,1.959765535221707,-0.27806348866238045,0.21468002120258167,1.0767509692910755,-0.28986884486284525,-0.11836896865719373,0.3558480270647038,-1.5236481744151193,-0.09985739831587578,0.6573252820507307,0.5180995212722059,-0.19201739868385082,291.0,232.0,1
11224.0,"Apoyos económicos para niñas y adolescentes embarazadas, madres o con plan de restitución de derechos",Secretaría de Gobierno,Instituto Hidalguense de las Mujeres,Calle 103 Centro 42000 Pachuca De Soto Pachuca De Soto,Social,4320.0,2.0,3.0,Nivel 1,200.0,3.0,98.52216749,FALSO,,5.0,0.0,1.0,8.371242135931933,"(8.224, 9.869]",1,2,0.4535783124477769,1.9459101490553135,0.9357849740192016,-0.14025223635945364,0.16208002214691,0.6946816432334892,0.5982403109192043,0.6946816432334892,0.7911229755477741,426.5,419.5,406.5,-85.0,0.6946816432334892,0.48220666157142467,20.0,Dominado por rareza,Rareza,1.157452788691043,2.6931245508855346,0.9314425368947573,1.2014696741078175,0.2821753605887091,0.5913916021429794,0.14330354688063304,1.0,0.5423104305691622,0.09695384330840232,0.42788803821145266,619.0,537.0,1.7115521528458106,0.9285714285714286,2.496820034536606,0.10781677199726868,0.2707200548983038,-0.09737585293178269,2.2980662882233824,0.5061655253640223,0.3558480270647038,-1.5236481744151193,0.3078111626610413,0.8735669627316884,1.349823498244361,0.17204721906449194,516.0,431.0,0
11301.0,Levantamiento topográfico.,Secretaría de Educación Pública,Instituto Hidalguense de Infraestructura Física Educativa,Avenida 1500 Fraccionamiento Constitución 42080 Pachuca De Soto Pachuca De Soto,Social,21600.0,1.0,1.0,Nivel 1,6.0,0.0,100.0,VERDADERO,,2.0,1.0,1.0,9.980494888896912,"(9.869, 11.514]",0,1,0.9837395422993063,1.6245897174547026,0.7812625096170339,-0.9357237539840406,0.04722046564330571,0.88250102595817,0.9229964324946245,0.88250102595817,0.8420056194217156,536.0,522.0,487.0,34.0,0.88250102595817,-0.20247703268227235,49.0,Dominado por tiempo,Tiempo,0.7503940547476008,0.8094275863317937,0.9314425368947573,0.35774963506849783,0.18293853110111424,0.1777447229249331,0.14330354688063304,0.2977600207297401,0.3368495695189181,0.07681154548757467,0.3466219567162126,304.0,407.5,2.38648782686485,0.9285714285714286,3.1717557085556463,-0.4715458980309417,0.1865812510763038,-0.6876167590336059,-0.28986884486284525,0.871798306674979,0.3558480270647038,0.6553325481355352,0.1810986555957534,0.36068325402604734,-0.6228659323296433,0.3150282373863937,462.0,496.0,2
11316.0,Constancia de estudios UTT,Secretaría de Educación Pública,Universidad Tecnológica de Tulancingo,Calle 301 Las Presas 43645 Tulancingo De Bravo Tulancingo De Bravo,Social,1440.0,0.0,0.0,,2040.0,0.0,100.0,VERDADERO,,0.0,1.0,0.0,7.273092595999522,"(6.579, 8.224]",0,0,0.09179778444881183,1.3639886036055924,0.6559398647502834,-0.6454347264697414,0.08913581800905887,0.3738688245995476,0.2610404085392533,0.3738688245995476,0.4866972406598419,301.0,292.0,287.0,28.0,0.3738688245995476,0.5641420803014716,14.0,Dominado por rareza,Rareza,0.7503940547476008,0.7794752640484426,1.157452788691043,0.35774963506849783,0.18293853110111424,0.17116739925186739,0.1780754940817648,0.2977600207297401,0.24076205395280686,0.04916099053197957,0.22651256225857352,160.5,234.0,1.906050249034294,1.0,2.7279747549525295,-0.5120445697255819,0.18069977135894297,-0.6876167590336059,-0.3310191299741076,-0.11836896865719373,0.649444724332729,0.6553325481355352,0.03355448296067141,0.35410593035298166,-0.6481640977248081,0.1345610515215656,366.5,394.5,2
11218.0,Constancia de Estudios UTSH,Secretaría de Educación Pública,Universidad Tecnológica de la Sierra Hidalguense,Carretera Km. 100 Zacualtipán 43200 Zacualtipán De Ángeles Zacualtipán De Ángeles,Social,1440.0,0.0,1.0,,606.0,0.0,100.0,VERDADERO,,1.0,1.0,0.0,7.273092595999522,"(6.579, 8.224]",0,0,0.09179778444881183,1.3639886036055924,0.6559398647502834,-0.6454347264697414,0.08913581800905887,0.3738688245995476,0.2610404085392533,0.3738688245995476,0.4866972406598419,301.0,292.0,287.0,28.0,0.3738688245995476,0.5641420803014716,14.0,Dominado por rareza,Rareza,0.7503940547476008,0.7794752640484426,1.157452788691043,0.35774963506849783,0.18293853110111424,0.17116739925186739,0.1780754940817648,0.2977600207297401,0.24076205395280686,0.04916099053197957,0.22651256225857352,160.5,234.0,1.906050249034294,1.0,2.7279747549525295,-0.5120445697255819,0.18069977135894297,-0.6876167590336059,-0.3310191299741076,-0.11836896865719373,0.649444724332729,0.6553325481355352,0.03355448296067141,0.35410593035298166,-0.6481640977248081,0.1345610515215656,366.5,394.5,2
11008.0,Verificación energética en centros de carga eléctrica con tarifa empresarial menor a 100 kW.,Secretaría de Desarrollo Económico,Agencia Estatal de Energía de Hidalgo,Boulevard 222 Zona Plateada 42084 Pachuca De Soto Pachuca De Soto,Empresarial,28800.0,1.0,3.0,Nivel 1,0.0,0.0,0.0,VERDADERO,,4.0,1.0,1.0,10.268165387743457,"(9.869, 11.514]",1,1,1.078511320803019,1.6245897174547026,0.7812625096170339,-1.0027879644182334,0.037536944238619675,0.9298869152100264,0.9893366774472234,0.9298869152100264,0.8704371529728294,577.0,576.0,534.0,35.0,0.9298869152100264,-0.2972488111859851,43.0,Dominado por tiempo,Tiempo,1.157452788691043,0.8094275863317937,0.9314425368947573,0.35774963506849783,0.2821753605887091,0.1777447229249331,0.14330354688063304,0.2977600207297401,0.3661741132668084,0.08339907956323192,0.3832776364010754,368.0,482.0,2.533110545604302,0.9285714285714286,3.318378427295097,-0.09568842492640281,0.2411657105704504,-0.09737585293178269,-0.28986884486284525,0.9640456255123894,0.3558480270647038,0.6553325481355352,0.3175963005836001,0.4599200835136422,-0.24117425187463498,0.4335129872094983,520.0,555.0,2
442.0,"Talleres, Pláticas y Conferencias sobre Habilidades de vida para Niñas, Niños y Adolescentes",Organismos No Sectorizados,Sistema para el Desarrollo Integral de la Familia del Estado de Hidalgo,Boulevard s/n Periodistas 42060 Pachuca De Soto Pachuca De Soto,Social,1440.0,0.0,2.0,,1274.0,0.0,100.0,FALSO,,2.0,0.0,0.0,7.273092595999522,"(6.579, 8.224]",1,0,0.09179778444881183,1.3639886036055924,0.6559398647502834,-0.6454347264697414,0.08913581800905887,0.3738688245995476,0.2610404085392533,0.3738688245995476,0.4866972406598419,301.0,292.0,287.0,-10.0,0.3738688245995476,0.5641420803014716,14.0,Dominado por rareza,Rareza,1.157452788691043,0.7794752640484426,1.157452788691043,1.2014696741078175,0.2821753605887091,0.17116739925186739,0.1780754940817648,1.0,0.4010574157043778,0.0666782752124205,0.25132176963047226,460.5,280.0,1.005287078521889,1.0,1.827211584440124,-1.1659499732386838,0.08573538840749106,-0.09737585293178269,-0.3310191299741076,-0.11836896865719373,0.649444724332729,-1.5236481744151193,-0.28419348032909486,0.4533427598405765,-0.26647241726980003,-0.31476120900234605,175.5,165.5,1
10928.0,Pago de multa por incomparecencia del patrón en el procedimiento de conciliación,Secretaría de Trabajo y Previsión Social,Centro de Conciliación Laboral del Estado de Hidalgo,Avenida 394 La Concepción 42160 San Juan Tilcuautla San Agustín Tlaxiaca,Ambos,1440.0,0.0,0.0,,690.0,0.0,100.0,VERDADERO,,0.0,1.0,0.0,7.273092595999522,"(6.579, 8.224]",0,0,0.09179778444881183,1.3639886036055924,0.6559398647502834,-0.6454347264697414,0.08913581800905887,0.3738688245995476,0.2610404085392533,0.3738688245995476,0.4866972406598419,301.0,292.0,287.0,28.0,0.3738688245995476,0.5641420803014716,14.0,Dominado por rareza,Rareza,0.7503940547476008,0.7794752640484426,1.157452788691043,0.35774963506849783,0.18293853110111424,0.17116739925186739,0.1780754940817648,0.2977600207297401,0.24076205395280686,0.04916099053197957,0.22651256225857352,160.5,234.0,1.906050249034294,1.0,2.7279747549525295,-0.5120445697255819,0.18069977135894297,-0.6876167590336059,-0.3310191299741076,-0.11836896865719373,0.649444724332729,0.6553325481355352,0.03355448296067141,0.35410593035298166,-0.6481640977248081,0.1345610515215656,366.5,394.5,2
5061.0,"Por cada foja digitalizada, archivo informático y disco óptico que se utilice para entregar los documentos a que se refieren las fracciones I a III",Secretaría de Gobierno,Dirección General del Instituto de la Función Registral,Avenida 907 Las Terrazas 42000 Pachuca De Soto Pachuca De Soto,Ambos,21600.0,1.0,1.0,,47334.0,0.0,100.0,VERDADERO,,2.0,1.0,0.0,9.980494888896912,"(9.869, 11.514]",0,1,0.9837395422993063,1.6245897174547026,0.7812625096170339,-0.9357237539840406,0.04722046564330571,0.88250102595817,0.9229964324946245,0.88250102595817,0.8420056194217156,536.0,522.0,487.0,42.0,0.88250102595817,-0.20247703268227235,49.0,Dominado por tiempo,Tiempo,0.7503940547476008,0.8094275863317937,1.157452788691043,0.35774963506849783,0.18293853110111424,0.1777447229249331,0.1780754940817648,0.2977600207297401,0.3438039589591445,0.07860924236733813,0.3553149435164955,316.5,422.5,2.421259774065982,1.0,3.2431842799842174,-0.5770571830827509,0.1712582180725567,-0.6876167590336059,-0.28986884486284525,0.871798306674979,0.649444724332729,0.6553325481355352,0.2398179950493584,0.36068325402604734,-0.6228659323296433,0.3884274117034,497.5,539.5,2
8275.0,Certificado de Estudios UPH,Secretaría de Educación Pública,Universidad Politécnica de Huejutla,Calle S/N Tepoxtequito 43000 Huejutla De Reyes Huejutla De Reyes,Social,2880.0,0.0,1.0,Nivel 2,125.0,0.0,100.0,VERDADERO,,1.0,1.0,2.0,7.9658927350845286,"(6.579, 8.224]",0,0,0.32003773811792385,1.3639886036055924,0.6559398647502834,-0.8069462283537766,0.06581488310993365,0.4879888014341036,0.4208083761076317,0.4879888014341036,0.5551692267605756,393.0,378.0,373.0,16.0,0.4879888014341036,0.3359021266323596,20.0,Dominado por rareza,Rareza,0.7503940547476008,0.7794752640484426,2.2512917986064953,0.35774963506849783,0.18293853110111424,0.17116739925186739,0.3463639323142087,0.2977600207297401,0.2972437369662068,0.06442076050441696,0.2971146660253235,234.0,329.0,2.1884586641012937,0.8571428571428572,2.6992375889299423,-0.31989763431190243,0.20860459529760456,-0.6876167590336059,-0.3310191299741076,0.10379130004268618,0.06225132979667862,0.6553325481355352,-0.03945214220656268,0.35410593035298166,-0.6481640977248081,0.04330277006252299,335.0,351.0,2
6893.0,Constancia de Estudios UPMH,Secretaría de Educación Pública,Universidad Politécnica Metropolitana de Hidalgo,Boulevard 1009 San Javier 43860 Tolcayuca Tolcayuca,Social,180.0,0.0,1.0,Nivel 3.7,1348.0,0.0,100.0,VERDADERO,,1.0,1.0,9.0,5.198497031265826,"(4.934, 6.579]",0,0,-0.5916685846577694,3.791736839553644,1.8234399782600113,3.013870719096663,0.6175094822781292,0.6158856968011209,0.1328639842175648,0.6158856968011209,1.098907409384677,223.5,393.5,619.5,8.0,0.6158856968011209,2.415108562917781,396.0,Dominado por rareza,Rareza,0.7503940547476008,0.7794752640484426,3.3217332103079085,0.35774963506849783,0.18293853110111424,0.17116739925186739,0.5110526221137135,0.2977600207297401,0.35576085399951124,0.08028628627182437,0.370261062316954,332.5,442.5,2.481044249267816,0.3571428571428571,2.3271344842969595,0.39752700103520683,0.31279365298680833,-0.6876167590336059,-0.3310191299741076,0.3527714473293375,-1.992925551079499,0.6553325481355352,-0.4006914889244679,0.35410593035298166,-0.6481640977248081,-0.40824641333485856,131.5,139.5,3
6896.0,Reposición de la Credencial de la UPMH por pérdida,Secretaría de Educación Pública,Universidad Politécnica Metropolitana de Hidalgo,Boulevard 1009 San Javier 43860 Tolcayuca Tolcayuca,Social,4320.0,0.0,1.0,Nivel 3.7,548.0,0.0,100.0,VERDADERO,,1.0,1.0,9.0,8.371242135931933,"(8.224, 9.869]",0,0,0.4535783124477769,1.9459101490553135,0.9357849740192016,-0.14025223635945364,0.16208002214691,0.6946816432334892,0.5982403109192043,0.6946816432334892,0.7911229755477741,426.5,419.5,406.5,12.0,0.6946816432334892,0.48220666157142467,20.0,Dominado por rareza,Rareza,0.7503940547476008,0.7794752640484426,3.3217332103079085,0.35774963506849783,0.18293853110111424,0.17116739925186739,0.5110526221137135,0.2977600207297401,0.3715200432859849,0.0848152724465436,0.3899600489250461,374.0,491.0,2.5598401957001844,0.3571428571428571,2.405930430729328,0.3844940199467018,0.3109009189606962,-0.6876167590336059,-0.3310191299741076,0.5061655253640223,-1.992925551079499,0.6553325481355352,-0.37001267331753096,0.35410593035298166,-0.6481640977248081,-0.36989789382618743,141.0,153.0,3
7441.0,Reposición de credencial ITESHU.,Secretaría de Educación Pública,Instituto Tecnológico Superior de Huichapan,"Calle sin numero El Saucillo Huichapan, Hgo. 42411 Huichapan Huichapan",Social,1440.0,0.0,1.0,Nivel 1,8.0,0.0,100.0,VERDADERO,,1.0,1.0,1.0,7.273092595999522,"(6.579, 8.224]",0,0,0.09179778444881183,1.3639886036055924,0.6559398647502834,-0.6454347264697414,0.08913581800905887,0.3738688245995476,0.2610404085392533,0.3738688245995476,0.4866972406598419,301.0,292.0,287.0,16.0,0.3738688245995476,0.5641420803014716,14.0,Dominado por rareza,Rareza,0.7503940547476008,0.7794752640484426,0.9314425368947573,0.35774963506849783,0.18293853110111424,0.17116739925186739,0.14330354688063304,0.2977600207297401,0.23380766451258048,0.04736329365221612,0.2178195754582906,138.5,188.0,1.8712783018331622,0.9285714285714286,2.656546183523958,-0.40653328467377264,0.1960228043626901,-0.6876167590336059,-0.3310191299741076,-0.11836896865719373,0.3558480270647038,0.6553325481355352,-0.02516485649293365,0.35410593035298166,-0.6481640977248081,0.0611618772045593,342.5,358.5,2
7536.0,Publicación de Artículo en Congreso ITESHU.,Secretaría de Educación Pública,Instituto Tecnológico Superior de Huichapan,Calle S/N El Saucillo 42411 Huichapan Huichapan,Social,125280.0,0.0,3.0,Nivel 1,8.0,0.0,100.0,VERDADERO,,3.0,1.0,1.0,11.738314493312824,"(11.514, 13.159]",1,0,1.5628454668454859,3.003279479189374,1.444272137010033,0.4578972108764285,0.24844789165598916,1.5035588019277595,1.52727346789485,1.5035588019277595,1.4798441359606689,633.0,633.0,633.0,36.0,1.5035588019277595,-0.11857332983545277,0.0,default,Mixto,1.157452788691043,0.7794752640484426,0.9314425368947573,0.35774963506849783,0.2821753605887091,0.17116739925186739,0.14330354688063304,0.2977600207297401,0.4795930258757418,0.1161588533138997,0.5250512771622422,570.0,612.0,3.100205108648969,0.9285714285714286,3.885472990339765,-0.20969071462668895,0.2246095588116839,-0.09737585293178269,-0.3310191299741076,2.080827314695025,0.3558480270647038,0.6553325481355352,0.5327225813978747,0.4533427598405765,-0.26647241726980003,0.706383868156366,591.0,627.0,2
773.0,Inspección Vehicular para Unidades Autorizadas por el Sistema de Transporte Convencional,Secretaría de Movilidad y Transporte,Sistema de Transporte Convencional de Hidalgo,Avenida 205 Colonias 42083 Pachuca De Soto Pachuca De Soto,Social,30.0,1.0,4.0,Nivel 2,0.0,0.0,0.0,VERDADERO,,5.0,1.0,2.0,3.4339872044851463,"(3.29, 4.934]",2,1,-1.17297857348804,1.754854912292604,0.8439068264813923,0.7608498199607056,0.2921917612353043,-0.16453587350332388,-0.5679129534972103,-0.16453587350332388,0.23884120649056245,142.0,128.0,88.0,-44.0,-0.16453587350332388,2.016885399969432,54.0,Dominado por rareza,Rareza,1.9671875475025984,0.8094275863317937,2.2512917986064953,0.35774963506849783,0.4795805591257976,0.1777447229249331,0.3463639323142087,0.2977600207297401,0.2273826723182711,0.03867888056618788,0.20978833521540388,129.0,169.0,1.8391533408616159,0.8571428571428572,2.3499322656902644,0.9541014141236996,0.39362299836544185,1.0767509692910755,-0.28986884486284525,-1.166495122531356,0.06225132979667862,0.6553325481355352,0.06759417596581761,0.6573252820507307,0.5180995212722059,0.017297069168265927,392.0,348.0,2
10977.0,Quejas administrativas en contra de las y los Notarios Públicos durante el ejercicio de su función,Secretaría de Gobierno,Dirección General del Archivo General de Notarías,Calle 517 Centro 42000 Pachuca De Soto Pachuca De Soto,Ambos,1440.0,0.0,0.0,,0.0,0.0,0.0,FALSO,,0.0,0.0,0.0,7.273092595999522,"(6.579, 8.224]",0,0,0.09179778444881183,1.3639886036055924,0.6559398647502834,-0.6454347264697414,0.08913581800905887,0.3738688245995476,0.2610404085392533,0.3738688245995476,0.4866972406598419,301.0,292.0,287.0,11.0,0.3738688245995476,0.5641420803014716,14.0,Dominado por rareza,Rareza,0.7503940547476008,0.7794752640484426,1.157452788691043,1.2014696741078175,0.18293853110111424,0.17116739925186739,0.1780754940817648,1.0,0.3812100498068588,0.06281435887365583,0.22651256225857352,416.0,234.0,0.9060502490342941,1.0,1.7279747549525293,-1.5496451515354752,0.030012686541682033,-0.6876167590336059,-0.3310191299741076,-0.11836896865719373,0.649444724332729,-1.5236481744151193,-0.40224166154945956,0.35410593035298166,-0.6481640977248081,-0.41018412911609803,117.0,128.0,1
973.0,Cotejo de documentos no autentificados que deben destinarse al apéndice (Registro Público de la Propiedad y del Comercio),Secretaría de Gobierno,Dirección General del Instituto de la Función Registral,Avenida 907 Las Terrazas 42094 Pachuca De Soto Pachuca De Soto,Ambos,21600.0,1.0,2.0,Nivel 3.5,47334.0,0.0,100.0,VERDADERO,,3.0,1.0,7.0,9.980494888896912,"(9.869, 11.514]",1,1,0.9837395422993063,1.6245897174547026,0.7812625096170339,-0.9357237539840406,0.04722046564330571,0.88250102595817,0.9229964324946245,0.88250102595817,0.8420056194217156,536.0,522.0,487.0,6.0,0.88250102595817,-0.20247703268227235,49.0,Dominado por tiempo,Tiempo,1.157452788691043,0.8094275863317937,2.7862149739515463,0.35774963506849783,0.2821753605887091,0.1777447229249331,0.428662501790275,0.2977600207297401,0.4137687263983655,0.0954284148285493,0.4427709028155218,494.0,559.0,2.771083611262087,0.5,2.842421109471812,0.5452169905767063,0.33424215096459553,-0.09737585293178269,-0.28986884486284525,0.871798306674979,-1.4057321565434482,0.6553325481355352,-0.05316919990551239,0.4599200835136422,-0.24117425187463498,-0.029943888401892216,311.0,317.0,3
7500.0,Constancia Escolar UTTT,Secretaría de Educación Pública,Universidad Tecnológica de Tula-Tepeji,Calle 1000 El 61 42830 Tula De Allende Tula De Allende,Social,10.0,0.0,1.0,Nivel 1,975.0,0.0,100.0,VERDADERO,,1.0,1.0,1.0,2.3978952727983707,"(1.645, 3.29]",0,0,-1.5143144958471932,1.8846665238145945,0.9063330158789191,1.172194762402416,0.35158659387487234,-0.30399073998413706,-0.7881202423293596,-0.30399073998413706,0.18013876236108534,21.0,18.0,18.0,17.0,-0.30399073998413706,2.4206475117261124,3.0,Dominado por rareza,Rareza,0.7503940547476008,0.7794752640484426,0.9314425368947573,0.35774963506849783,0.18293853110111424,0.17116739925186739,0.14330354688063304,0.2977600207297401,0.09823575159584355,0.008401687942768226,0.04835468431236942,5.5,5.5,1.1934187372494776,0.9285714285714286,1.9786866189402732,-0.29441418101576616,0.2123054676328662,-0.6876167590336059,-0.3310191299741076,-1.4379754668868243,0.3558480270647038,0.6553325481355352,-0.2890861561388597,0.35410593035298166,-0.6481640977248081,-0.26873974735284833,168.5,185.5,2
8267.0,Trámite de Equivalencia de Estudios UPH,Secretaría de Educación Pública,Universidad Politécnica de Huejutla,Calle S/N Tepoxtequito 43000 Huejutla De Reyes Huejutla De Reyes,Social,86400.0,1.0,3.0,Nivel 2,7.0,0.0,100.0,VERDADERO,,4.0,1.0,2.0,11.366754528799243,"(9.869, 11.514]",1,1,1.4404366734554037,1.6245897174547026,0.7812625096170339,-1.2589004738062273,0.0005564005088149505,1.1108495915362189,1.2426844243038928,1.1108495915362189,0.9790147587685449,625.5,625.5,608.5,37.0,1.1108495915362189,-0.6591741638383698,17.0,Dominado por tiempo,Tiempo,1.157452788691043,0.8094275863317937,2.2512917986064953,0.35774963506849783,0.2821753605887091,0.1777447229249331,0.3463639323142087,0.2977600207297401,0.44297872561876195,0.1042984910278802,0.4792834018410175,533.0,584.0,2.91713360736407,0.8571428571428572,3.4279125321927184,-0.020108668653283195,0.25214189287378885,-0.09737585293178269,-0.28986884486284525,1.3163302816472193,0.06225132979667862,0.6553325481355352,0.32933389235696103,0.4599200835136422,-0.24117425187463498,0.4481849769261996,527.0,564.0,2
1004.0,"Inscripción de convenios para fraccionar, lotificar o subdividir un predio (zonas urbanas, residenciales e industriales). (Registro Público de la Propiedad y del Comercio)",Secretaría de Gobierno,Dirección General del Instituto de la Función Registral,Avenida 907 Las Terrazas 42094 Pachuca De Soto Pachuca De Soto,Ambos,21600.0,1.0,4.0,Nivel 3.5,47334.0,0.0,100.0,VERDADERO,,5.0,1.0,7.0,9.980494888896912,"(9.869, 11.514]",2,1,0.9837395422993063,1.6245897174547026,0.7812625096170339,-0.9357237539840406,0.04722046564330571,0.88250102595817,0.9229964324946245,0.88250102595817,0.8420056194217156,536.0,522.0,487.0,-45.0,0.88250102595817,-0.20247703268227235,49.0,Dominado por tiempo,Tiempo,1.9671875475025984,0.8094275863317937,2.7862149739515463,0.35774963506849783,0.4795805591257976,0.1777447229249331,0.428662501790275,0.2977600207297401,0.45324976610578316,0.1031146455951206,0.49212220244979393,538.5,589.5,2.968488809799176,0.5,3.0398263080089007,1.3084761882002056,0.4450876010020544,1.0767509692910755,-0.28986884486284525,0.871798306674979,-1.4057321565434482,0.6553325481355352,0.18165616453905925,0.6573252820507307,0.5180995212722059,0.159874554884818,464.5,419.5,3
1005.0,Inscripción de créditos refaccionarios de habilitación o avío agrícola. (Registro Público de la Propiedad y del Comercio),Secretaría de Gobierno,Dirección General del Instituto de la Función Registral,Avenida 907 Las Terrazas 42094 Pachuca De Soto Pachuca De Soto,Ambos,21600.0,1.0,1.0,Nivel 3.5,47334.0,0.0,100.0,VERDADERO,,2.0,1.0,7.0,9.980494888896912,"(9.869, 11.514]",0,1,0.9837395422993063,1.6245897174547026,0.7812625096170339,-0.9357237539840406,0.04722046564330571,0.88250102595817,0.9229964324946245,0.88250102595817,0.8420056194217156,536.0,522.0,487.0,26.0,0.88250102595817,-0.20247703268227235,49.0,Dominado por tiempo,Tiempo,0.7503940547476008,0.8094275863317937,2.7862149739515463,0.35774963506849783,0.18293853110111424,0.1777447229249331,0.428662501790275,0.2977600207297401,0.39392136050084653,0.09156449848978462,0.4179616954436231,441.0,516.0,2.6718467817744926,0.5,2.7431842799842174,0.16152181227991474,0.27851944909878645,-0.6876167590336059,-0.28986884486284525,0.871798306674979,-1.4057321565434482,0.6553325481355352,-0.17121738112587703,0.36068325402604734,-0.6228659323296433,-0.1253668085156443,240.0,266.0,3
820.0,"Reposición de Placas por robo, Extravío o Robo de Unidades Autorizadas por el Sistema de Transporte Convencional",Secretaría de Movilidad y Transporte,Sistema de Transporte Convencional de Hidalgo,Avenida 205 Colonias 42083 Pachuca De Soto Pachuca De Soto,Social,30.0,1.0,4.0,Nivel 2,0.0,0.0,0.0,VERDADERO,,5.0,1.0,2.0,3.4339872044851463,"(3.29, 4.934]",2,1,-1.17297857348804,1.754854912292604,0.8439068264813923,0.7608498199607056,0.2921917612353043,-0.16453587350332388,-0.5679129534972103,-0.16453587350332388,0.23884120649056245,142.0,128.0,88.0,-44.0,-0.16453587350332388,2.016885399969432,54.0,Dominado por rareza,Rareza,1.9671875475025984,0.8094275863317937,2.2512917986064953,0.35774963506849783,0.4795805591257976,0.1777447229249331,0.3463639323142087,0.2977600207297401,0.2273826723182711,0.03867888056618788,0.20978833521540388,129.0,169.0,1.8391533408616159,0.8571428571428572,2.3499322656902644,0.9541014141236996,0.39362299836544185,1.0767509692910755,-0.28986884486284525,-1.166495122531356,0.06225132979667862,0.6553325481355352,0.06759417596581761,0.6573252820507307,0.5180995212722059,0.017297069168265927,392.0,348.0,2
8479.0,Reporte Ciudadano en Materia de Protección Civil,Secretaría de Gobierno,Subsecretaría de Protección Civil y Gestión de Riesgos,Avenida 903 Revolución 42060 Pachuca De Soto Pachuca De Soto,Ambos,28800.0,0.0,0.0,Nivel 1,0.0,0.0,0.0,FALSO,,0.0,0.0,1.0,10.268165387743457,"(9.869, 11.514]",0,0,1.078511320803019,1.6245897174547026,0.7812625096170339,-1.0027879644182334,0.037536944238619675,0.9298869152100264,0.9893366774472234,0.9298869152100264,0.8704371529728294,577.0,576.0,534.0,10.0,0.9298869152100264,-0.2972488111859851,43.0,Dominado por tiempo,Tiempo,0.7503940547476008,0.7794752640484426,0.9314425368947573,1.2014696741078175,0.18293853110111424,0.17116739925186739,0.14330354688063304,1.0,0.4854592784887283,0.0929751365003196,0.3568240981109103,578.0,426.0,1.4272963924436413,0.9285714285714286,2.2125642741344365,-1.5361001869340827,0.031979774133495655,-0.6876167590336059,-0.3310191299741076,0.9640456255123894,0.3558480270647038,-1.5236481744151193,-0.2444780821691479,0.35410593035298166,-0.6481640977248081,-0.21297965489070858,202.0,212.0,1
7349.0,Ingreso a Casa de Día del Sistema DIF Hidalgo,Organismos No Sectorizados,Sistema para el Desarrollo Integral de la Familia del Estado de Hidalgo,Calle 102 Centro 42000 Pachuca De Soto Pachuca De Soto,Social,1440.0,0.0,4.0,,1566.0,0.0,100.0,FALSO,,4.0,0.0,0.0,7.273092595999522,"(6.579, 8.224]",2,0,0.09179778444881183,1.3639886036055924,0.6559398647502834,-0.6454347264697414,0.08913581800905887,0.3738688245995476,0.2610404085392533,0.3738688245995476,0.4866972406598419,301.0,292.0,287.0,-64.0,0.3738688245995476,0.5641420803014716,14.0,Dominado por rareza,Rareza,1.9671875475025984,0.7794752640484426,1.157452788691043,1.2014696741078175,0.4795805591257976,0.17116739925186739,0.1780754940817648,1.0,0.4405384554117955,0.0743645059789918,0.30067306926474435,528.5,344.0,1.2026922770589774,1.0,2.024616782977213,-0.40269077561518496,0.19658083844494986,1.0767509692910755,-0.3310191299741076,-0.11836896865719373,0.649444724332729,-1.5236481744151193,-0.04936811588452326,0.650747958377665,0.4928013558770408,-0.12494276571563578,332.5,268.5,1
497.0,Préstamos prendarios,Organismos No Sectorizados,Sistema para el Desarrollo Integral de la Familia del Estado de Hidalgo,Calle 104 El Palmar 42030 Pachuca De Soto Pachuca De Soto,Social,1440.0,0.0,1.0,,1318.0,0.0,100.0,FALSO,,1.0,0.0,0.0,7.273092595999522,"(6.579, 8.224]",0,0,0.09179778444881183,1.3639886036055924,0.6559398647502834,-0.6454347264697414,0.08913581800905887,0.3738688245995476,0.2610404085392533,0.3738688245995476,0.4866972406598419,301.0,292.0,287.0,11.0,0.3738688245995476,0.5641420803014716,14.0,Dominado por rareza,Rareza,0.7503940547476008,0.7794752640484426,1.157452788691043,1.2014696741078175,0.18293853110111424,0.17116739925186739,0.1780754940817648,1.0,0.3812100498068588,0.06281435887365583,0.22651256225857352,416.0,234.0,0.9060502490342941,1.0,1.7279747549525293,-1.5496451515354752,0.030012686541682033,-0.6876167590336059,-0.3310191299741076,-0.11836896865719373,0.649444724332729,-1.5236481744151193,-0.40224166154945956,0.35410593035298166,-0.6481640977248081,-0.41018412911609803,117.0,128.0,1
1650.0,Historial Académico UTMIR,Secretaría de Educación Pública,Universidad Tecnológica de Mineral de la Reforma,Calle 1000 Paseos de Chavarría 42186 Pachuquilla Mineral De La Reforma,Social,4320.0,0.0,1.0,Nivel 3.1,19.0,0.0,100.0,VERDADERO,,1.0,1.0,3.0,8.371242135931933,"(8.224, 9.869]",0,0,0.4535783124477769,1.9459101490553135,0.9357849740192016,-0.14025223635945364,0.16208002214691,0.6946816432334892,0.5982403109192043,0.6946816432334892,0.7911229755477741,426.5,419.5,406.5,20.0,0.6946816432334892,0.48220666157142467,20.0,Dominado por rareza,Rareza,0.7503940547476008,0.7794752640484426,3.8607297110405954,0.35774963506849783,0.18293853110111424,0.17116739925186739,0.5939778775661291,0.2977600207297401,0.388105094376468,0.08910247765015504,0.41069136278815,436.5,510.5,2.6427654511526,0.7857142857142857,2.8345018593007567,-0.24857369036415491,0.2189627209382135,-0.6876167590336059,-0.3310191299741076,0.5061655253640223,-0.231345367471347,0.6553325481355352,-0.017696636595900594,0.35410593035298166,-0.6481640977248081,0.07049715207585058,348.5,368.5,2
10607.0,"Proceso y trámite de Adopción de Niñas, Niños y Adolescentes",Organismos No Sectorizados,Sistema para el Desarrollo Integral de la Familia del Estado de Hidalgo,Calle 118 Centro 42000 Pachuca De Soto Pachuca De Soto,Social,1440.0,0.0,0.0,,7231.0,0.0,100.0,FALSO,,0.0,0.0,0.0,7.273092595999522,"(6.579, 8.224]",0,0,0.09179778444881183,1.3639886036055924,0.6559398647502834,-0.6454347264697414,0.08913581800905887,0.3738688245995476,0.2610404085392533,0.3738688245995476,0.4866972406598419,301.0,292.0,287.0,11.0,0.3738688245995476,0.5641420803014716,14.0,Dominado por rareza,Rareza,0.7503940547476008,0.7794752640484426,1.157452788691043,1.2014696741078175,0.18293853110111424,0.17116739925186739,0.1780754940817648,1.0,0.3812100498068588,0.06281435887365583,0.22651256225857352,416.0,234.0,0.9060502490342941,1.0,1.7279747549525293,-1.5496451515354752,0.030012686541682033,-0.6876167590336059,-0.3310191299741076,-0.11836896865719373,0.649444724332729,-1.5236481744151193,-0.40224166154945956,0.35410593035298166,-0.6481640977248081,-0.41018412911609803,117.0,128.0,1
11059.0,Por si las Lluvias,Organismos No Sectorizados,Comisión Estatal para el Desarrollo Sostenible de los Pueblos Indígenas (CEDSPI),Calle 301 Real de Minas 42090 Pachuca De Soto Pachuca De Soto,Social,10.0,1.0,2.0,Nivel 2,0.0,0.0,0.0,FALSO,,3.0,0.0,2.0,2.3978952727983707,"(1.645, 3.29]",1,1,-1.5143144958471932,1.8846665238145945,0.9063330158789191,1.172194762402416,0.35158659387487234,-0.30399073998413706,-0.7881202423293596,-0.30399073998413706,0.18013876236108534,21.0,18.0,18.0,-8.0,-0.30399073998413706,2.4206475117261124,3.0,Dominado por rareza,Rareza,1.157452788691043,0.8094275863317937,2.2512917986064953,1.2014696741078175,0.2821753605887091,0.1777447229249331,0.3463639323142087,1.0,0.3004586551687428,0.036630514922088256,0.12557331896092847,246.5,103.0,0.5022932758437139,0.8571428571428572,1.0130722006723623,-0.8236922975760639,0.13544026743904602,-0.09737585293178269,-0.28986884486284525,-1.4379754668868243,0.06225132979667862,-1.5236481744151193,-0.6573234018599786,0.4599200835136422,-0.24117425187463498,-0.7851366408449749,31.5,23.5,1
1702.0,Alta Provisional de Albacea de la Concesión del Servicio Público,Secretaría de Movilidad y Transporte,Sistema de Transporte Convencional de Hidalgo,Calle 205 Sistema de Transporte Convencional 42083 Pachuca De Soto Pachuca De Soto,Social,30.0,1.0,7.0,,0.0,0.0,0.0,VERDADERO,,8.0,1.0,0.0,3.4339872044851463,"(3.29, 4.934]",3,1,-1.17297857348804,1.754854912292604,0.8439068264813923,0.7608498199607056,0.2921917612353043,-0.16453587350332388,-0.5679129534972103,-0.16453587350332388,0.23884120649056245,142.0,128.0,88.0,-43.0,-0.16453587350332388,2.016885399969432,54.0,Dominado por rareza,Rareza,2.8622008809294686,0.8094275863317937,1.157452788691043,0.35774963506849783,0.6977758173332946,0.1777447229249331,0.1780754940817648,0.2977600207297401,0.23736403631328176,0.038474149267829424,0.22226504020916718,149.5,211.5,1.889060160836669,1.0,2.710984666754904,1.5867219645603792,0.4854962569313858,2.3745329276275564,-0.28986884486284525,-1.166495122531356,0.649444724332729,0.6553325481355352,0.44458924654032383,0.8755205402582278,1.3573374856707445,0.3739049089019132,572.5,529.5,2
5205.0,Consejería en Salud Sexual y Reproductiva para Mujeres Jóvenes,Secretaría de Gobierno,Ciudad de las Mujeres,Calle Sin número Tlaxinacalpan 42850 Tepeji Del Río De Ocampo Tepeji Del Río De Ocampo,Social,50.0,0.0,0.0,,181.0,0.0,100.0,FALSO,,0.0,0.0,0.0,3.9318256327243257,"(3.29, 4.934]",0,0,-1.008967896547238,1.754854912292604,0.8439068264813923,0.6447894618512345,0.2754335983536076,-0.08253053503292285,-0.45310547963864883,-0.08253053503292285,0.2880444095728031,187.5,182.5,182.5,6.0,-0.08253053503292285,1.8528747230286302,5.0,Dominado por rareza,Rareza,0.7503940547476008,0.7794752640484426,1.157452788691043,1.2014696741078175,0.18293853110111424,0.17116739925186739,0.1780754940817648,1.0,0.28993017788036474,0.03658171006982007,0.11241272235045591,220.0,83.0,0.44965088940182363,1.0,1.2715753953200588,-1.4741559355007232,0.040975720004496105,-0.6876167590336059,-0.3310191299741076,-1.0068532391841425,0.649444724332729,-1.5236481744151193,-0.5799385156548492,0.35410593035298166,-0.6481640977248081,-0.6323051967478353,58.0,64.0,1
1655.0,Ortofoto a color escala 1:1000 derivado de vuelo con Dron.,Secretaría de Hacienda,Instituto Catastral,Calle 105 Real de Minas 42090 Pachuca De Soto Pachuca De Soto,,4320.0,1.0,3.0,,0.0,0.0,0.0,VERDADERO,,4.0,1.0,0.0,8.371242135931933,"(8.224, 9.869]",1,1,0.4535783124477769,1.9459101490553135,0.9357849740192016,-0.14025223635945364,0.16208002214691,0.6946816432334892,0.5982403109192043,0.6946816432334892,0.7911229755477741,426.5,419.5,406.5,33.0,0.6946816432334892,0.48220666157142467,20.0,Dominado por rareza,Rareza,1.157452788691043,0.8094275863317937,1.157452788691043,0.35774963506849783,0.2821753605887091,0.1777447229249331,0.1780754940817648,0.2977600207297401,0.3260874483117273,0.0716777888143979,0.3331693052072241,286.5,387.5,2.3326772208288964,1.0,3.1546017267471314,-0.16229636532179642,0.23149247354666594,-0.09737585293178269,-0.28986884486284525,0.5061655253640223,0.649444724332729,0.6553325481355352,0.2847396200075317,0.4599200835136422,-0.24117425187463498,0.3924421364894129,510.5,543.5,2
1658.0,Dictaminación de Avalúos (Catastral),Secretaría de Hacienda,Instituto Catastral,Calle 105 Real de Minas 42090 Pachuca De Soto Pachuca De Soto,,12960.0,1.0,8.0,Nivel 1,0.0,0.0,0.0,VERDADERO,,9.0,1.0,1.0,9.469700127423375,"(8.224, 9.869]",3,1,0.8154604584539717,1.9459101490553135,0.9357849740192016,-0.39633417103778207,0.1251038931541695,0.8756227162365866,0.8515578131235406,0.8756227162365866,0.8996876193496326,485.0,485.0,553.0,10.0,0.8756227162365866,0.12032451556522983,68.0,Sensible,Mixto,2.8622008809294686,0.8094275863317937,0.9314425368947573,0.35774963506849783,0.6977758173332946,0.1777447229249331,0.14330354688063304,0.2977600207297401,0.43844136482103746,0.09646206428487743,0.47361170084386184,523.0,576.0,2.8944468033754474,0.9285714285714286,3.6797146850662426,1.5201892823408263,0.47583394938790907,2.3745329276275564,-0.28986884486284525,0.858408125758948,0.3558480270647038,0.6553325481355352,0.7908505567447797,0.8755205402582278,1.3573374856707445,0.8067315466574829,628.0,638.0,2
1551.0,"Copia de plano de la localidad, 60x90 cms (Catastral)",Secretaría de Hacienda,Instituto Catastral,Calle 105 Real de Minas 42090 Pachuca De Soto Pachuca De Soto,,4320.0,1.0,2.0,,0.0,0.0,0.0,VERDADERO,,3.0,1.0,0.0,8.371242135931933,"(8.224, 9.869]",1,1,0.4535783124477769,1.9459101490553135,0.9357849740192016,-0.14025223635945364,0.16208002214691,0.6946816432334892,0.5982403109192043,0.6946816432334892,0.7911229755477741,426.5,419.5,406.5,33.0,0.6946816432334892,0.48220666157142467,20.0,Dominado por rareza,Rareza,1.157452788691043,0.8094275863317937,1.157452788691043,0.35774963506849783,0.2821753605887091,0.1777447229249331,0.1780754940817648,0.2977600207297401,0.3260874483117273,0.0716777888143979,0.3331693052072241,286.5,387.5,2.3326772208288964,1.0,3.1546017267471314,-0.16229636532179642,0.23149247354666594,-0.09737585293178269,-0.28986884486284525,0.5061655253640223,0.649444724332729,0.6553325481355352,0.2847396200075317,0.4599200835136422,-0.24117425187463498,0.3924421364894129,510.5,543.5,2
1685.0,Concesiones y Permisos de Servicios Auxiliares y Conexos Autorizados por el Sistema de Transporte Convencional,Secretaría de Movilidad y Transporte,Sistema de Transporte Convencional de Hidalgo,Avenida 205 Sistema de Transporte Convencional 42083 Pachuca De Soto Pachuca De Soto,Social,30.0,1.0,11.0,,0.0,0.0,0.0,VERDADERO,,12.0,1.0,0.0,3.4339872044851463,"(3.29, 4.934]",4,1,-1.17297857348804,1.754854912292604,0.8439068264813923,0.7608498199607056,0.2921917612353043,-0.16453587350332388,-0.5679129534972103,-0.16453587350332388,0.23884120649056245,142.0,128.0,88.0,-16.0,-0.16453587350332388,2.016885399969432,54.0,Dominado por rareza,Rareza,4.1018917678574836,0.8094275863317937,1.157452788691043,0.35774963506849783,1.0,0.1777447229249331,0.1780754940817648,0.2977600207297401,0.29780887284662283,0.050241644898286475,0.29782108587584355,235.5,330.5,2.191284343503374,1.0,3.013208849421609,2.7552595151116024,0.6551988574107754,4.17210220048888,-0.28986884486284525,-1.166495122531356,0.649444724332729,0.6553325481355352,0.8041031011125888,1.1777447229249332,2.519773415474571,0.6645138913528698,631.5,615.5,2
10521.0,Historial Académico UPFIM,Secretaría de Educación Pública,Universidad Politécnica Francisco I. Madero,Calle s/n Domicio Conocido 42660 Tepatepec Francisco I. Madero,Social,480.0,0.0,1.0,Nivel 1,200.0,0.0,100.0,VERDADERO,,1.0,1.0,1.0,6.175867270105761,"(4.934, 6.579]",0,0,-0.26967826530677347,3.791736839553644,1.8234399782600113,2.7860177983679235,0.5846093911458844,0.7768808564766189,0.358257207763262,0.7768808564766189,1.1955045051899758,377.0,449.0,630.0,36.0,0.7768808564766189,2.0931182435667846,253.0,Dominado por rareza,Rareza,0.7503940547476008,0.7794752640484426,0.9314425368947573,0.35774963506849783,0.18293853110111424,0.17116739925186739,0.14330354688063304,0.2977600207297401,0.3144100708879947,0.07052737763442188,0.3185725834275584,269.5,366.5,2.2742903337102334,0.9285714285714286,3.059558215401029,-0.4731921475684789,0.18634217204334824,-0.6876167590336059,-0.3310191299741076,0.6661848296746657,0.3558480270647038,0.6553325481355352,0.13174590317343826,0.35410593035298166,-0.6481640977248081,0.2573003267875242,429.5,465.5,2
1703.0,Extinción de Permisos de Servicio Privado y Complementario de Transporte de Personas y Bienes,Secretaría de Movilidad y Transporte,Sistema de Transporte Convencional de Hidalgo,Avenida 205 Colonias 42083 Pachuca De Soto Pachuca De Soto,Social,30.0,1.0,2.0,,0.0,0.0,0.0,VERDADERO,,3.0,1.0,0.0,3.4339872044851463,"(3.29, 4.934]",1,1,-1.17297857348804,1.754854912292604,0.8439068264813923,0.7608498199607056,0.2921917612353043,-0.16453587350332388,-0.5679129534972103,-0.16453587350332388,0.23884120649056245,142.0,128.0,88.0,7.0,-0.16453587350332388,2.016885399969432,54.0,Dominado por rareza,Rareza,1.157452788691043,0.8094275863317937,1.157452788691043,0.35774963506849783,0.2821753605887091,0.1777447229249331,0.1780754940817648,0.2977600207297401,0.15424394496436467,0.02229219944632484,0.11836492602302079,72.0,91.0,1.4734597040920834,1.0,2.2953842100103183,-0.020180353603418324,0.25213148232048876,-0.09737585293178269,-0.28986884486284525,-1.166495122531356,0.649444724332729,0.6553325481355352,-0.04979250957154395,0.4599200835136422,-0.24117425187463498,-0.025723025484431672,327.0,334.0,2
7469.0,Transferencia por Sentencia de Adjudicación de la Concesión del Servicio de Transporte Público,Secretaría de Movilidad y Transporte,Sistema de Transporte Convencional de Hidalgo,Avenida 205 Colonias 42083 Pachuca De Soto Pachuca De Soto,Social,30.0,1.0,10.0,,0.0,0.0,0.0,VERDADERO,,11.0,1.0,0.0,3.4339872044851463,"(3.29, 4.934]",3,1,-1.17297857348804,1.754854912292604,0.8439068264813923,0.7608498199607056,0.2921917612353043,-0.16453587350332388,-0.5679129534972103,-0.16453587350332388,0.23884120649056245,142.0,128.0,88.0,-43.0,-0.16453587350332388,2.016885399969432,54.0,Dominado por rareza,Rareza,2.8622008809294686,0.8094275863317937,1.157452788691043,0.35774963506849783,0.6977758173332946,0.1777447229249331,0.1780754940817648,0.2977600207297401,0.23736403631328176,0.038474149267829424,0.22226504020916718,149.5,211.5,1.889060160836669,1.0,2.710984666754904,1.5867219645603792,0.4854962569313858,2.3745329276275564,-0.28986884486284525,-1.166495122531356,0.649444724332729,0.6553325481355352,0.44458924654032383,0.8755205402582278,1.3573374856707445,0.3739049089019132,572.5,529.5,2
5343.0,Atención Temporal a Niñas y Niños acompañantes de usuarias,Secretaría de Gobierno,Ciudad de las Mujeres,Calle S/N Tlaxinacalpan 42850 Tepeji Del Río De Ocampo Tepeji Del Río De Ocampo,Social,1440.0,4.0,0.0,,5492.0,0.0,100.0,FALSO,,4.0,0.0,0.0,7.273092595999522,"(6.579, 8.224]",0,4,0.09179778444881183,1.3639886036055924,0.6559398647502834,-0.6454347264697414,0.08913581800905887,0.3738688245995476,0.2610404085392533,0.3738688245995476,0.4866972406598419,301.0,292.0,287.0,-71.0,0.3738688245995476,0.5641420803014716,14.0,Dominado por rareza,Rareza,0.7503940547476008,4.553876891600541,1.157452788691043,1.2014696741078175,0.18293853110111424,1.0,0.1780754940817648,1.0,0.5469765699564852,0.08970505122591502,0.43372071244560667,622.0,543.0,1.7348828497824267,1.0,2.556807355700662,0.8592321303275706,0.3798454657921619,-0.6876167590336059,4.854478729886802,-0.11836896865719373,0.649444724332729,-1.5236481744151193,0.6348579104227223,1.1829385311011142,2.5397502061576644,0.38679444685452014,609.0,538.0,0
1192.0,"Aviso de Previsiones de Compra Venta de Estupefacientes para Farmacias, Droguerías y Boticas",Secretaría de Salud,Secretaría de Salud,Cerrada 115 Cubitos 42090 Pachuca De Soto Pachuca De Soto,Ambos,20.0,0.0,1.0,Nivel 1,37.0,0.0,100.0,FALSO,,1.0,0.0,1.0,3.044522437723423,"(1.645, 3.29]",0,0,-1.3012860250986122,1.8846665238145945,0.9063330158789191,1.0214474997012368,0.32981992674178046,-0.19747650460984656,-0.6390003128053527,-0.19747650460984656,0.24404730358565963,77.5,72.5,142.5,2.0,-0.19747650460984656,2.2076190409775314,65.0,Dominado por rareza,Rareza,0.7503940547476008,0.7794752640484426,0.9314425368947573,1.2014696741078175,0.18293853110111424,0.17116739925186739,0.14330354688063304,1.0,0.2599865945247536,0.02817721765520744,0.07498324315594204,187.5,22.0,0.29993297262376817,0.9285714285714286,1.0852008543145637,-1.3496323951804052,0.059059836003412615,-0.6876167590336059,-0.3310191299741076,-1.2306214890164984,0.3558480270647038,-1.5236481744151193,-0.6834115050749255,0.35410593035298166,-0.6481640977248081,-0.7616464335229305,26.5,28.5,1
7566.0,Examen General de Egreso de la Licenciatura (ITSOEH)-IngenierÍas,Secretaría de Educación Pública,Instituto Tecnológico Superior del Occidente del Estado de Hidalgo,Carretera 2000 Mixquiahuala Tula km 2.5 42700 Mixquiahuala De Juárez Mixquiahuala De Juárez,Social,4320.0,0.0,2.0,,353.0,0.0,100.0,VERDADERO,,2.0,1.0,0.0,8.371242135931933,"(8.224, 9.869]",1,0,0.4535783124477769,1.9459101490553135,0.9357849740192016,-0.14025223635945364,0.16208002214691,0.6946816432334892,0.5982403109192043,0.6946816432334892,0.7911229755477741,426.5,419.5,406.5,32.0,0.6946816432334892,0.48220666157142467,20.0,Dominado por rareza,Rareza,1.157452788691043,0.7794752640484426,1.157452788691043,0.35774963506849783,0.2821753605887091,0.17116739925186739,0.1780754940817648,0.2977600207297401,0.3247719835771142,0.07146439374857401,0.33152497428895766,283.0,383.0,2.3260998971558307,1.0,3.1480244030740656,-0.18141236722279155,0.2287163237927812,-0.09737585293178269,-0.3310191299741076,0.5061655253640223,0.649444724332729,0.6553325481355352,0.2765095629852793,0.4533427598405765,-0.26647241726980003,0.3861175951406216,505.0,537.0,2
7577.0,Proceso de Incubación (ITSOEH),Secretaría de Educación Pública,Instituto Tecnológico Superior del Occidente del Estado de Hidalgo,Carretera 0 Cinta larga 42700 Mixquiahuala De Juárez Mixquiahuala De Juárez,Ambos,43200.0,0.0,0.0,,0.0,0.0,0.0,VERDADERO,,0.0,1.0,0.0,10.673618922112436,"(9.869, 11.514]",0,0,1.2120862014627916,1.6245897174547026,0.7812625096170339,-1.0973107648417608,0.023888627868291986,0.9966743555399127,1.0828390939090642,0.9966743555399127,0.9105096171707612,602.0,602.0,578.0,56.0,0.9966743555399127,-0.43082369184575764,24.0,Dominado por tiempo,Tiempo,0.7503940547476008,0.7794752640484426,1.157452788691043,0.35774963506849783,0.18293853110111424,0.17116739925186739,0.1780754940817648,0.2977600207297401,0.36532316014087984,0.08495823349788031,0.3822139449936648,364.0,476.0,2.528855779974659,1.0,3.3507802858928946,-0.6150576443071413,0.16573954467934546,-0.6876167590336059,-0.3310191299741076,1.0940624385281792,0.649444724332729,0.6553325481355352,0.276040764397746,0.35410593035298166,-0.6481640977248081,0.43766890331790886,503.0,559.0,2
7554.0,Protocolo de Titulación a Nivel Licenciatura (ITSOEH),Secretaría de Educación Pública,Instituto Tecnológico Superior del Occidente del Estado de Hidalgo,Carretera 0 Cinta larga 42700 Mixquiahuala De Juárez Mixquiahuala De Juárez,Social,4320.0,0.0,4.0,,378.0,0.0,100.0,VERDADERO,,4.0,1.0,0.0,8.371242135931933,"(8.224, 9.869]",2,0,0.4535783124477769,1.9459101490553135,0.9357849740192016,-0.14025223635945364,0.16208002214691,0.6946816432334892,0.5982403109192043,0.6946816432334892,0.7911229755477741,426.5,419.5,406.5,13.0,0.6946816432334892,0.48220666157142467,20.0,Dominado por rareza,Rareza,1.9671875475025984,0.7794752640484426,1.157452788691043,0.35774963506849783,0.4795805591257976,0.17116739925186739,0.1780754940817648,0.2977600207297401,0.36425302328453185,0.0791506245151453,0.38087627392322976,361.5,472.5,2.523505095692919,1.0,3.3454296016111544,0.5818468304007077,0.33956177383024005,1.0767509692910755,-0.3310191299741076,0.5061655253640223,0.649444724332729,0.6553325481355352,0.5113349274298509,0.650747958377665,0.4928013558770408,0.5759360384273318,584.5,597.5,2
7578.0,Cuota por Servicio de Extensión y Educación continua (ITSOEH),Secretaría de Educación Pública,Instituto Tecnológico Superior del Occidente del Estado de Hidalgo,Carretera 0 cinta larga 42700 Mixquiahuala De Juárez Mixquiahuala De Juárez,Ambos,43200.0,0.0,0.0,,2539.0,0.0,100.0,VERDADERO,,0.0,1.0,0.0,10.673618922112436,"(9.869, 11.514]",0,0,1.2120862014627916,1.6245897174547026,0.7812625096170339,-1.0973107648417608,0.023888627868291986,0.9966743555399127,1.0828390939090642,0.9966743555399127,0.9105096171707612,602.0,602.0,578.0,56.0,0.9966743555399127,-0.43082369184575764,24.0,Dominado por tiempo,Tiempo,0.7503940547476008,0.7794752640484426,1.157452788691043,0.35774963506849783,0.18293853110111424,0.17116739925186739,0.1780754940817648,0.2977600207297401,0.36532316014087984,0.08495823349788031,0.3822139449936648,364.0,476.0,2.528855779974659,1.0,3.3507802858928946,-0.6150576443071413,0.16573954467934546,-0.6876167590336059,-0.3310191299741076,1.0940624385281792,0.649444724332729,0.6553325481355352,0.276040764397746,0.35410593035298166,-0.6481640977248081,0.43766890331790886,503.0,559.0,2
9858.0,Curso de Idiomas (ITSOEH),Secretaría de Educación Pública,Instituto Tecnológico Superior del Occidente del Estado de Hidalgo,Calle 2000 Cinta Larga 42700 Mixquiahuala De Juárez Mixquiahuala De Juárez,Social,10080.0,0.0,1.0,,3767.0,0.0,100.0,VERDADERO,,1.0,1.0,0.0,9.218407743053941,"(8.224, 9.869]",0,0,0.7326732894998346,1.9459101490553135,0.9357849740192016,-0.3377507382094762,0.133562859897833,0.8342291317595181,0.7936067948556446,0.8342291317595181,0.8748514686633915,479.5,479.5,538.5,28.0,0.8342291317595181,0.203111684519367,59.0,Dominado por rareza,Rareza,0.7503940547476008,0.7794752640484426,1.157452788691043,0.35774963506849783,0.18293853110111424,0.17116739925186739,0.1780754940817648,0.2977600207297401,0.33283411538480095,0.07562130430340644,0.34160263904856614,295.0,396.0,2.3664105561942645,1.0,3.1883350621125,-0.5881889330941219,0.16964159315200963,-0.6876167590336059,-0.3310191299741076,0.7778261794165603,0.649444724332729,0.6553325481355352,0.2127935125754222,0.35410593035298166,-0.6481640977248081,0.3586098385400041,483.0,511.0,2
447.0,Expedición de Constancias de No inhabilitación,Secretaría de Contraloría,Secretaría de Controlaría,Calle 301 Zona Plateada 42084 Pachuca De Soto Pachuca De Soto,Social,2880.0,1.0,0.0,,3.0,1.0,75.0,VERDADERO,,1.0,1.0,0.0,7.9658927350845286,"(6.579, 8.224]",0,1,0.32003773811792385,1.3639886036055924,0.6559398647502834,-0.8069462283537766,0.06581488310993365,0.4879888014341036,0.4208083761076317,0.4879888014341036,0.5551692267605756,393.0,378.0,373.0,33.0,0.4879888014341036,0.3359021266323596,20.0,Dominado por rareza,Rareza,0.7503940547476008,0.8094275863317937,1.157452788691043,0.35774963506849783,0.18293853110111424,0.1777447229249331,0.1780754940817648,0.2977600207297401,0.2649015140543312,0.055933705216949126,0.25668688738547896,196.0,293.0,2.026747549541916,1.0,2.848672055460151,-0.511804202514526,0.18073467904399507,-0.6876167590336059,-0.28986884486284525,0.10379130004268618,0.649444724332729,0.6553325481355352,0.08621659372289987,0.36068325402604734,-0.6228659323296433,0.1964256600453268,401.0,434.0,2
9958.0,Curso de Asignatura de 120 horas o más,Secretaría de Educación Pública,Instituto Tecnológico Superior del Occidente del Estado de Hidalgo,Carretera 2000 Mixquiahuala de Juárez 42700 Mixquiahuala De Juárez Mixquiahuala De Juárez,Social,4320.0,0.0,1.0,,54.0,0.0,100.0,VERDADERO,,1.0,1.0,0.0,8.371242135931933,"(8.224, 9.869]",0,0,0.4535783124477769,1.9459101490553135,0.9357849740192016,-0.14025223635945364,0.16208002214691,0.6946816432334892,0.5982403109192043,0.6946816432334892,0.7911229755477741,426.5,419.5,406.5,35.0,0.6946816432334892,0.48220666157142467,20.0,Dominado por rareza,Rareza,0.7503940547476008,0.7794752640484426,1.157452788691043,0.35774963506849783,0.18293853110111424,0.17116739925186739,0.1780754940817648,0.2977600207297401,0.30492461767959517,0.06760047740980933,0.30671576691705893,255.5,353.5,2.2268630676682357,1.0,3.048787573586471,-0.5651075455195829,0.17299362192697218,-0.6876167590336059,-0.3310191299741076,0.5061655253640223,0.649444724332729,0.6553325481355352,0.15846138176491462,0.35410593035298166,-0.6481640977248081,0.29069467502686963,446.5,481.5,2
8746.0,Permiso Sanitario para Traslado de Cadáveres o Restos Áridos Fuera del Territorio Estatal,Secretaría de Salud,Secretaría de Salud,Cerrada 115 Cubitos 42090 Pachuca De Soto Pachuca De Soto,Ambos,20.0,1.0,1.0,Nivel 1,576.0,0.0,100.0,VERDADERO,,2.0,1.0,1.0,3.044522437723423,"(1.645, 3.29]",0,1,-1.3012860250986122,1.8846665238145945,0.9063330158789191,1.0214474997012368,0.32981992674178046,-0.19747650460984656,-0.6390003128053527,-0.19747650460984656,0.24404730358565963,77.5,72.5,142.5,10.0,-0.19747650460984656,2.2076190409775314,65.0,Dominado por rareza,Rareza,0.7503940547476008,0.8094275863317937,0.9314425368947573,0.35774963506849783,0.18293853110111424,0.1777447229249331,0.14330354688063304,0.2977600207297401,0.1208540634053148,0.014737244379355082,0.07662757407420845,22.0,27.0,1.3065102962968338,0.9285714285714286,2.0917781779876297,-0.2929158114695168,0.2125230705745583,-0.6876167590336059,-0.28986884486284525,-1.2306214890164984,0.3558480270647038,0.6553325481355352,-0.2393853035425421,0.36068325402604734,-0.6228659323296433,-0.21057671153647567,205.0,215.0,2
1596.0,Aprobación del Plan de Manejo de Residuos de Manejo Especial.,Secretaría de Medio Ambiente y Recursos Naturales,Secretaría de Medio Ambiente y Recursos Naturales,Calle 100 Adolfo Lopez Mateos 42094 Pachuca De Soto Pachuca De Soto,Ambos,86400.0,2.0,1.0,Nivel 2,20.0,18.0,52.63157895,VERDADERO,,3.0,1.0,2.0,11.366754528799243,"(9.869, 11.514]",0,2,1.4404366734554037,1.6245897174547026,0.7812625096170339,-1.2589004738062273,0.0005564005088149505,1.1108495915362189,1.2426844243038928,1.1108495915362189,0.9790147587685449,625.5,625.5,608.5,11.0,1.1108495915362189,-0.6591741638383698,17.0,Dominado por tiempo,Tiempo,0.7503940547476008,2.6931245508855346,2.2512917986064953,0.35774963506849783,0.18293853110111424,0.5913916021429794,0.3463639323142087,0.2977600207297401,0.5058607355648522,0.11385495772120713,0.5578859142736303,599.0,637.0,3.2315436570945213,0.8571428571428572,3.74232258192317,0.7983985871270746,0.3710108241731316,-0.6876167590336059,2.2980662882233824,1.3163302816472193,0.06225132979667862,0.6553325481355352,0.7288727377538419,0.7743301332440936,0.968131817789353,0.7505114943421966,622.0,633.0,0
6664.0,Autorización para la Operación de sitios de Disposición Final para Residuos Provenientes de la Construcción,Secretaría de Medio Ambiente y Recursos Naturales,Secretaría de Medio Ambiente y Recursos Naturales,Calle 100 Adolfo López Mateos 43094 Pachuca De Soto Pachuca De Soto,Social,43200.0,1.0,1.0,,30.0,25.0,54.54545455,FALSO,,2.0,0.0,0.0,10.673618922112436,"(9.869, 11.514]",0,1,1.2120862014627916,1.6245897174547026,0.7812625096170339,-1.0973107648417608,0.023888627868291986,0.9966743555399127,1.0828390939090642,0.9966743555399127,0.9105096171707612,602.0,602.0,578.0,29.0,0.9966743555399127,-0.43082369184575764,24.0,Dominado por tiempo,Tiempo,0.7503940547476008,0.8094275863317937,1.157452788691043,1.2014696741078175,0.18293853110111424,0.1777447229249331,0.1780754940817648,1.0,0.507086620729545,0.09882499690538046,0.3838582759119312,602.0,485.0,1.535433103647725,1.0,2.35735760956596,-1.6335422242160402,0.017828609615969125,-0.6876167590336059,-0.28986884486284525,1.0940624385281792,0.649444724332729,-1.5236481744151193,-0.15152532309013245,0.36068325402604734,-0.6228659323296433,-0.1007517359709636,260.0,289.0,1
1476.0,Autorización para Prestar Servicios de Seguridad Privada en el Estado.,Secretaría de Seguridad Pública,Secretaría de Seguridad Pública,Boulevard S/N Fraccionamiento Colosio II 42039 Pachuca De Soto Pachuca De Soto,Ambos,14400.0,12.0,11.0,Nivel 1,91.0,46.0,66.42335766,VERDADERO,,23.0,1.0,1.0,9.575052927597383,"(8.224, 9.869]",4,4,0.8501684743362787,1.9459101490553135,0.9357849740192016,-0.42089491810441176,0.12155752291593097,0.8929767241777402,0.8758534242411555,0.8929767241777402,0.9101000241143247,492.0,563.0,560.0,0.0,0.8929767241777402,0.08561649968292284,68.0,Sensible,Mixto,4.1018917678574836,4.553876891600541,0.9314425368947573,0.35774963506849783,1.0,1.0,0.14330354688063304,0.2977600207297401,0.6668080583576226,0.13590432046733142,0.7590700677645934,657.0,661.0,4.036280271058374,0.9285714285714286,4.821548152749169,5.07561773096839,0.9921763238934435,4.17210220048888,4.854478729886802,0.8921916155051457,0.3558480270647038,0.6553325481355352,2.1859906242162137,2.0,5.682389553961879,1.8964404361668161,665.0,665.0,0
481.0,Consulta externa de pediatría y especialidades en el Hospital del Niño DIF Hidalgo,Organismos No Sectorizados,Sistema para el Desarrollo Integral de la Familia del Estado de Hidalgo,Boulevard S/N Venta Prieta 42083 Pachuca De Soto Pachuca De Soto,Social,1440.0,0.0,1.0,Nivel 1,31900.0,0.0,100.0,FALSO,,1.0,0.0,1.0,7.273092595999522,"(6.579, 8.224]",0,0,0.09179778444881183,1.3639886036055924,0.6559398647502834,-0.6454347264697414,0.08913581800905887,0.3738688245995476,0.2610404085392533,0.3738688245995476,0.4866972406598419,301.0,292.0,287.0,3.0,0.3738688245995476,0.5641420803014716,14.0,Dominado por rareza,Rareza,0.7503940547476008,0.7794752640484426,0.9314425368947573,1.2014696741078175,0.18293853110111424,0.17116739925186739,0.14330354688063304,1.0,0.37425566036663244,0.06101666199389237,0.2178195754582906,389.0,188.0,0.8712783018331623,0.9285714285714286,1.6565461835239579,-1.4441338664836663,0.04533571954542908,-0.6876167590336059,-0.3310191299741076,-0.11836896865719373,0.3558480270647038,-1.5236481744151193,-0.4609610010030646,0.35410593035298166,-0.6481640977248081,-0.48358330343310435,92.0,95.0,1
876.0,Inicio de Carpetas de Investigación Presencial,Procuraduría General de Justicia,Procuraduría General de Justicia,Calle S/N Centro Civico 42083 Pachuca De Soto Pachuca De Soto,Ambos,120.0,0.0,0.0,Nivel 1,0.0,0.0,0.0,FALSO,,0.0,0.0,1.0,4.795790545596741,"(3.29, 4.934]",0,0,-0.7243384622255696,1.754854912292604,0.8439068264813923,0.44337456196765934,0.24635094038122837,0.05978418212791131,-0.2538648756134811,0.05978418212791131,0.3734332398693036,218.5,216.5,213.5,5.0,0.05978418212791131,1.568245288706962,5.0,Dominado por rareza,Rareza,0.7503940547476008,0.7794752640484426,0.9314425368947573,1.2014696741078175,0.18293853110111424,0.17116739925186739,0.14330354688063304,1.0,0.3114387318723052,0.04296389319230668,0.13929841484038152,264.0,117.5,0.5571936593615261,0.9285714285714286,1.3424615410523215,-1.3921837422594945,0.05288025345613701,-0.6876167590336059,-0.3310191299741076,-0.7298055505902847,0.3558480270647038,-1.5236481744151193,-0.5832483173896827,0.35410593035298166,-0.6481640977248081,-0.6364424489163771,55.0,60.0,1
986.0,Certificado de Inscripción (Registro Público de la Propiedad y del Comercio),Secretaría de Gobierno,Dirección General del Instituto de la Función Registral,Avenida 907 Rio de las Avenidas 42094 Pachuca De Soto Pachuca De Soto,Ambos,8640.0,2.0,1.0,Nivel 3.5,47334.0,0.0,100.0,VERDADERO,,3.0,1.0,7.0,9.0642735958414,"(8.224, 9.869]",0,2,0.6818944737434162,1.9459101490553135,0.9357849740192016,-0.30181766573522545,0.13875130056071056,0.8088397238813089,0.7580616238261517,0.8088397238813089,0.8596178239364659,475.0,475.0,526.0,-62.0,0.8088397238813089,0.2538905002757854,51.0,Dominado por rareza,Rareza,0.7503940547476008,2.6931245508855346,2.7862149739515463,0.35774963506849783,0.18293853110111424,0.5913916021429794,0.428662501790275,0.2977600207297401,0.4619184759290835,0.10075102135745437,0.5029580897289194,550.5,599.5,3.0118323589156777,0.5,3.0831698571254025,1.3759079486969605,0.45488047852302466,-0.6876167590336059,2.2980662882233824,0.7283999717287417,-1.4057321565434482,0.6553325481355352,0.317689978502121,0.7743301332440936,0.968131817789353,0.23653304527754543,522.5,460.5,0
825.0,Pago de Derechos Anuales de las Unidades Autorizadas por el Sistema de Transporte Convencional,Secretaría de Movilidad y Transporte,Sistema de Transporte Convencional de Hidalgo,Avenida 205 La Colonia 42083 Pachuca De Soto Pachuca De Soto,Social,30.0,1.0,2.0,Nivel 2,0.0,0.0,0.0,VERDADERO,,3.0,1.0,2.0,3.4339872044851463,"(3.29, 4.934]",1,1,-1.17297857348804,1.754854912292604,0.8439068264813923,0.7608498199607056,0.2921917612353043,-0.16453587350332388,-0.5679129534972103,-0.16453587350332388,0.23884120649056245,142.0,128.0,88.0,-6.0,-0.16453587350332388,2.016885399969432,54.0,Dominado por rareza,Rareza,1.157452788691043,0.8094275863317937,2.2512917986064953,0.35774963506849783,0.2821753605887091,0.1777447229249331,0.3463639323142087,0.2977600207297401,0.18790163261085344,0.030992649799616585,0.16043703558113176,105.0,138.5,1.641748142324527,0.8571428571428572,2.1525270671531755,0.1908422165002004,0.282777548327983,-0.09737585293178269,-0.28986884486284525,-1.166495122531356,0.06225132979667862,0.6553325481355352,-0.167231188478754,0.4599200835136422,-0.24117425187463498,-0.17252137411844426,251.0,245.0,2
332.0,Inscripción en el Padrón de Proveedores (Persona Física),Secretaría de Contraloría,Secretaría de Controlaría,"Carretera 0 Venta Prieta, Ex Centro Minero 42083 Pachuca De Soto Pachuca De Soto",Empresarial,1440.0,0.0,0.0,,0.0,0.0,0.0,FALSO,,0.0,0.0,0.0,7.273092595999522,"(6.579, 8.224]",0,0,0.09179778444881183,1.3639886036055924,0.6559398647502834,-0.6454347264697414,0.08913581800905887,0.3738688245995476,0.2610404085392533,0.3738688245995476,0.4866972406598419,301.0,292.0,287.0,11.0,0.3738688245995476,0.5641420803014716,14.0,Dominado por rareza,Rareza,0.7503940547476008,0.7794752640484426,1.157452788691043,1.2014696741078175,0.18293853110111424,0.17116739925186739,0.1780754940817648,1.0,0.3812100498068588,0.06281435887365583,0.22651256225857352,416.0,234.0,0.9060502490342941,1.0,1.7279747549525293,-1.5496451515354752,0.030012686541682033,-0.6876167590336059,-0.3310191299741076,-0.11836896865719373,0.649444724332729,-1.5236481744151193,-0.40224166154945956,0.35410593035298166,-0.6481640977248081,-0.41018412911609803,117.0,128.0,1
1175.0,Registro Estatal de Consultores en Materia de Protección Civil,Secretaría de Gobierno,Subsecretaría de Protección Civil y Gestión de Riesgos,Calle 115 Revolución 42060 Pachuca De Soto Pachuca De Soto,Ambos,43200.0,0.0,0.0,Nivel 1,0.0,0.0,0.0,VERDADERO,,0.0,1.0,1.0,10.673618922112436,"(9.869, 11.514]",0,0,1.2120862014627916,1.6245897174547026,0.7812625096170339,-1.0973107648417608,0.023888627868291986,0.9966743555399127,1.0828390939090642,0.9966743555399127,0.9105096171707612,602.0,602.0,578.0,29.0,0.9966743555399127,-0.43082369184575764,24.0,Dominado por tiempo,Tiempo,0.7503940547476008,0.7794752640484426,0.9314425368947573,0.35774963506849783,0.18293853110111424,0.17116739925186739,0.14330354688063304,0.2977600207297401,0.3583687707006535,0.08316053661811687,0.3735209581933818,338.5,450.0,2.4940838327735273,0.9285714285714286,3.279351714464323,-0.509546359255332,0.18106257768309258,-0.6876167590336059,-0.3310191299741076,1.0940624385281792,0.3558480270647038,0.6553325481355352,0.21732142494414095,0.35410593035298166,-0.6481640977248081,0.36426972900090254,488.5,517.5,2
1168.0,Por la supervisión y emisión de opiniones técnicas de factibilidad de usos de suelo de impacto significativo,Secretaría de Gobierno,Subsecretaría de Protección Civil y Gestión de Riesgos,Calle 115 Revolución 42060 Pachuca De Soto Pachuca De Soto,Ambos,43200.0,0.0,0.0,Nivel 1,0.0,0.0,0.0,VERDADERO,,0.0,1.0,1.0,10.673618922112436,"(9.869, 11.514]",0,0,1.2120862014627916,1.6245897174547026,0.7812625096170339,-1.0973107648417608,0.023888627868291986,0.9966743555399127,1.0828390939090642,0.9966743555399127,0.9105096171707612,602.0,602.0,578.0,29.0,0.9966743555399127,-0.43082369184575764,24.0,Dominado por tiempo,Tiempo,0.7503940547476008,0.7794752640484426,0.9314425368947573,0.35774963506849783,0.18293853110111424,0.17116739925186739,0.14330354688063304,0.2977600207297401,0.3583687707006535,0.08316053661811687,0.3735209581933818,338.5,450.0,2.4940838327735273,0.9285714285714286,3.279351714464323,-0.509546359255332,0.18106257768309258,-0.6876167590336059,-0.3310191299741076,1.0940624385281792,0.3558480270647038,0.6553325481355352,0.21732142494414095,0.35410593035298166,-0.6481640977248081,0.36426972900090254,488.5,517.5,2
1608.0,Pago de bases Licitaciones Públicas Estatales,Secretaría de Infraestructura Pública y Desarrollo Urbano Sostenible,Secretaría de Infraestructura Pública y Desarrollo Urbano Sostenible,Boulevard Ex Centro Minero Edificio 2B Venta Prieta 42080 Pachuca De Soto Pachuca De Soto,Empresarial,10.0,1.0,1.0,Nivel 1,1148.0,0.0,100.0,VERDADERO,,2.0,1.0,1.0,2.3978952727983707,"(1.645, 3.29]",0,1,-1.5143144958471932,1.8846665238145945,0.9063330158789191,1.172194762402416,0.35158659387487234,-0.30399073998413706,-0.7881202423293596,-0.30399073998413706,0.18013876236108534,21.0,18.0,18.0,13.0,-0.30399073998413706,2.4206475117261124,3.0,Dominado por rareza,Rareza,0.7503940547476008,0.8094275863317937,0.9314425368947573,0.35774963506849783,0.18293853110111424,0.1777447229249331,0.14330354688063304,0.2977600207297401,0.09955121633045669,0.008615083008592123,0.049999015230635824,8.5,8.5,1.1999960609225433,0.9285714285714286,1.985263942613339,-0.275298179114771,0.21508161738675088,-0.6876167590336059,-0.28986884486284525,-1.4379754668868243,0.3558480270647038,0.6553325481355352,-0.28085609911660725,0.36068325402604734,-0.6228659323296433,-0.2624152060040572,179.5,192.5,2
1166.0,"Por la supervisión y la emisión de opiniones técnicas de establecimientos comerciales, industriales, de espectáculos públicos y de servicios instalados o que pretendan instalarse en el territorio del Estado",Secretaría de Gobierno,Subsecretaría de Protección Civil y Gestión de Riesgos,Calle 115 Revolución 42090 Pachuca De Soto Pachuca De Soto,Ambos,43200.0,0.0,0.0,Nivel 1,0.0,0.0,0.0,VERDADERO,,0.0,1.0,1.0,10.673618922112436,"(9.869, 11.514]",0,0,1.2120862014627916,1.6245897174547026,0.7812625096170339,-1.0973107648417608,0.023888627868291986,0.9966743555399127,1.0828390939090642,0.9966743555399127,0.9105096171707612,602.0,602.0,578.0,29.0,0.9966743555399127,-0.43082369184575764,24.0,Dominado por tiempo,Tiempo,0.7503940547476008,0.7794752640484426,0.9314425368947573,0.35774963506849783,0.18293853110111424,0.17116739925186739,0.14330354688063304,0.2977600207297401,0.3583687707006535,0.08316053661811687,0.3735209581933818,338.5,450.0,2.4940838327735273,0.9285714285714286,3.279351714464323,-0.509546359255332,0.18106257768309258,-0.6876167590336059,-0.3310191299741076,1.0940624385281792,0.3558480270647038,0.6553325481355352,0.21732142494414095,0.35410593035298166,-0.6481640977248081,0.36426972900090254,488.5,517.5,2
1409.0,Inscripción nivel licenciatura UPH,Secretaría de Educación Pública,Universidad Politécnica de Huejutla,Calle s/n Tepoxtequito 0 Huejutla De Reyes Huejutla De Reyes,Social,30.0,1.0,3.0,Nivel 2,373.0,0.0,100.0,VERDADERO,,4.0,1.0,2.0,3.4339872044851463,"(3.29, 4.934]",1,1,-1.17297857348804,1.754854912292604,0.8439068264813923,0.7608498199607056,0.2921917612353043,-0.16453587350332388,-0.5679129534972103,-0.16453587350332388,0.23884120649056245,142.0,128.0,88.0,-6.0,-0.16453587350332388,2.016885399969432,54.0,Dominado por rareza,Rareza,1.157452788691043,0.8094275863317937,2.2512917986064953,0.35774963506849783,0.2821753605887091,0.1777447229249331,0.3463639323142087,0.2977600207297401,0.18790163261085344,0.030992649799616585,0.16043703558113176,105.0,138.5,1.641748142324527,0.8571428571428572,2.1525270671531755,0.1908422165002004,0.282777548327983,-0.09737585293178269,-0.28986884486284525,-1.166495122531356,0.06225132979667862,0.6553325481355352,-0.167231188478754,0.4599200835136422,-0.24117425187463498,-0.17252137411844426,251.0,245.0,2
1693.0,Préstamo de documentos históricos,Oficialía Mayor,Oficialía Mayor,Calle 807 Centro 42000 Pachuca De Soto Pachuca De Soto,Social,30.0,0.0,0.0,Nivel 1,302.0,0.0,100.0,FALSO,,0.0,0.0,1.0,3.4339872044851463,"(3.29, 4.934]",0,0,-1.17297857348804,1.754854912292604,0.8439068264813923,0.7608498199607056,0.2921917612353043,-0.16453587350332388,-0.5679129534972103,-0.16453587350332388,0.23884120649056245,142.0,128.0,88.0,2.0,-0.16453587350332388,2.016885399969432,54.0,Dominado por rareza,Rareza,0.7503940547476008,0.7794752640484426,0.9314425368947573,1.2014696741078175,0.18293853110111424,0.17116739925186739,0.14330354688063304,1.0,0.26657472074605815,0.03007055950364907,0.08321840093257271,197.0,33.5,0.33287360373029085,0.9285714285714286,1.1181414854210865,-1.3550808305592892,0.058268578887281125,-0.6876167590336059,-0.3310191299741076,-1.166495122531356,0.3558480270647038,-1.5236481744151193,-0.670586231777897,0.35410593035298166,-0.6481640977248081,-0.745614841901645,29.0,31.0,1
761.0,Atención Ciudadana y Recepción de Quejas o Denuncias en contra de Servidores Públicos de la PGJH,Procuraduría General de Justicia,Procuraduría General de Justicia,Boulevard 511 Valle de San Javier 42083 Pachuca De Soto Pachuca De Soto,Ambos,60.0,0.0,2.0,Nivel 1,0.0,0.0,0.0,FALSO,,2.0,0.0,1.0,4.110873864173311,"(3.29, 4.934]",1,0,-0.9499812454988917,1.754854912292604,0.8439068264813923,0.6030482046840534,0.2694065035049546,-0.05303720950874974,-0.41181482390480656,-0.05303720950874974,0.30574040488730697,199.5,194.5,194.5,-7.0,-0.05303720950874974,1.7938880719802839,5.0,Dominado por rareza,Rareza,1.157452788691043,0.7794752640484426,0.9314425368947573,1.2014696741078175,0.2821753605887091,0.17116739925186739,0.14330354688063304,1.0,0.308721819442492,0.04034312921349192,0.13590227430311497,262.0,114.5,0.5436090972124599,0.9285714285714286,1.3288769789032555,-0.9898277174324631,0.11131300446143212,-0.09737585293178269,-0.3310191299741076,-0.9494378303744968,0.3558480270647038,-1.5236481744151193,-0.5091265921261605,0.4533427598405765,-0.26647241726980003,-0.5959275987486781,81.0,74.0,1
1590.0,Por la Expedición y Entrega de un ejemplar del Periódico Oficial.,Secretaría de Gobierno,Secretaría de Gobierno,Calle 517 Centro 42000 Pachuca De Soto Pachuca De Soto,Ambos,255.0,0.0,0.0,Nivel 3.7,50.0,0.0,100.0,VERDADERO,,0.0,1.0,9.0,5.545177444479562,"(4.934, 6.579]",0,0,-0.47745624983578844,3.791736839553644,1.8234399782600113,2.9330496120370153,0.6058395779417396,0.6729918642121114,0.21281261859295147,0.6729918642121114,1.1331711098312711,227.5,397.5,623.5,13.0,0.6729918642121114,2.3008962280958,396.0,Dominado por rareza,Rareza,0.7503940547476008,0.7794752640484426,3.3217332103079085,0.35774963506849783,0.18293853110111424,0.17116739925186739,0.5110526221137135,0.2977600207297401,0.36718208748170933,0.08356860032991575,0.3845376041697016,370.0,486.0,2.5381504166788065,0.3571428571428571,2.38424065170795,0.38808154560758207,0.3114219227004996,-0.6876167590336059,-0.3310191299741076,0.4639414795037954,-1.992925551079499,0.6553325481355352,-0.37845748248957634,0.35410593035298166,-0.6481640977248081,-0.3804539052912441,138.0,151.0,3
384.0,Inscripción en el Padrón de Proveedores (Persona Moral),Secretaría de Contraloría,Secretaría de Controlaría,"Carretera 0 Venta Prieta, Ex Centro Minero 42083 Pachuca De Soto Pachuca De Soto",,1440.0,0.0,0.0,,0.0,0.0,0.0,FALSO,,0.0,0.0,0.0,7.273092595999522,"(6.579, 8.224]",0,0,0.09179778444881183,1.3639886036055924,0.6559398647502834,-0.6454347264697414,0.08913581800905887,0.3738688245995476,0.2610404085392533,0.3738688245995476,0.4866972406598419,301.0,292.0,287.0,11.0,0.3738688245995476,0.5641420803014716,14.0,Dominado por rareza,Rareza,0.7503940547476008,0.7794752640484426,1.157452788691043,1.2014696741078175,0.18293853110111424,0.17116739925186739,0.1780754940817648,1.0,0.3812100498068588,0.06281435887365583,0.22651256225857352,416.0,234.0,0.9060502490342941,1.0,1.7279747549525293,-1.5496451515354752,0.030012686541682033,-0.6876167590336059,-0.3310191299741076,-0.11836896865719373,0.649444724332729,-1.5236481744151193,-0.40224166154945956,0.35410593035298166,-0.6481640977248081,-0.41018412911609803,117.0,128.0,1
800.0,Certificación de Copias Expedidas por el Sistema de Transporte Convencional,Secretaría de Movilidad y Transporte,Sistema de Transporte Convencional de Hidalgo,Avenida 205 Colonias 42083 Pachuca De Soto Pachuca De Soto,Social,30.0,1.0,2.0,,0.0,0.0,0.0,VERDADERO,,3.0,1.0,0.0,3.4339872044851463,"(3.29, 4.934]",1,1,-1.17297857348804,1.754854912292604,0.8439068264813923,0.7608498199607056,0.2921917612353043,-0.16453587350332388,-0.5679129534972103,-0.16453587350332388,0.23884120649056245,142.0,128.0,88.0,7.0,-0.16453587350332388,2.016885399969432,54.0,Dominado por rareza,Rareza,1.157452788691043,0.8094275863317937,1.157452788691043,0.35774963506849783,0.2821753605887091,0.1777447229249331,0.1780754940817648,0.2977600207297401,0.15424394496436467,0.02229219944632484,0.11836492602302079,72.0,91.0,1.4734597040920834,1.0,2.2953842100103183,-0.020180353603418324,0.25213148232048876,-0.09737585293178269,-0.28986884486284525,-1.166495122531356,0.649444724332729,0.6553325481355352,-0.04979250957154395,0.4599200835136422,-0.24117425187463498,-0.025723025484431672,327.0,334.0,2
804.0,Transferencia de Concesión del Servicio de Transporte Público,Secretaría de Movilidad y Transporte,Sistema de Transporte Convencional de Hidalgo,Avenida 205 Sistema de Transporte Convencional 42083 Pachuca De Soto Pachuca De Soto,Social,30.0,1.0,8.0,,0.0,0.0,0.0,VERDADERO,,9.0,1.0,0.0,3.4339872044851463,"(3.29, 4.934]",3,1,-1.17297857348804,1.754854912292604,0.8439068264813923,0.7608498199607056,0.2921917612353043,-0.16453587350332388,-0.5679129534972103,-0.16453587350332388,0.23884120649056245,142.0,128.0,88.0,-43.0,-0.16453587350332388,2.016885399969432,54.0,Dominado por rareza,Rareza,2.8622008809294686,0.8094275863317937,1.157452788691043,0.35774963506849783,0.6977758173332946,0.1777447229249331,0.1780754940817648,0.2977600207297401,0.23736403631328176,0.038474149267829424,0.22226504020916718,149.5,211.5,1.889060160836669,1.0,2.710984666754904,1.5867219645603792,0.4854962569313858,2.3745329276275564,-0.28986884486284525,-1.166495122531356,0.649444724332729,0.6553325481355352,0.44458924654032383,0.8755205402582278,1.3573374856707445,0.3739049089019132,572.5,529.5,2
810.0,Sustitución Vehicular de Unidades Autorizadas por el Sistema de Transporte Convencional,Secretaría de Movilidad y Transporte,Sistema de Transporte Convencional de Hidalgo,Avenida 205 Sistema de Transporte Convencional 42083 Pachuca De Soto Pachuca De Soto,Social,30.0,1.0,9.0,,0.0,0.0,0.0,VERDADERO,,10.0,1.0,0.0,3.4339872044851463,"(3.29, 4.934]",3,1,-1.17297857348804,1.754854912292604,0.8439068264813923,0.7608498199607056,0.2921917612353043,-0.16453587350332388,-0.5679129534972103,-0.16453587350332388,0.23884120649056245,142.0,128.0,88.0,-43.0,-0.16453587350332388,2.016885399969432,54.0,Dominado por rareza,Rareza,2.8622008809294686,0.8094275863317937,1.157452788691043,0.35774963506849783,0.6977758173332946,0.1777447229249331,0.1780754940817648,0.2977600207297401,0.23736403631328176,0.038474149267829424,0.22226504020916718,149.5,211.5,1.889060160836669,1.0,2.710984666754904,1.5867219645603792,0.4854962569313858,2.3745329276275564,-0.28986884486284525,-1.166495122531356,0.649444724332729,0.6553325481355352,0.44458924654032383,0.8755205402582278,1.3573374856707445,0.3739049089019132,572.5,529.5,2
822.0,Autorización de Cambio de Número de Motor para las Unidades Autorizadas por el Sistema de Transporte Convencional,Secretaría de Movilidad y Transporte,Sistema de Transporte Convencional de Hidalgo,Avenida 205 Sistema de Transporte Convencional 42083 Pachuca De Soto Pachuca De Soto,Social,30.0,1.0,3.0,,0.0,0.0,0.0,VERDADERO,,4.0,1.0,0.0,3.4339872044851463,"(3.29, 4.934]",1,1,-1.17297857348804,1.754854912292604,0.8439068264813923,0.7608498199607056,0.2921917612353043,-0.16453587350332388,-0.5679129534972103,-0.16453587350332388,0.23884120649056245,142.0,128.0,88.0,7.0,-0.16453587350332388,2.016885399969432,54.0,Dominado por rareza,Rareza,1.157452788691043,0.8094275863317937,1.157452788691043,0.35774963506849783,0.2821753605887091,0.1777447229249331,0.1780754940817648,0.2977600207297401,0.15424394496436467,0.02229219944632484,0.11836492602302079,72.0,91.0,1.4734597040920834,1.0,2.2953842100103183,-0.020180353603418324,0.25213148232048876,-0.09737585293178269,-0.28986884486284525,-1.166495122531356,0.649444724332729,0.6553325481355352,-0.04979250957154395,0.4599200835136422,-0.24117425187463498,-0.025723025484431672,327.0,334.0,2
971.0,Cancelación de Actos Jurídicos (Registro Público de la Propiedad y del Comercio),Secretaría de Gobierno,Dirección General del Instituto de la Función Registral,Avenida 907 Las Terrazas 42094 Pachuca De Soto Pachuca De Soto,Ambos,21600.0,1.0,2.0,Nivel 3.5,47334.0,0.0,100.0,VERDADERO,,3.0,1.0,7.0,9.980494888896912,"(9.869, 11.514]",1,1,0.9837395422993063,1.6245897174547026,0.7812625096170339,-0.9357237539840406,0.04722046564330571,0.88250102595817,0.9229964324946245,0.88250102595817,0.8420056194217156,536.0,522.0,487.0,6.0,0.88250102595817,-0.20247703268227235,49.0,Dominado por tiempo,Tiempo,1.157452788691043,0.8094275863317937,2.7862149739515463,0.35774963506849783,0.2821753605887091,0.1777447229249331,0.428662501790275,0.2977600207297401,0.4137687263983655,0.0954284148285493,0.4427709028155218,494.0,559.0,2.771083611262087,0.5,2.842421109471812,0.5452169905767063,0.33424215096459553,-0.09737585293178269,-0.28986884486284525,0.871798306674979,-1.4057321565434482,0.6553325481355352,-0.05316919990551239,0.4599200835136422,-0.24117425187463498,-0.029943888401892216,311.0,317.0,3
976.0,Depósito de Testamento Ológrafo (Registro Público de la Propiedad y del Comercio),Secretaría de Gobierno,Dirección General del Instituto de la Función Registral,Avenida 907 Las Terrazas 42094 Pachuca De Soto Pachuca De Soto,Ambos,21600.0,1.0,2.0,,47334.0,0.0,100.0,VERDADERO,,3.0,1.0,0.0,9.980494888896912,"(9.869, 11.514]",1,1,0.9837395422993063,1.6245897174547026,0.7812625096170339,-0.9357237539840406,0.04722046564330571,0.88250102595817,0.9229964324946245,0.88250102595817,0.8420056194217156,536.0,522.0,487.0,33.0,0.88250102595817,-0.20247703268227235,49.0,Dominado por tiempo,Tiempo,1.157452788691043,0.8094275863317937,1.157452788691043,0.35774963506849783,0.2821753605887091,0.1777447229249331,0.1780754940817648,0.2977600207297401,0.36365132485666346,0.0824731587061028,0.38012415088839424,354.0,465.0,2.5204966035535774,1.0,3.342421109471812,-0.1933620047859594,0.22698091993836575,-0.09737585293178269,-0.28986884486284525,0.871798306674979,0.649444724332729,0.6553325481355352,0.35786617626972306,0.4599200835136422,-0.24117425187463498,0.4838503318171521,540.0,573.0,2
980.0,Devolución de un documento sin inscripción por causas no imputables al Registro Público de la Propiedad.,Secretaría de Gobierno,Dirección General del Instituto de la Función Registral,Avenida 907 Las Terrazas 42084 Pachuca De Soto Pachuca De Soto,Ambos,7200.0,0.0,1.0,Nivel 3.5,47334.0,0.0,100.0,VERDADERO,,1.0,1.0,7.0,8.881975184248867,"(8.224, 9.869]",0,0,0.6218370651655479,1.9459101490553135,0.9357849740192016,-0.25931869873693625,0.14488780248834904,0.7788110195923748,0.716021437821644,0.7788110195923748,0.8416006013631054,461.5,461.5,441.5,15.0,0.7788110195923748,0.31394790885365365,20.0,Dominado por rareza,Rareza,0.7503940547476008,0.7794752640484426,2.7862149739515463,0.35774963506849783,0.18293853110111424,0.17116739925186739,0.428662501790275,0.2977600207297401,0.37186789449307434,0.08539127139516074,0.39039486293390785,376.0,493.0,2.561579451735631,0.5,2.6329169499453564,0.15955631054065464,0.278234006190904,-0.6876167590336059,-0.3310191299741076,0.6699423274268128,-1.4057321565434482,0.6553325481355352,-0.21981863399776272,0.35410593035298166,-0.6481640977248081,-0.1821553446764771,221.0,236.0,3
987.0,Certificado de no Inscripción (Registro Público de la Propiedad y del Comercio),Secretaría de Gobierno,Dirección General del Instituto de la Función Registral,Avenida 907 Las Terrazas 42094 Pachuca De Soto Pachuca De Soto,Ambos,8640.0,2.0,6.0,Nivel 3.5,47334.0,0.0,100.0,VERDADERO,,8.0,1.0,7.0,9.0642735958414,"(8.224, 9.869]",2,2,0.6818944737434162,1.9459101490553135,0.9357849740192016,-0.30181766573522545,0.13875130056071056,0.8088397238813089,0.7580616238261517,0.8088397238813089,0.8596178239364659,475.0,475.0,526.0,-29.0,0.8088397238813089,0.2538905002757854,51.0,Dominado por rareza,Rareza,1.9671875475025984,2.6931245508855346,2.7862149739515463,0.35774963506849783,0.4795805591257976,0.5913916021429794,0.428662501790275,0.2977600207297401,0.5212468815340202,0.11230116846279037,0.5771185967350903,607.0,641.0,3.308474386940361,0.5,3.3798118851500862,2.522862324617251,0.6214486304262924,1.0767509692910755,2.2980662882233824,0.7283999717287417,-1.4057321565434482,0.6553325481355352,0.6705635241670573,1.070972161268777,2.109097271391202,0.5217744086780076,618.0,589.0,0
992.0,Inscripción de accesión de construcciones (Registro Público de la Propiedad y del Comercio),Secretaría de Gobierno,Dirección General del Instituto de la Función Registral,Avenida 907 Las Terrazas 42094 Pachuca De Soto Pachuca De Soto,Ambos,21600.0,1.0,7.0,Nivel 3.5,47334.0,0.0,100.0,VERDADERO,,8.0,1.0,7.0,9.980494888896912,"(9.869, 11.514]",3,1,0.9837395422993063,1.6245897174547026,0.7812625096170339,-0.9357237539840406,0.04722046564330571,0.88250102595817,0.9229964324946245,0.88250102595817,0.8420056194217156,536.0,522.0,487.0,-43.0,0.88250102595817,-0.20247703268227235,49.0,Dominado por tiempo,Tiempo,2.8622008809294686,0.8094275863317937,2.7862149739515463,0.35774963506849783,0.6977758173332946,0.1777447229249331,0.428662501790275,0.2977600207297401,0.49688881774728255,0.11161036465005389,0.5466710170016682,589.5,630.5,3.186684068006673,0.5,3.2580215662163976,2.1521193087405033,0.5676069255754925,2.3745329276275564,-0.28986884486284525,0.871798306674979,-1.4057321565434482,0.6553325481355352,0.44121255620635547,0.8755205402582278,1.3573374856707445,0.36968404598445265,567.5,524.5,3
996.0,Inscripción de actas de asamblea de socios o juntas de administradores (Registro Público de la Propiedad y del Comercio),Secretaría de Gobierno,Dirección General del Instituto de la Función Registral,Avenida 907 Las Terrazas 42094 Pachuca De Soto Pachuca De Soto,Ambos,21600.0,1.0,2.0,Nivel 3.5,47334.0,0.0,100.0,VERDADERO,,3.0,1.0,7.0,9.980494888896912,"(9.869, 11.514]",1,1,0.9837395422993063,1.6245897174547026,0.7812625096170339,-0.9357237539840406,0.04722046564330571,0.88250102595817,0.9229964324946245,0.88250102595817,0.8420056194217156,536.0,522.0,487.0,6.0,0.88250102595817,-0.20247703268227235,49.0,Dominado por tiempo,Tiempo,1.157452788691043,0.8094275863317937,2.7862149739515463,0.35774963506849783,0.2821753605887091,0.1777447229249331,0.428662501790275,0.2977600207297401,0.4137687263983655,0.0954284148285493,0.4427709028155218,494.0,559.0,2.771083611262087,0.5,2.842421109471812,0.5452169905767063,0.33424215096459553,-0.09737585293178269,-0.28986884486284525,0.871798306674979,-1.4057321565434482,0.6553325481355352,-0.05316919990551239,0.4599200835136422,-0.24117425187463498,-0.029943888401892216,311.0,317.0,3
998.0,Inscripción de apeo o deslinde. (Registro Público de la Propiedad y del Comercio),Secretaría de Gobierno,Dirección General del Instituto de la Función Registral,Avenida 907 Las Terrazas 42094 Pachuca De Soto Pachuca De Soto,Ambos,21600.0,1.0,3.0,Nivel 3.5,47334.0,0.0,100.0,VERDADERO,,4.0,1.0,7.0,9.980494888896912,"(9.869, 11.514]",1,1,0.9837395422993063,1.6245897174547026,0.7812625096170339,-0.9357237539840406,0.04722046564330571,0.88250102595817,0.9229964324946245,0.88250102595817,0.8420056194217156,536.0,522.0,487.0,6.0,0.88250102595817,-0.20247703268227235,49.0,Dominado por tiempo,Tiempo,1.157452788691043,0.8094275863317937,2.7862149739515463,0.35774963506849783,0.2821753605887091,0.1777447229249331,0.428662501790275,0.2977600207297401,0.4137687263983655,0.0954284148285493,0.4427709028155218,494.0,559.0,2.771083611262087,0.5,2.842421109471812,0.5452169905767063,0.33424215096459553,-0.09737585293178269,-0.28986884486284525,0.871798306674979,-1.4057321565434482,0.6553325481355352,-0.05316919990551239,0.4599200835136422,-0.24117425187463498,-0.029943888401892216,311.0,317.0,3
1000.0,Inscripción de aportaciones de bienes inmuebles. (Registro Público de la Propiedad y del Comercio),Secretaría de Gobierno,Dirección General del Instituto de la Función Registral,Avenida 907 Las Terrazas 42094 Pachuca De Soto Pachuca De Soto,Ambos,21600.0,1.0,6.0,,47334.0,0.0,100.0,VERDADERO,,7.0,1.0,0.0,9.980494888896912,"(9.869, 11.514]",2,1,0.9837395422993063,1.6245897174547026,0.7812625096170339,-0.9357237539840406,0.04722046564330571,0.88250102595817,0.9229964324946245,0.88250102595817,0.8420056194217156,536.0,522.0,487.0,17.0,0.88250102595817,-0.20247703268227235,49.0,Dominado por tiempo,Tiempo,1.9671875475025984,0.8094275863317937,1.157452788691043,0.35774963506849783,0.4795805591257976,0.1777447229249331,0.1780754940817648,0.2977600207297401,0.40313236456408114,0.0901593894726741,0.4294754505226664,472.5,539.5,2.7179018020906653,1.0,3.5398263080089007,0.5698971928375397,0.3378263699758246,1.0767509692910755,-0.28986884486284525,0.871798306674979,0.649444724332729,0.6553325481355352,0.5926915407142948,0.6573252820507307,0.5180995212722059,0.6736687751038622,602.5,619.5,2
1002.0,Inscripción de compra-venta a plazos con reserva de dominio. (Registro Público de la Propiedad y del Comercio),Secretaría de Gobierno,Dirección General del Instituto de la Función Registral,Avenida 907 Las Terrazas 42094 Pachuca De Soto Pachuca De Soto,Ambos,21600.0,1.0,7.0,Nivel 3.5,47334.0,0.0,100.0,VERDADERO,,8.0,1.0,7.0,9.980494888896912,"(9.869, 11.514]",3,1,0.9837395422993063,1.6245897174547026,0.7812625096170339,-0.9357237539840406,0.04722046564330571,0.88250102595817,0.9229964324946245,0.88250102595817,0.8420056194217156,536.0,522.0,487.0,-43.0,0.88250102595817,-0.20247703268227235,49.0,Dominado por tiempo,Tiempo,2.8622008809294686,0.8094275863317937,2.7862149739515463,0.35774963506849783,0.6977758173332946,0.1777447229249331,0.428662501790275,0.2977600207297401,0.49688881774728255,0.11161036465005389,0.5466710170016682,589.5,630.5,3.186684068006673,0.5,3.2580215662163976,2.1521193087405033,0.5676069255754925,2.3745329276275564,-0.28986884486284525,0.871798306674979,-1.4057321565434482,0.6553325481355352,0.44121255620635547,0.8755205402582278,1.3573374856707445,0.36968404598445265,567.5,524.5,3
1006.0,Inscripción de cualquier clase de testamento. (Registro Público de la Propiedad y del Comercio),Secretaría de Gobierno,Dirección General del Instituto de la Función Registral,Avenida 907 Las Terrazas 42094 Pachuca De Soto Pachuca De Soto,Ambos,21600.0,1.0,3.0,Nivel 3.5,47334.0,0.0,100.0,VERDADERO,,4.0,1.0,7.0,9.980494888896912,"(9.869, 11.514]",1,1,0.9837395422993063,1.6245897174547026,0.7812625096170339,-0.9357237539840406,0.04722046564330571,0.88250102595817,0.9229964324946245,0.88250102595817,0.8420056194217156,536.0,522.0,487.0,6.0,0.88250102595817,-0.20247703268227235,49.0,Dominado por tiempo,Tiempo,1.157452788691043,0.8094275863317937,2.7862149739515463,0.35774963506849783,0.2821753605887091,0.1777447229249331,0.428662501790275,0.2977600207297401,0.4137687263983655,0.0954284148285493,0.4427709028155218,494.0,559.0,2.771083611262087,0.5,2.842421109471812,0.5452169905767063,0.33424215096459553,-0.09737585293178269,-0.28986884486284525,0.871798306674979,-1.4057321565434482,0.6553325481355352,-0.05316919990551239,0.4599200835136422,-0.24117425187463498,-0.029943888401892216,311.0,317.0,3
1007.0,Inscripción de cualquier otro título registrable conforme a la Ley. (Registro Público de la Propiedad y del Comercio),Secretaría de Gobierno,Dirección General del Instituto de la Función Registral,Avenida 907 Las Terrazas 42094 Pachuca De Soto Pachuca De Soto,Ambos,21600.0,1.0,2.0,Nivel 3.5,47334.0,0.0,100.0,VERDADERO,,3.0,1.0,7.0,9.980494888896912,"(9.869, 11.514]",1,1,0.9837395422993063,1.6245897174547026,0.7812625096170339,-0.9357237539840406,0.04722046564330571,0.88250102595817,0.9229964324946245,0.88250102595817,0.8420056194217156,536.0,522.0,487.0,6.0,0.88250102595817,-0.20247703268227235,49.0,Dominado por tiempo,Tiempo,1.157452788691043,0.8094275863317937,2.7862149739515463,0.35774963506849783,0.2821753605887091,0.1777447229249331,0.428662501790275,0.2977600207297401,0.4137687263983655,0.0954284148285493,0.4427709028155218,494.0,559.0,2.771083611262087,0.5,2.842421109471812,0.5452169905767063,0.33424215096459553,-0.09737585293178269,-0.28986884486284525,0.871798306674979,-1.4057321565434482,0.6553325481355352,-0.05316919990551239,0.4599200835136422,-0.24117425187463498,-0.029943888401892216,311.0,317.0,3
1009.0,Inscripción de disolución de la sociedad conyugal en lo referente a bienes inmuebles. (Registro Público de la Propiedad y del Comercio),Secretaría de Gobierno,Dirección General del Instituto de la Función Registral,Avenida 907 Las Terrazas 42094 Pachuca De Soto Pachuca De Soto,Ambos,21600.0,1.0,1.0,Nivel 3.5,47334.0,0.0,100.0,VERDADERO,,2.0,1.0,7.0,9.980494888896912,"(9.869, 11.514]",0,1,0.9837395422993063,1.6245897174547026,0.7812625096170339,-0.9357237539840406,0.04722046564330571,0.88250102595817,0.9229964324946245,0.88250102595817,0.8420056194217156,536.0,522.0,487.0,26.0,0.88250102595817,-0.20247703268227235,49.0,Dominado por tiempo,Tiempo,0.7503940547476008,0.8094275863317937,2.7862149739515463,0.35774963506849783,0.18293853110111424,0.1777447229249331,0.428662501790275,0.2977600207297401,0.39392136050084653,0.09156449848978462,0.4179616954436231,441.0,516.0,2.6718467817744926,0.5,2.7431842799842174,0.16152181227991474,0.27851944909878645,-0.6876167590336059,-0.28986884486284525,0.871798306674979,-1.4057321565434482,0.6553325481355352,-0.17121738112587703,0.36068325402604734,-0.6228659323296433,-0.1253668085156443,240.0,266.0,3
1010.0,Inscripción de división de copropiedad. (Registro Público de la Propiedad y del Comercio),Secretaría de Gobierno,Dirección General del Instituto de la Función Registral,Avenida 907 Las Terrazas 42094 Pachuca De Soto Pachuca De Soto,Ambos,21600.0,1.0,6.0,Nivel 3.5,47334.0,0.0,100.0,VERDADERO,,7.0,1.0,7.0,9.980494888896912,"(9.869, 11.514]",2,1,0.9837395422993063,1.6245897174547026,0.7812625096170339,-0.9357237539840406,0.04722046564330571,0.88250102595817,0.9229964324946245,0.88250102595817,0.8420056194217156,536.0,522.0,487.0,-45.0,0.88250102595817,-0.20247703268227235,49.0,Dominado por tiempo,Tiempo,1.9671875475025984,0.8094275863317937,2.7862149739515463,0.35774963506849783,0.4795805591257976,0.1777447229249331,0.428662501790275,0.2977600207297401,0.45324976610578316,0.1031146455951206,0.49212220244979393,538.5,589.5,2.968488809799176,0.5,3.0398263080089007,1.3084761882002056,0.4450876010020544,1.0767509692910755,-0.28986884486284525,0.871798306674979,-1.4057321565434482,0.6553325481355352,0.18165616453905925,0.6573252820507307,0.5180995212722059,0.159874554884818,464.5,419.5,3
1011.0,Inscripción de documentos de valor determinado referente a sociedades de producción rural. (Registro Público de la Propiedad y del Comercio),Secretaría de Gobierno,Dirección General del Instituto de la Función Registral,Avenida 907 Las Terrazas 42094 Pachuca De Soto Pachuca De Soto,Ambos,21600.0,1.0,2.0,Nivel 3.5,47334.0,0.0,100.0,VERDADERO,,3.0,1.0,7.0,9.980494888896912,"(9.869, 11.514]",1,1,0.9837395422993063,1.6245897174547026,0.7812625096170339,-0.9357237539840406,0.04722046564330571,0.88250102595817,0.9229964324946245,0.88250102595817,0.8420056194217156,536.0,522.0,487.0,6.0,0.88250102595817,-0.20247703268227235,49.0,Dominado por tiempo,Tiempo,1.157452788691043,0.8094275863317937,2.7862149739515463,0.35774963506849783,0.2821753605887091,0.1777447229249331,0.428662501790275,0.2977600207297401,0.4137687263983655,0.0954284148285493,0.4427709028155218,494.0,559.0,2.771083611262087,0.5,2.842421109471812,0.5452169905767063,0.33424215096459553,-0.09737585293178269,-0.28986884486284525,0.871798306674979,-1.4057321565434482,0.6553325481355352,-0.05316919990551239,0.4599200835136422,-0.24117425187463498,-0.029943888401892216,311.0,317.0,3
1013.0,"Inscripción de emisión de obligaciones, acciones, cédula y certificado de participación.. (Registro Público de la Propiedad y del Comercio)",Secretaría de Gobierno,Dirección General del Instituto de la Función Registral,Avenida 907 Las Terrazas 42094 Pachuca De Soto Pachuca De Soto,Ambos,21600.0,1.0,2.0,Nivel 3.5,47334.0,0.0,100.0,VERDADERO,,3.0,1.0,7.0,9.980494888896912,"(9.869, 11.514]",1,1,0.9837395422993063,1.6245897174547026,0.7812625096170339,-0.9357237539840406,0.04722046564330571,0.88250102595817,0.9229964324946245,0.88250102595817,0.8420056194217156,536.0,522.0,487.0,6.0,0.88250102595817,-0.20247703268227235,49.0,Dominado por tiempo,Tiempo,1.157452788691043,0.8094275863317937,2.7862149739515463,0.35774963506849783,0.2821753605887091,0.1777447229249331,0.428662501790275,0.2977600207297401,0.4137687263983655,0.0954284148285493,0.4427709028155218,494.0,559.0,2.771083611262087,0.5,2.842421109471812,0.5452169905767063,0.33424215096459553,-0.09737585293178269,-0.28986884486284525,0.871798306674979,-1.4057321565434482,0.6553325481355352,-0.05316919990551239,0.4599200835136422,-0.24117425187463498,-0.029943888401892216,311.0,317.0,3
1045.0,Inscripción de fusión de sociedades. (Registro Público de la Propiedad y del Comercio),Secretaría de Gobierno,Dirección General del Instituto de la Función Registral,Avenida 907 Las Terrazas 42094 Pachuca De Soto Pachuca De Soto,Ambos,21600.0,1.0,2.0,Nivel 3.5,47334.0,0.0,100.0,VERDADERO,,3.0,1.0,7.0,9.980494888896912,"(9.869, 11.514]",1,1,0.9837395422993063,1.6245897174547026,0.7812625096170339,-0.9357237539840406,0.04722046564330571,0.88250102595817,0.9229964324946245,0.88250102595817,0.8420056194217156,536.0,522.0,487.0,6.0,0.88250102595817,-0.20247703268227235,49.0,Dominado por tiempo,Tiempo,1.157452788691043,0.8094275863317937,2.7862149739515463,0.35774963506849783,0.2821753605887091,0.1777447229249331,0.428662501790275,0.2977600207297401,0.4137687263983655,0.0954284148285493,0.4427709028155218,494.0,559.0,2.771083611262087,0.5,2.842421109471812,0.5452169905767063,0.33424215096459553,-0.09737585293178269,-0.28986884486284525,0.871798306674979,-1.4057321565434482,0.6553325481355352,-0.05316919990551239,0.4599200835136422,-0.24117425187463498,-0.029943888401892216,311.0,317.0,3
1046.0,Inscripción de informaciones posesorías. (Registro Público de la Propiedad y del Comercio),Secretaría de Gobierno,Dirección General del Instituto de la Función Registral,Avenida 907 Las Terrazas 42094 Pachuca De Soto Pachuca De Soto,Ambos,21600.0,1.0,4.0,Nivel 3.5,47334.0,0.0,100.0,VERDADERO,,5.0,1.0,7.0,9.980494888896912,"(9.869, 11.514]",2,1,0.9837395422993063,1.6245897174547026,0.7812625096170339,-0.9357237539840406,0.04722046564330571,0.88250102595817,0.9229964324946245,0.88250102595817,0.8420056194217156,536.0,522.0,487.0,-45.0,0.88250102595817,-0.20247703268227235,49.0,Dominado por tiempo,Tiempo,1.9671875475025984,0.8094275863317937,2.7862149739515463,0.35774963506849783,0.4795805591257976,0.1777447229249331,0.428662501790275,0.2977600207297401,0.45324976610578316,0.1031146455951206,0.49212220244979393,538.5,589.5,2.968488809799176,0.5,3.0398263080089007,1.3084761882002056,0.4450876010020544,1.0767509692910755,-0.28986884486284525,0.871798306674979,-1.4057321565434482,0.6553325481355352,0.18165616453905925,0.6573252820507307,0.5180995212722059,0.159874554884818,464.5,419.5,3
1048.0,Inscripción de la autorización para vender o gravar bienes de menores o incapaces. (Registro Público de la Propiedad y del Comercio),Secretaría de Gobierno,Dirección General del Instituto de la Función Registral,Avenida 907 Las Terrazas 42094 Pachuca De Soto Pachuca De Soto,Ambos,21600.0,1.0,2.0,Nivel 3.5,47334.0,0.0,100.0,VERDADERO,,3.0,1.0,7.0,9.980494888896912,"(9.869, 11.514]",1,1,0.9837395422993063,1.6245897174547026,0.7812625096170339,-0.9357237539840406,0.04722046564330571,0.88250102595817,0.9229964324946245,0.88250102595817,0.8420056194217156,536.0,522.0,487.0,6.0,0.88250102595817,-0.20247703268227235,49.0,Dominado por tiempo,Tiempo,1.157452788691043,0.8094275863317937,2.7862149739515463,0.35774963506849783,0.2821753605887091,0.1777447229249331,0.428662501790275,0.2977600207297401,0.4137687263983655,0.0954284148285493,0.4427709028155218,494.0,559.0,2.771083611262087,0.5,2.842421109471812,0.5452169905767063,0.33424215096459553,-0.09737585293178269,-0.28986884486284525,0.871798306674979,-1.4057321565434482,0.6553325481355352,-0.05316919990551239,0.4599200835136422,-0.24117425187463498,-0.029943888401892216,311.0,317.0,3
1050.0,Inscripción de la cancelación de créditos otorgados por Instituciones de crédito. (Registro Público de la Propiedad y del Comercio),Secretaría de Gobierno,Dirección General del Instituto de la Función Registral,Avenida 907 Las Terrazas 42094 Pachuca De Soto Pachuca De Soto,Ambos,21600.0,1.0,3.0,Nivel 3.5,47334.0,0.0,100.0,VERDADERO,,4.0,1.0,7.0,9.980494888896912,"(9.869, 11.514]",1,1,0.9837395422993063,1.6245897174547026,0.7812625096170339,-0.9357237539840406,0.04722046564330571,0.88250102595817,0.9229964324946245,0.88250102595817,0.8420056194217156,536.0,522.0,487.0,6.0,0.88250102595817,-0.20247703268227235,49.0,Dominado por tiempo,Tiempo,1.157452788691043,0.8094275863317937,2.7862149739515463,0.35774963506849783,0.2821753605887091,0.1777447229249331,0.428662501790275,0.2977600207297401,0.4137687263983655,0.0954284148285493,0.4427709028155218,494.0,559.0,2.771083611262087,0.5,2.842421109471812,0.5452169905767063,0.33424215096459553,-0.09737585293178269,-0.28986884486284525,0.871798306674979,-1.4057321565434482,0.6553325481355352,-0.05316919990551239,0.4599200835136422,-0.24117425187463498,-0.029943888401892216,311.0,317.0,3
1053.0,Inscripción de la modificación al Acta Constitutiva que no implique aumento de capital. (Registro Público de la Propiedad y del Comercio),Secretaría de Gobierno,Dirección General del Instituto de la Función Registral,Avenida 907 Las Terrazas 42094 Pachuca De Soto Pachuca De Soto,Ambos,21600.0,1.0,2.0,Nivel 3.5,0.0,0.0,0.0,VERDADERO,,3.0,1.0,7.0,9.980494888896912,"(9.869, 11.514]",1,1,0.9837395422993063,1.6245897174547026,0.7812625096170339,-0.9357237539840406,0.04722046564330571,0.88250102595817,0.9229964324946245,0.88250102595817,0.8420056194217156,536.0,522.0,487.0,6.0,0.88250102595817,-0.20247703268227235,49.0,Dominado por tiempo,Tiempo,1.157452788691043,0.8094275863317937,2.7862149739515463,0.35774963506849783,0.2821753605887091,0.1777447229249331,0.428662501790275,0.2977600207297401,0.4137687263983655,0.0954284148285493,0.4427709028155218,494.0,559.0,2.771083611262087,0.5,2.842421109471812,0.5452169905767063,0.33424215096459553,-0.09737585293178269,-0.28986884486284525,0.871798306674979,-1.4057321565434482,0.6553325481355352,-0.05316919990551239,0.4599200835136422,-0.24117425187463498,-0.029943888401892216,311.0,317.0,3
1056.0,Inscripción de limitaciones o gravámenes a la propiedad de inmuebles. (Registro Público de la Propiedad y del Comercio),Secretaría de Gobierno,Dirección General del Instituto de la Función Registral,Avenida 907 Las Terrazas 42094 Pachuca De Soto Pachuca De Soto,Ambos,21600.0,1.0,2.0,Nivel 3.5,0.0,0.0,0.0,VERDADERO,,3.0,1.0,7.0,9.980494888896912,"(9.869, 11.514]",1,1,0.9837395422993063,1.6245897174547026,0.7812625096170339,-0.9357237539840406,0.04722046564330571,0.88250102595817,0.9229964324946245,0.88250102595817,0.8420056194217156,536.0,522.0,487.0,6.0,0.88250102595817,-0.20247703268227235,49.0,Dominado por tiempo,Tiempo,1.157452788691043,0.8094275863317937,2.7862149739515463,0.35774963506849783,0.2821753605887091,0.1777447229249331,0.428662501790275,0.2977600207297401,0.4137687263983655,0.0954284148285493,0.4427709028155218,494.0,559.0,2.771083611262087,0.5,2.842421109471812,0.5452169905767063,0.33424215096459553,-0.09737585293178269,-0.28986884486284525,0.871798306674979,-1.4057321565434482,0.6553325481355352,-0.05316919990551239,0.4599200835136422,-0.24117425187463498,-0.029943888401892216,311.0,317.0,3
1057.0,Inscripción de operaciones que limiten o graven bienes muebles. (Registro Público de la Propiedad y del Comercio),Secretaría de Gobierno,Dirección General del Instituto de la Función Registral,Avenida 907 Las Terrazas 42094 Pachuca De Soto Pachuca De Soto,Ambos,21600.0,1.0,2.0,Nivel 3.5,0.0,0.0,0.0,VERDADERO,,3.0,1.0,7.0,9.980494888896912,"(9.869, 11.514]",1,1,0.9837395422993063,1.6245897174547026,0.7812625096170339,-0.9357237539840406,0.04722046564330571,0.88250102595817,0.9229964324946245,0.88250102595817,0.8420056194217156,536.0,522.0,487.0,6.0,0.88250102595817,-0.20247703268227235,49.0,Dominado por tiempo,Tiempo,1.157452788691043,0.8094275863317937,2.7862149739515463,0.35774963506849783,0.2821753605887091,0.1777447229249331,0.428662501790275,0.2977600207297401,0.4137687263983655,0.0954284148285493,0.4427709028155218,494.0,559.0,2.771083611262087,0.5,2.842421109471812,0.5452169905767063,0.33424215096459553,-0.09737585293178269,-0.28986884486284525,0.871798306674979,-1.4057321565434482,0.6553325481355352,-0.05316919990551239,0.4599200835136422,-0.24117425187463498,-0.029943888401892216,311.0,317.0,3
1059.0,Inscripción de poderes. (Registro Público de la Propiedad y del Comercio),Secretaría de Gobierno,Dirección General del Instituto de la Función Registral,Avenida 907 Las Terrazas 42094 Pachuca De Soto Pachuca De Soto,Ambos,21600.0,1.0,2.0,Nivel 3.5,0.0,0.0,0.0,VERDADERO,,3.0,1.0,7.0,9.980494888896912,"(9.869, 11.514]",1,1,0.9837395422993063,1.6245897174547026,0.7812625096170339,-0.9357237539840406,0.04722046564330571,0.88250102595817,0.9229964324946245,0.88250102595817,0.8420056194217156,536.0,522.0,487.0,6.0,0.88250102595817,-0.20247703268227235,49.0,Dominado por tiempo,Tiempo,1.157452788691043,0.8094275863317937,2.7862149739515463,0.35774963506849783,0.2821753605887091,0.1777447229249331,0.428662501790275,0.2977600207297401,0.4137687263983655,0.0954284148285493,0.4427709028155218,494.0,559.0,2.771083611262087,0.5,2.842421109471812,0.5452169905767063,0.33424215096459553,-0.09737585293178269,-0.28986884486284525,0.871798306674979,-1.4057321565434482,0.6553325481355352,-0.05316919990551239,0.4599200835136422,-0.24117425187463498,-0.029943888401892216,311.0,317.0,3
1061.0,Inscripción de providencias precautorias de carácter mercantil. (Registro Público de la Propiedad y del Comercio),Secretaría de Gobierno,Dirección General del Instituto de la Función Registral,Avenida 907 Las Terrazas 42094 Pachuca De Soto Pachuca De Soto,Ambos,21600.0,1.0,2.0,Nivel 3.5,0.0,0.0,0.0,VERDADERO,,3.0,1.0,7.0,9.980494888896912,"(9.869, 11.514]",1,1,0.9837395422993063,1.6245897174547026,0.7812625096170339,-0.9357237539840406,0.04722046564330571,0.88250102595817,0.9229964324946245,0.88250102595817,0.8420056194217156,536.0,522.0,487.0,6.0,0.88250102595817,-0.20247703268227235,49.0,Dominado por tiempo,Tiempo,1.157452788691043,0.8094275863317937,2.7862149739515463,0.35774963506849783,0.2821753605887091,0.1777447229249331,0.428662501790275,0.2977600207297401,0.4137687263983655,0.0954284148285493,0.4427709028155218,494.0,559.0,2.771083611262087,0.5,2.842421109471812,0.5452169905767063,0.33424215096459553,-0.09737585293178269,-0.28986884486284525,0.871798306674979,-1.4057321565434482,0.6553325481355352,-0.05316919990551239,0.4599200835136422,-0.24117425187463498,-0.029943888401892216,311.0,317.0,3
1062.0,Inscripción de resoluciones de información Ad'perpetuam. (Registro Público de la Propiedad y del Comercio),Secretaría de Gobierno,Dirección General del Instituto de la Función Registral,Avenida 907 Las Terrazas 42094 Pachuca De Soto Pachuca De Soto,Ambos,21600.0,1.0,5.0,Nivel 3.5,0.0,0.0,0.0,VERDADERO,,6.0,1.0,7.0,9.980494888896912,"(9.869, 11.514]",2,1,0.9837395422993063,1.6245897174547026,0.7812625096170339,-0.9357237539840406,0.04722046564330571,0.88250102595817,0.9229964324946245,0.88250102595817,0.8420056194217156,536.0,522.0,487.0,-45.0,0.88250102595817,-0.20247703268227235,49.0,Dominado por tiempo,Tiempo,1.9671875475025984,0.8094275863317937,2.7862149739515463,0.35774963506849783,0.4795805591257976,0.1777447229249331,0.428662501790275,0.2977600207297401,0.45324976610578316,0.1031146455951206,0.49212220244979393,538.5,589.5,2.968488809799176,0.5,3.0398263080089007,1.3084761882002056,0.4450876010020544,1.0767509692910755,-0.28986884486284525,0.871798306674979,-1.4057321565434482,0.6553325481355352,0.18165616453905925,0.6573252820507307,0.5180995212722059,0.159874554884818,464.5,419.5,3
1063.0,Inscripción de revocación o renuncia de poderes. (Registro Público de la Propiedad y del Comercio),Secretaría de Gobierno,Dirección General del Instituto de la Función Registral,Avenida 907 Las Terrazas 42084 Pachuca De Soto Pachuca De Soto,Ambos,21600.0,1.0,2.0,Nivel 3.5,0.0,0.0,0.0,VERDADERO,,3.0,1.0,7.0,9.980494888896912,"(9.869, 11.514]",1,1,0.9837395422993063,1.6245897174547026,0.7812625096170339,-0.9357237539840406,0.04722046564330571,0.88250102595817,0.9229964324946245,0.88250102595817,0.8420056194217156,536.0,522.0,487.0,6.0,0.88250102595817,-0.20247703268227235,49.0,Dominado por tiempo,Tiempo,1.157452788691043,0.8094275863317937,2.7862149739515463,0.35774963506849783,0.2821753605887091,0.1777447229249331,0.428662501790275,0.2977600207297401,0.4137687263983655,0.0954284148285493,0.4427709028155218,494.0,559.0,2.771083611262087,0.5,2.842421109471812,0.5452169905767063,0.33424215096459553,-0.09737585293178269,-0.28986884486284525,0.871798306674979,-1.4057321565434482,0.6553325481355352,-0.05316919990551239,0.4599200835136422,-0.24117425187463498,-0.029943888401892216,311.0,317.0,3
1065.0,Inscripción de suspensión de pagos o declaración de concursos. (Registro Público de la Propiedad y del Comercio),Secretaría de Gobierno,Dirección General del Instituto de la Función Registral,Avenida 907 Las Terrazas 42094 Pachuca De Soto Pachuca De Soto,Ambos,21600.0,1.0,2.0,,0.0,0.0,0.0,VERDADERO,,3.0,1.0,0.0,9.980494888896912,"(9.869, 11.514]",1,1,0.9837395422993063,1.6245897174547026,0.7812625096170339,-0.9357237539840406,0.04722046564330571,0.88250102595817,0.9229964324946245,0.88250102595817,0.8420056194217156,536.0,522.0,487.0,33.0,0.88250102595817,-0.20247703268227235,49.0,Dominado por tiempo,Tiempo,1.157452788691043,0.8094275863317937,1.157452788691043,0.35774963506849783,0.2821753605887091,0.1777447229249331,0.1780754940817648,0.2977600207297401,0.36365132485666346,0.0824731587061028,0.38012415088839424,354.0,465.0,2.5204966035535774,1.0,3.342421109471812,-0.1933620047859594,0.22698091993836575,-0.09737585293178269,-0.28986884486284525,0.871798306674979,0.649444724332729,0.6553325481355352,0.35786617626972306,0.4599200835136422,-0.24117425187463498,0.4838503318171521,540.0,573.0,2
1066.0,Inscripción de todas las operaciones que impliquen transmisión de propiedad. (Registro Público de la Propiedad y del Comercio),Secretaría de Gobierno,Dirección General del Instituto de la Función Registral,Avenida 907 Las Terrazas 42094 Pachuca De Soto Pachuca De Soto,Ambos,21600.0,1.0,6.0,,0.0,0.0,0.0,VERDADERO,,7.0,1.0,0.0,9.980494888896912,"(9.869, 11.514]",2,1,0.9837395422993063,1.6245897174547026,0.7812625096170339,-0.9357237539840406,0.04722046564330571,0.88250102595817,0.9229964324946245,0.88250102595817,0.8420056194217156,536.0,522.0,487.0,17.0,0.88250102595817,-0.20247703268227235,49.0,Dominado por tiempo,Tiempo,1.9671875475025984,0.8094275863317937,1.157452788691043,0.35774963506849783,0.4795805591257976,0.1777447229249331,0.1780754940817648,0.2977600207297401,0.40313236456408114,0.0901593894726741,0.4294754505226664,472.5,539.5,2.7179018020906653,1.0,3.5398263080089007,0.5698971928375397,0.3378263699758246,1.0767509692910755,-0.28986884486284525,0.871798306674979,0.649444724332729,0.6553325481355352,0.5926915407142948,0.6573252820507307,0.5180995212722059,0.6736687751038622,602.5,619.5,2
1067.0,Inscripción del auto de ejecución de embargo. (Registro Público de la Propiedad y del Comercio),Secretaría de Gobierno,Dirección General del Instituto de la Función Registral,Avenida 907 Las Terrazas 42094 Pachuca De Soto Pachuca De Soto,Ambos,21600.0,1.0,3.0,,0.0,0.0,0.0,VERDADERO,,4.0,1.0,0.0,9.980494888896912,"(9.869, 11.514]",1,1,0.9837395422993063,1.6245897174547026,0.7812625096170339,-0.9357237539840406,0.04722046564330571,0.88250102595817,0.9229964324946245,0.88250102595817,0.8420056194217156,536.0,522.0,487.0,33.0,0.88250102595817,-0.20247703268227235,49.0,Dominado por tiempo,Tiempo,1.157452788691043,0.8094275863317937,1.157452788691043,0.35774963506849783,0.2821753605887091,0.1777447229249331,0.1780754940817648,0.2977600207297401,0.36365132485666346,0.0824731587061028,0.38012415088839424,354.0,465.0,2.5204966035535774,1.0,3.342421109471812,-0.1933620047859594,0.22698091993836575,-0.09737585293178269,-0.28986884486284525,0.871798306674979,0.649444724332729,0.6553325481355352,0.35786617626972306,0.4599200835136422,-0.24117425187463498,0.4838503318171521,540.0,573.0,2
1070.0,Inscripción por asociación en participación. (Registro Público de la Propiedad y del Comercio),Secretaría de Gobierno,Dirección General del Instituto de la Función Registral,Avenida 907 Las Terrazas 42094 Pachuca De Soto Pachuca De Soto,Ambos,21600.0,1.0,3.0,,0.0,0.0,0.0,VERDADERO,,4.0,1.0,0.0,9.980494888896912,"(9.869, 11.514]",1,1,0.9837395422993063,1.6245897174547026,0.7812625096170339,-0.9357237539840406,0.04722046564330571,0.88250102595817,0.9229964324946245,0.88250102595817,0.8420056194217156,536.0,522.0,487.0,33.0,0.88250102595817,-0.20247703268227235,49.0,Dominado por tiempo,Tiempo,1.157452788691043,0.8094275863317937,1.157452788691043,0.35774963506849783,0.2821753605887091,0.1777447229249331,0.1780754940817648,0.2977600207297401,0.36365132485666346,0.0824731587061028,0.38012415088839424,354.0,465.0,2.5204966035535774,1.0,3.342421109471812,-0.1933620047859594,0.22698091993836575,-0.09737585293178269,-0.28986884486284525,0.871798306674979,0.649444724332729,0.6553325481355352,0.35786617626972306,0.4599200835136422,-0.24117425187463498,0.4838503318171521,540.0,573.0,2
1073.0,Inscripción por Repudio de Herencia. (Registro Público de la Propiedad y del Comercio),Secretaría de Gobierno,Dirección General del Instituto de la Función Registral,Avenida 907 Las Terrazas 42094 Pachuca De Soto Pachuca De Soto,Ambos,21600.0,1.0,2.0,,47334.0,0.0,100.0,VERDADERO,,3.0,1.0,0.0,9.980494888896912,"(9.869, 11.514]",1,1,0.9837395422993063,1.6245897174547026,0.7812625096170339,-0.9357237539840406,0.04722046564330571,0.88250102595817,0.9229964324946245,0.88250102595817,0.8420056194217156,536.0,522.0,487.0,33.0,0.88250102595817,-0.20247703268227235,49.0,Dominado por tiempo,Tiempo,1.157452788691043,0.8094275863317937,1.157452788691043,0.35774963506849783,0.2821753605887091,0.1777447229249331,0.1780754940817648,0.2977600207297401,0.36365132485666346,0.0824731587061028,0.38012415088839424,354.0,465.0,2.5204966035535774,1.0,3.342421109471812,-0.1933620047859594,0.22698091993836575,-0.09737585293178269,-0.28986884486284525,0.871798306674979,0.649444724332729,0.6553325481355352,0.35786617626972306,0.4599200835136422,-0.24117425187463498,0.4838503318171521,540.0,573.0,2
1137.0,Registro de Perito,Secretaría de Educación Pública,Secretaría de Educación Pública,Circuito Lote 17 San Juan Tilcuautla 42186 San Agustín Tlaxiaca San Agustín Tlaxiaca,Social,4320.0,2.0,5.0,Nivel 2,2.0,0.0,100.0,VERDADERO,,7.0,1.0,2.0,8.371242135931933,"(8.224, 9.869]",2,2,0.4535783124477769,1.9459101490553135,0.9357849740192016,-0.14025223635945364,0.16208002214691,0.6946816432334892,0.5982403109192043,0.6946816432334892,0.7911229755477741,426.5,419.5,406.5,-2.0,0.6946816432334892,0.48220666157142467,20.0,Dominado por rareza,Rareza,1.9671875475025984,2.6931245508855346,2.2512917986064953,0.35774963506849783,0.4795805591257976,0.5913916021429794,0.3463639323142087,0.2977600207297401,0.48195555150924296,0.10148485296635257,0.5280044342041188,574.0,615.0,3.1120177368164748,0.8571428571428572,3.6227966616451233,2.014187836482471,0.5475756227567707,1.0767509692910755,2.2980662882233824,0.5061655253640223,0.06225132979667862,0.6553325481355352,0.9197133321621388,1.070972161268777,2.109097271391202,0.8332116686718596,642.0,640.0,0
1171.0,Atención a Personas que Acuden a Realizar Donación de Sangre,Secretaría de Salud,Secretaría de Salud,Calle 1 Venta Prieta 42086 Pachuca De Soto Pachuca De Soto,Social,180.0,0.0,4.0,Nivel 1,42791.0,30151.0,58.6644183,FALSO,,4.0,0.0,1.0,5.198497031265826,"(4.934, 6.579]",2,0,-0.5916685846577694,3.791736839553644,1.8234399782600113,3.013870719096663,0.6175094822781292,0.6158856968011209,0.1328639842175648,0.6158856968011209,1.098907409384677,223.5,393.5,619.5,-54.0,0.6158856968011209,2.415108562917781,396.0,Dominado por rareza,Rareza,1.9671875475025984,0.7794752640484426,0.9314425368947573,1.2014696741078175,0.4795805591257976,0.17116739925186739,0.14330354688063304,1.0,0.48198744041188385,0.08647730980233886,0.35248430051485474,575.0,417.0,1.409937202059419,0.9285714285714286,2.1952050837502144,-0.33720948526887157,0.20609045604283827,1.0767509692910755,-0.3310191299741076,0.3527714473293375,0.3558480270647038,-1.5236481744151193,-0.013859372140822047,0.650747958377665,0.4928013558770408,-0.08055683603600933,353.0,299.0,1
1172.0,"Por la supervisión y emisión de opiniones técnicas diversas relacionadas con Gas L.P., estaciones de carburación, bodega y derivados del Petróleo",Secretaría de Gobierno,Subsecretaría de Protección Civil y Gestión de Riesgos,Calle 115 Revolución 42090 Pachuca De Soto Pachuca De Soto,Ambos,43200.0,0.0,0.0,Nivel 1,0.0,0.0,0.0,VERDADERO,,0.0,1.0,1.0,10.673618922112436,"(9.869, 11.514]",0,0,1.2120862014627916,1.6245897174547026,0.7812625096170339,-1.0973107648417608,0.023888627868291986,0.9966743555399127,1.0828390939090642,0.9966743555399127,0.9105096171707612,602.0,602.0,578.0,29.0,0.9966743555399127,-0.43082369184575764,24.0,Dominado por tiempo,Tiempo,0.7503940547476008,0.7794752640484426,0.9314425368947573,0.35774963506849783,0.18293853110111424,0.17116739925186739,0.14330354688063304,0.2977600207297401,0.3583687707006535,0.08316053661811687,0.3735209581933818,338.5,450.0,2.4940838327735273,0.9285714285714286,3.279351714464323,-0.509546359255332,0.18106257768309258,-0.6876167590336059,-0.3310191299741076,1.0940624385281792,0.3558480270647038,0.6553325481355352,0.21732142494414095,0.35410593035298166,-0.6481640977248081,0.36426972900090254,488.5,517.5,2
1193.0,"Solicitud de Licencia Sanitaria para Farmacias, o Boticas con Venta de Medicamentos Controlados",Secretaría de Salud,Secretaría de Salud,Cerrada 115 Cubitos 42090 Pachuca De Soto Pachuca De Soto,Ambos,86400.0,0.0,2.0,Nivel 1,31.0,10.0,75.6097561,VERDADERO,,2.0,1.0,1.0,11.366754528799243,"(9.869, 11.514]",1,0,1.4404366734554037,1.6245897174547026,0.7812625096170339,-1.2589004738062273,0.0005564005088149505,1.1108495915362189,1.2426844243038928,1.1108495915362189,0.9790147587685449,625.5,625.5,608.5,34.0,1.1108495915362189,-0.6591741638383698,17.0,Dominado por tiempo,Tiempo,1.157452788691043,0.7794752640484426,0.9314425368947573,0.35774963506849783,0.2821753605887091,0.17116739925186739,0.14330354688063304,0.2977600207297401,0.4010511837974337,0.09358694872900111,0.4268739745643571,456.0,530.0,2.707495898257428,0.9285714285714286,3.4927637799482243,-0.14473595560608754,0.23404271011615704,-0.09737585293178269,-0.3310191299741076,1.3163302816472193,0.3558480270647038,0.6553325481355352,0.3798231747883136,0.4533427598405765,-0.26647241726980003,0.5152596098944145,552.0,586.0,2
1224.0,Autorización de Campañas o Jornadas Médicas para Prestación de Servicios de Salud.,Secretaría de Salud,Secretaría de Salud,Cerrada 115 Cubitos 42090 Pachuca De Soto Pachuca De Soto,Social,21600.0,3.0,2.0,Nivel 1,23.0,3.0,88.46153846,FALSO,,5.0,0.0,1.0,9.980494888896912,"(9.869, 11.514]",1,3,0.9837395422993063,1.6245897174547026,0.7812625096170339,-0.9357237539840406,0.04722046564330571,0.88250102595817,0.9229964324946245,0.88250102595817,0.8420056194217156,536.0,522.0,487.0,-32.0,0.88250102595817,-0.20247703268227235,49.0,Dominado por tiempo,Tiempo,1.157452788691043,4.014880390867853,0.9314425368947573,1.2014696741078175,0.2821753605887091,0.881640080844775,0.14330354688063304,1.0,0.6379240028544575,0.11716605146085637,0.5474050035680718,653.0,633.0,2.189620014272287,0.9285714285714286,2.974887895963083,0.9203146769797987,0.38871626930711695,-0.09737585293178269,4.113973220187095,0.871798306674979,0.3558480270647038,-1.5236481744151193,0.7441191053159752,1.163815441433484,2.466197632295538,0.5425489479050253,623.0,591.0,0
1386.0,Autenticación y Registro de Certificados de Estudios de nivel licenciatura y posgrado,Secretaría de Educación Pública,Secretaría de Educación Pública,Circuito Lote 17 Ex Hacienda La Concepción 42160 San Agustín Tlaxiaca San Agustín Tlaxiaca,Empresarial,7200.0,1.0,13.0,Nivel 1,1913.0,0.0,100.0,VERDADERO,,14.0,1.0,1.0,8.881975184248867,"(8.224, 9.869]",4,1,0.6218370651655479,1.9459101490553135,0.9357849740192016,-0.25931869873693625,0.14488780248834904,0.7788110195923748,0.716021437821644,0.7788110195923748,0.8416006013631054,461.5,461.5,441.5,0.0,0.7788110195923748,0.31394790885365365,20.0,Dominado por rareza,Rareza,4.1018917678574836,0.8094275863317937,0.9314425368947573,0.35774963506849783,1.0,0.1777447229249331,0.14330354688063304,0.2977600207297401,0.4795238620255362,0.10266507524950101,0.5249648223494852,568.5,610.5,3.0998592893979406,0.9285714285714286,3.8851271710887367,2.704739649142605,0.6478620348784017,4.17210220048888,-0.28986884486284525,0.6699423274268128,0.3558480270647038,0.6553325481355352,1.1126712516506174,1.1777447229249332,2.519773415474571,1.0502240795254056,653.5,653.5,2
1499.0,Solicitud de Visita de Verificación de Medicamentos que Sean o Contengan Estupefacientes Modalidad A. Destrucción.,Secretaría de Salud,Secretaría de Salud,Cerrada 115 Adolfo Lopez Mateos 42090 Pachuca De Soto Pachuca De Soto,Ambos,43200.0,0.0,3.0,Nivel 1,5.0,0.0,100.0,VERDADERO,,3.0,1.0,1.0,10.673618922112436,"(9.869, 11.514]",1,0,1.2120862014627916,1.6245897174547026,0.7812625096170339,-1.0973107648417608,0.023888627868291986,0.9966743555399127,1.0828390939090642,0.9966743555399127,0.9105096171707612,602.0,602.0,578.0,37.0,0.9966743555399127,-0.43082369184575764,24.0,Dominado por tiempo,Tiempo,1.157452788691043,0.7794752640484426,0.9314425368947573,0.35774963506849783,0.2821753605887091,0.17116739925186739,0.14330354688063304,0.2977600207297401,0.3782161365981725,0.08702445295688155,0.39833016556528056,404.0,500.5,2.5933206622611222,0.9285714285714286,3.378588543951918,-0.12585118095854067,0.23678527954890158,-0.09737585293178269,-0.3310191299741076,1.0940624385281792,0.3558480270647038,0.6553325481355352,0.3353696061645056,0.4533427598405765,-0.26647241726980003,0.4596926491146545,529.0,566.0,2
1527.0,Reinscripción nivel licenciatura UPH,Secretaría de Educación Pública,Universidad Politécnica de Huejutla,Calle s/n tepoxtequito 43000 Huejutla De Reyes Huejutla De Reyes,Social,30.0,1.0,1.0,Nivel 2,450.0,0.0,100.0,VERDADERO,,2.0,1.0,2.0,3.4339872044851463,"(3.29, 4.934]",0,1,-1.17297857348804,1.754854912292604,0.8439068264813923,0.7608498199607056,0.2921917612353043,-0.16453587350332388,-0.5679129534972103,-0.16453587350332388,0.23884120649056245,142.0,128.0,88.0,16.0,-0.16453587350332388,2.016885399969432,54.0,Dominado por rareza,Rareza,0.7503940547476008,0.8094275863317937,2.2512917986064953,0.35774963506849783,0.18293853110111424,0.1777447229249331,0.3463639323142087,0.2977600207297401,0.16805426671333445,0.0271287334608519,0.13562782820923305,86.5,112.5,1.542511312836932,0.8571428571428572,2.053290237665581,-0.192852961796591,0.22705484646217397,-0.6876167590336059,-0.28986884486284525,-1.166495122531356,0.06225132979667862,0.6553325481355352,-0.28527936969911866,0.36068325402604734,-0.6228659323296433,-0.26794429423219635,172.5,188.5,2
1529.0,Exámen de Ingreso a nivel licenciatura UPH,Secretaría de Educación Pública,Universidad Politécnica de Huejutla,Calle SN Tepoxtequito 43000 Huejutla De Reyes Huejutla De Reyes,Social,1440.0,1.0,2.0,,390.0,0.0,100.0,VERDADERO,,3.0,1.0,0.0,7.273092595999522,"(6.579, 8.224]",1,1,0.09179778444881183,1.3639886036055924,0.6559398647502834,-0.6454347264697414,0.08913581800905887,0.3738688245995476,0.2610404085392533,0.3738688245995476,0.4866972406598419,301.0,292.0,287.0,7.0,0.3738688245995476,0.5641420803014716,14.0,Dominado por rareza,Rareza,1.157452788691043,0.8094275863317937,1.157452788691043,0.35774963506849783,0.2821753605887091,0.1777447229249331,0.1780754940817648,0.2977600207297401,0.261924884584939,0.053238301936568144,0.2529661005487387,192.0,286.5,2.0118644021949548,1.0,2.8337889081131897,-0.1092333895277954,0.23919862297863673,-0.09737585293178269,-0.28986884486284525,-0.11836896865719373,0.649444724332729,0.6553325481355352,0.1598327212032885,0.4599200835136422,-0.24117425187463498,0.23630851298410888,451.0,458.0,2
1548.0,Levantamiento Topográficos de Predios (Catastral),Secretaría de Hacienda,Instituto Catastral,Calle 105 Real de Minas 42090 Pachuca De Soto Pachuca De Soto,Ambos,5760.0,1.0,3.0,Nivel 1,0.0,0.0,0.0,VERDADERO,,4.0,1.0,1.0,8.658866349732383,"(8.224, 9.869]",1,1,0.5483348425469642,1.9459101490553135,0.9357849740192016,-0.2073056564272946,0.1523980587825387,0.7420599082830829,0.6645698819886354,0.7420599082830829,0.8195499345775303,449.0,444.0,429.0,5.0,0.7420599082830829,0.3874501314722374,20.0,Dominado por rareza,Rareza,1.157452788691043,0.8094275863317937,0.9314425368947573,0.35774963506849783,0.2821753605887091,0.1777447229249331,0.14330354688063304,0.2977600207297401,0.32860871188141966,0.0726032714521997,0.3363208846693395,294.0,395.0,2.345283538677358,0.9285714285714286,3.1305514203681537,-0.06462152440645703,0.24567744731744864,-0.09737585293178269,-0.28986884486284525,0.598398001972488,0.3558480270647038,0.6553325481355352,0.24446677587561982,0.4599200835136422,-0.24117425187463498,0.342101081324523,500.0,505.0,2
1609.0,Prorroga de Trámite Modalidad Autorización de Fraccionamiento,Secretaría de Infraestructura Pública y Desarrollo Urbano Sostenible,Secretaría de Infraestructura Pública y Desarrollo Urbano Sostenible,Boulevard km. 93.5 Venta Prieta 42080 Pachuca De Soto Pachuca De Soto,Ambos,25.0,1.0,9.0,Nivel 1,1.0,0.0,100.0,VERDADERO,,10.0,1.0,1.0,3.258096538021482,"(1.645, 3.29]",3,1,-1.230924978662722,1.8846665238145945,0.9063330158789191,0.9716572762924646,0.32263062724803554,-0.1622959813919015,-0.5897475803002297,-0.1622959813919015,0.2651556175164267,103.0,167.0,168.0,-70.0,-0.1622959813919015,2.137257994541641,65.0,Dominado por rareza,Rareza,2.8622008809294686,0.8094275863317937,0.9314425368947573,0.35774963506849783,0.6977758173332946,0.1777447229249331,0.14330354688063304,0.2977600207297401,0.23085762529533987,0.03680519556414042,0.21413202643673981,132.5,172.5,1.8565281057469596,0.9285714285714286,2.641795987437755,1.6918627677174942,0.5007654861519935,2.3745329276275564,-0.28986884486284525,-1.1621346674459703,0.3558480270647038,0.6553325481355352,0.38674199810379595,0.8755205402582278,1.3573374856707445,0.3015958483562533,557.5,487.5,2
1612.0,Cancelación de Derecho de Tanto,Secretaría de Infraestructura Pública y Desarrollo Urbano Sostenible,Comisión Estatal de Vivienda,Boulevard 117 El Palmar I 42088 Pachuca De Soto Pachuca De Soto,Social,30.0,1.0,2.0,,9.0,0.0,100.0,VERDADERO,,3.0,1.0,0.0,3.4339872044851463,"(3.29, 4.934]",1,1,-1.17297857348804,1.754854912292604,0.8439068264813923,0.7608498199607056,0.2921917612353043,-0.16453587350332388,-0.5679129534972103,-0.16453587350332388,0.23884120649056245,142.0,128.0,88.0,7.0,-0.16453587350332388,2.016885399969432,54.0,Dominado por rareza,Rareza,1.157452788691043,0.8094275863317937,1.157452788691043,0.35774963506849783,0.2821753605887091,0.1777447229249331,0.1780754940817648,0.2977600207297401,0.15424394496436467,0.02229219944632484,0.11836492602302079,72.0,91.0,1.4734597040920834,1.0,2.2953842100103183,-0.020180353603418324,0.25213148232048876,-0.09737585293178269,-0.28986884486284525,-1.166495122531356,0.649444724332729,0.6553325481355352,-0.04979250957154395,0.4599200835136422,-0.24117425187463498,-0.025723025484431672,327.0,334.0,2
1620.0,Proyecto de Lotificación,Secretaría de Infraestructura Pública y Desarrollo Urbano Sostenible,Comisión Estatal de Vivienda,Boulevard 117 El Palmar I 42088 Pachuca De Soto Pachuca De Soto,Social,30.0,1.0,3.0,,0.0,0.0,0.0,VERDADERO,,4.0,1.0,0.0,3.4339872044851463,"(3.29, 4.934]",1,1,-1.17297857348804,1.754854912292604,0.8439068264813923,0.7608498199607056,0.2921917612353043,-0.16453587350332388,-0.5679129534972103,-0.16453587350332388,0.23884120649056245,142.0,128.0,88.0,7.0,-0.16453587350332388,2.016885399969432,54.0,Dominado por rareza,Rareza,1.157452788691043,0.8094275863317937,1.157452788691043,0.35774963506849783,0.2821753605887091,0.1777447229249331,0.1780754940817648,0.2977600207297401,0.15424394496436467,0.02229219944632484,0.11836492602302079,72.0,91.0,1.4734597040920834,1.0,2.2953842100103183,-0.020180353603418324,0.25213148232048876,-0.09737585293178269,-0.28986884486284525,-1.166495122531356,0.649444724332729,0.6553325481355352,-0.04979250957154395,0.4599200835136422,-0.24117425187463498,-0.025723025484431672,327.0,334.0,2
1688.0,Cambio de Nombre en la Tarjeta de Circulación por Conclusión de la Transferencia de los Derechos de la Concesión de Transporte Público,Secretaría de Movilidad y Transporte,Sistema de Transporte Convencional de Hidalgo,Avenida 205 Colonias 42083 Pachuca De Soto Pachuca De Soto,Social,1440.0,1.0,2.0,Nivel 2,0.0,0.0,0.0,FALSO,,3.0,0.0,2.0,7.273092595999522,"(6.579, 8.224]",1,1,0.09179778444881183,1.3639886036055924,0.6559398647502834,-0.6454347264697414,0.08913581800905887,0.3738688245995476,0.2610404085392533,0.3738688245995476,0.4866972406598419,301.0,292.0,287.0,-21.0,0.3738688245995476,0.5641420803014716,14.0,Dominado por rareza,Rareza,1.157452788691043,0.8094275863317937,2.2512917986064953,1.2014696741078175,0.2821753605887091,0.1777447229249331,0.3463639323142087,1.0,0.4360305680854797,0.07559212063153616,0.2950382101068496,520.5,327.5,1.1801528404273984,0.8571428571428572,1.690931765256047,-0.9358114012340703,0.11915760416886995,-0.09737585293178269,-0.28986884486284525,-0.11836896865719373,0.06225132979667862,-1.5236481744151193,-0.3934021022140525,0.4599200835136422,-0.24117425187463498,-0.45523501628756735,135.5,114.5,1
1695.0,Asignación o Cambio de Cromática y Asignación de Clave Mnemotécnica,Secretaría de Movilidad y Transporte,Sistema de Transporte Convencional de Hidalgo,Avenida 205 Colonias 42083 Pachuca De Soto Pachuca De Soto,Social,30.0,1.0,3.0,Nivel 2,0.0,0.0,0.0,VERDADERO,,4.0,1.0,2.0,3.4339872044851463,"(3.29, 4.934]",1,1,-1.17297857348804,1.754854912292604,0.8439068264813923,0.7608498199607056,0.2921917612353043,-0.16453587350332388,-0.5679129534972103,-0.16453587350332388,0.23884120649056245,142.0,128.0,88.0,-6.0,-0.16453587350332388,2.016885399969432,54.0,Dominado por rareza,Rareza,1.157452788691043,0.8094275863317937,2.2512917986064953,0.35774963506849783,0.2821753605887091,0.1777447229249331,0.3463639323142087,0.2977600207297401,0.18790163261085344,0.030992649799616585,0.16043703558113176,105.0,138.5,1.641748142324527,0.8571428571428572,2.1525270671531755,0.1908422165002004,0.282777548327983,-0.09737585293178269,-0.28986884486284525,-1.166495122531356,0.06225132979667862,0.6553325481355352,-0.167231188478754,0.4599200835136422,-0.24117425187463498,-0.17252137411844426,251.0,245.0,2
1701.0,Transferencia por Designación de Persona Beneficiaria de la Concesión del Servicio Transporte Público,Secretaría de Movilidad y Transporte,Sistema de Transporte Convencional de Hidalgo,Avenida 205 Colonias 42083 Pachuca De Soto Pachuca De Soto,Social,30.0,1.0,11.0,,0.0,0.0,0.0,VERDADERO,,12.0,1.0,0.0,3.4339872044851463,"(3.29, 4.934]",4,1,-1.17297857348804,1.754854912292604,0.8439068264813923,0.7608498199607056,0.2921917612353043,-0.16453587350332388,-0.5679129534972103,-0.16453587350332388,0.23884120649056245,142.0,128.0,88.0,-16.0,-0.16453587350332388,2.016885399969432,54.0,Dominado por rareza,Rareza,4.1018917678574836,0.8094275863317937,1.157452788691043,0.35774963506849783,1.0,0.1777447229249331,0.1780754940817648,0.2977600207297401,0.29780887284662283,0.050241644898286475,0.29782108587584355,235.5,330.5,2.191284343503374,1.0,3.013208849421609,2.7552595151116024,0.6551988574107754,4.17210220048888,-0.28986884486284525,-1.166495122531356,0.649444724332729,0.6553325481355352,0.8041031011125888,1.1777447229249332,2.519773415474571,0.6645138913528698,631.5,615.5,2
1745.0,Copias certificadas de pagos de Control Vehicular,Secretaría de Hacienda,Secretaría de Hacienda,Calle No. 1 Centro 42500 Actopan Actopan,Ambos,28800.0,1.0,1.0,,22323.0,0.0,100.0,VERDADERO,,2.0,1.0,0.0,10.268165387743457,"(9.869, 11.514]",0,1,1.078511320803019,1.6245897174547026,0.7812625096170339,-1.0027879644182334,0.037536944238619675,0.9298869152100264,0.9893366774472234,0.9298869152100264,0.8704371529728294,577.0,576.0,534.0,47.0,0.9298869152100264,-0.2972488111859851,43.0,Dominado por tiempo,Tiempo,0.7503940547476008,0.8094275863317937,1.157452788691043,0.35774963506849783,0.18293853110111424,0.1777447229249331,0.1780754940817648,0.2977600207297401,0.3532811368095158,0.0813328601042307,0.3671614158294596,329.0,439.0,2.4686456633178384,1.0,3.290570169236074,-0.5848948882750036,0.17011997570089424,-0.6876167590336059,-0.28986884486284525,0.9640456255123894,0.649444724332729,0.6553325481355352,0.2582674588168405,0.36068325402604734,-0.6228659323296433,0.41148924141275256,501.0,548.0,2
5048.0,Inscripción de actos cuando se presenten en documentos separados. (Registro Público de la Propiedad y del Comercio),Secretaría de Gobierno,Dirección General del Instituto de la Función Registral,Avenida 907 Las Terrazas 42094 Pachuca De Soto Pachuca De Soto,Ambos,21600.0,1.0,2.0,,47334.0,0.0,100.0,VERDADERO,,3.0,1.0,0.0,9.980494888896912,"(9.869, 11.514]",1,1,0.9837395422993063,1.6245897174547026,0.7812625096170339,-0.9357237539840406,0.04722046564330571,0.88250102595817,0.9229964324946245,0.88250102595817,0.8420056194217156,536.0,522.0,487.0,33.0,0.88250102595817,-0.20247703268227235,49.0,Dominado por tiempo,Tiempo,1.157452788691043,0.8094275863317937,1.157452788691043,0.35774963506849783,0.2821753605887091,0.1777447229249331,0.1780754940817648,0.2977600207297401,0.36365132485666346,0.0824731587061028,0.38012415088839424,354.0,465.0,2.5204966035535774,1.0,3.342421109471812,-0.1933620047859594,0.22698091993836575,-0.09737585293178269,-0.28986884486284525,0.871798306674979,0.649444724332729,0.6553325481355352,0.35786617626972306,0.4599200835136422,-0.24117425187463498,0.4838503318171521,540.0,573.0,2
7292.0,Constancia de estudios UTVAM,Secretaría de Educación Pública,Universidad Tecnológica de la Zona Metropolitana del Valle de México,Boulevard 5 Los Héroes Tizayuca 43816 Tizayuca Tizayuca,Social,2880.0,0.0,2.0,Nivel 4.3,194.0,0.0,100.0,VERDADERO,,2.0,1.0,14.0,7.9658927350845286,"(6.579, 8.224]",1,0,0.32003773811792385,1.3639886036055924,0.6559398647502834,-0.8069462283537766,0.06581488310993365,0.4879888014341036,0.4208083761076317,0.4879888014341036,0.5551692267605756,393.0,378.0,373.0,-4.0,0.4879888014341036,0.3359021266323596,20.0,Dominado por rareza,Rareza,1.157452788691043,0.7794752640484426,4.553876891600541,0.35774963506849783,0.2821753605887091,0.17116739925186739,0.7006193992381997,0.2977600207297401,0.387942196248524,0.08659955417359687,0.41048774012822,432.0,506.0,2.64195096051288,0.0,1.94133156127468,1.3299329646066014,0.4482036932083789,-0.09737585293178269,-0.3310191299741076,0.10379130004268618,-3.4609090374196256,0.6553325481355352,-0.6260360344294589,0.4533427598405765,-0.26647241726980003,-0.7420644016278011,38.0,34.0,3
7465.0,Centro Asistencial La Casita,Organismos No Sectorizados,Sistema para el Desarrollo Integral de la Familia del Estado de Hidalgo,Calle 107 Ampliación Felipe Ángeles 42094 Pachuca De Soto Pachuca De Soto,Social,1440.0,0.0,0.0,Nivel 1,466.0,0.0,100.0,FALSO,,0.0,0.0,1.0,7.273092595999522,"(6.579, 8.224]",0,0,0.09179778444881183,1.3639886036055924,0.6559398647502834,-0.6454347264697414,0.08913581800905887,0.3738688245995476,0.2610404085392533,0.3738688245995476,0.4866972406598419,301.0,292.0,287.0,3.0,0.3738688245995476,0.5641420803014716,14.0,Dominado por rareza,Rareza,0.7503940547476008,0.7794752640484426,0.9314425368947573,1.2014696741078175,0.18293853110111424,0.17116739925186739,0.14330354688063304,1.0,0.37425566036663244,0.06101666199389237,0.2178195754582906,389.0,188.0,0.8712783018331623,0.9285714285714286,1.6565461835239579,-1.4441338664836663,0.04533571954542908,-0.6876167590336059,-0.3310191299741076,-0.11836896865719373,0.3558480270647038,-1.5236481744151193,-0.4609610010030646,0.35410593035298166,-0.6481640977248081,-0.48358330343310435,92.0,95.0,1
7492.0,Pago de Créditos Fiscales derivado de multas estatales no fiscales,Secretaría de Hacienda,Secretaría de Hacienda,Calle 118-A Centro 42000 Pachuca De Soto Pachuca De Soto,Ambos,15.0,1.0,1.0,,35.0,0.0,100.0,FALSO,,2.0,0.0,0.0,2.772588722239781,"(1.645, 3.29]",0,1,-1.390873389652303,1.8846665238145945,0.9063330158789191,1.0848430164207854,0.3389737188932182,-0.24227018688669189,-0.7017114679929362,-0.24227018688669189,0.21717109421955244,44.5,41.5,41.5,11.0,-0.24227018688669189,2.297206405531222,3.0,Dominado por rareza,Rareza,0.7503940547476008,0.8094275863317937,1.157452788691043,1.2014696741078175,0.18293853110111424,0.1777447229249331,0.1780754940817648,1.0,0.25929771224422404,0.02761368518251046,0.07412214030528005,186.0,17.5,0.2964885612211202,1.0,1.1184130671393555,-1.4286187285002823,0.047588928491375915,-0.6876167590336059,-0.28986884486284525,-1.317822492440359,0.649444724332729,-1.5236481744151193,-0.6339023092838401,0.36068325402604734,-0.6228659323296433,-0.7037229687130981,34.0,45.0,1
7520.0,Orientación en materia fiscal,Secretaría de Hacienda,Secretaría de Hacienda,Calle 118-A Centro 42000 Pachuca De Soto Pachuca De Soto,Ambos,129600.0,1.0,1.0,,0.0,0.0,0.0,FALSO,,2.0,0.0,0.0,11.772215778919925,"(11.514, 13.159]",0,1,1.5740140960355828,3.003279479189374,1.444272137010033,0.4499938528294251,0.2473067116387853,1.509143116522808,1.535091508327918,1.509143116522808,1.483194724717698,636.0,636.0,636.0,25.0,1.509143116522808,-0.12974195902554975,0.0,default,Mixto,0.7503940547476008,0.8094275863317937,1.157452788691043,1.2014696741078175,0.18293853110111424,0.1777447229249331,0.1780754940817648,1.0,0.609580372926124,0.12828036914916902,0.511975466157655,642.0,603.0,2.04790186463062,1.0,2.8698263705488554,-1.7183054128411344,0.005518749716457972,-0.6876167590336059,-0.28986884486284525,2.0916984423043408,0.649444724332729,-1.5236481744151193,0.04800187766509985,0.36068325402604734,-0.6228659323296433,0.14865726497307685,386.0,411.0,1
7889.0,Reposición por Robo o Extravìo del Tarjetón para Personas Conductoras del Tuzobús,Secretaría de Movilidad y Transporte,Sistema de Transporte Masivo de Hidalgo,Calle s/n Blvd. Camino a Téllez Km. 1 73840 Zempoala Zempoala,Social,1440.0,1.0,4.0,Nivel 1,12.0,0.0,100.0,VERDADERO,,5.0,1.0,1.0,7.273092595999522,"(6.579, 8.224]",2,1,0.09179778444881183,1.3639886036055924,0.6559398647502834,-0.6454347264697414,0.08913581800905887,0.3738688245995476,0.2610404085392533,0.3738688245995476,0.4866972406598419,301.0,292.0,287.0,-21.0,0.3738688245995476,0.5641420803014716,14.0,Dominado por rareza,Rareza,1.9671875475025984,0.8094275863317937,0.9314425368947573,0.35774963506849783,0.4795805591257976,0.1777447229249331,0.14330354688063304,0.2977600207297401,0.29445153485213027,0.05912683582337599,0.2936244133827278,230.0,325.5,2.1744976535309113,0.9285714285714286,2.959765535221707,0.759537093147513,0.3653671060198427,1.0767509692910755,-0.28986884486284525,-0.11836896865719373,0.3558480270647038,0.6553325481355352,0.3359387461942551,0.6573252820507307,0.5180995212722059,0.3527277819538128,530.0,509.0,2
8031.0,Credencial Institucional (ITSOEH),Secretaría de Educación Pública,Instituto Tecnológico Superior del Occidente del Estado de Hidalgo,Carretera 2000 Paseo del Agrarismo NO. 2000 42700 Mixquiahuala De Juárez Mixquiahuala De Juárez,Social,7200.0,0.0,2.0,,0.0,0.0,0.0,VERDADERO,,2.0,1.0,0.0,8.881975184248867,"(8.224, 9.869]",1,0,0.6218370651655479,1.9459101490553135,0.9357849740192016,-0.25931869873693625,0.14488780248834904,0.7788110195923748,0.716021437821644,0.7788110195923748,0.8416006013631054,461.5,461.5,441.5,35.0,0.7788110195923748,0.31394790885365365,20.0,Dominado por rareza,Rareza,1.157452788691043,0.7794752640484426,1.157452788691043,0.35774963506849783,0.2821753605887091,0.17116739925186739,0.1780754940817648,0.2977600207297401,0.34159785884889127,0.07629993161147892,0.352557318378679,311.0,418.0,2.410229273514716,1.0,3.2321537794329513,-0.19532750652521974,0.22669547703048323,-0.09737585293178269,-0.3310191299741076,0.6699423274268128,0.649444724332729,0.6553325481355352,0.30926492339783734,0.4533427598405765,-0.26647241726980003,0.42706179565631924,517.0,552.0,2
8264.0,Reposición de Credencial UPH,Secretaría de Educación Pública,Universidad Politécnica de Huejutla,Calle S/N Tepoxtequito 43000 Huejutla De Reyes Huejutla De Reyes,Social,30.0,0.0,1.0,Nivel 2,50.0,20.0,71.42857143,VERDADERO,,1.0,1.0,2.0,3.4339872044851463,"(3.29, 4.934]",0,0,-1.17297857348804,1.754854912292604,0.8439068264813923,0.7608498199607056,0.2921917612353043,-0.16453587350332388,-0.5679129534972103,-0.16453587350332388,0.23884120649056245,142.0,128.0,88.0,19.0,-0.16453587350332388,2.016885399969432,54.0,Dominado por rareza,Rareza,0.7503940547476008,0.7794752640484426,2.2512917986064953,0.35774963506849783,0.18293853110111424,0.17116739925186739,0.3463639323142087,0.2977600207297401,0.16673880197872132,0.026915338395028004,0.13398349729096662,82.0,108.0,1.5359339891638664,0.8571428571428572,2.046712913992515,-0.21196896369758603,0.22427869670828926,-0.6876167590336059,-0.3310191299741076,-1.166495122531356,0.06225132979667862,0.6553325481355352,-0.2935094267213711,0.35410593035298166,-0.6481640977248081,-0.2742688355809876,162.0,181.0,2
8857.0,Trámite para titulación UPE,Secretaría de Educación Pública,Universidad Politécnica de la Energía,Carretera S/N IGNACIO ZARAGOZA 42842 Tula De Allende Tula De Allende,Social,5760.0,0.0,5.0,,97.0,0.0,100.0,VERDADERO,,5.0,1.0,0.0,8.658866349732383,"(8.224, 9.869]",2,0,0.5483348425469642,1.9459101490553135,0.9357849740192016,-0.2073056564272946,0.1523980587825387,0.7420599082830829,0.6645698819886354,0.7420599082830829,0.8195499345775303,449.0,444.0,429.0,16.0,0.7420599082830829,0.3874501314722374,20.0,Dominado por rareza,Rareza,1.9671875475025984,0.7794752640484426,1.157452788691043,0.35774963506849783,0.4795805591257976,0.17116739925186739,0.1780754940817648,0.2977600207297401,0.3737286762944506,0.08187380403271055,0.39272084018562814,380.0,496.0,2.5708833607425126,1.0,3.392807866660748,0.5740103862642377,0.33842371459727566,1.0767509692910755,-0.3310191299741076,0.598398001972488,0.649444724332729,0.6553325481355352,0.529781422751544,0.650747958377665,0.4928013558770408,0.5989941575794483,589.0,605.0,2
8907.0,Constancia de terminación de estadía UPP,Secretaría de Educación Pública,Universidad Politécnica de Pachuca,Carretera S/N Santa Bárbara 43830 Zempoala Zempoala,Social,4320.0,3.0,11.0,Nivel 2,12.0,0.0,100.0,FALSO,,14.0,0.0,2.0,8.371242135931933,"(8.224, 9.869]",4,3,0.4535783124477769,1.9459101490553135,0.9357849740192016,-0.14025223635945364,0.16208002214691,0.6946816432334892,0.5982403109192043,0.6946816432334892,0.7911229755477741,426.5,419.5,406.5,-6.0,0.6946816432334892,0.48220666157142467,20.0,Dominado por rareza,Rareza,4.1018917678574836,4.014880390867853,2.2512917986064953,1.2014696741078175,1.0,0.881640080844775,0.3463639323142087,1.0,0.7845371312784946,0.1448182742541683,0.7306714140981182,663.0,660.0,2.922685656392473,0.8571428571428572,3.4334645812211213,3.8323314702107933,0.8116182310094511,4.17210220048888,4.113973220187095,0.5061655253640223,0.06225132979667862,-1.5236481744151193,1.466168820284311,1.8816400808447749,5.227145299644744,1.0679784950975815,662.0,656.0,0
9961.0,Designación de Persona Beneficiaria de la Concesión del Servicio de Transporte Público,Secretaría de Movilidad y Transporte,Sistema de Transporte Convencional de Hidalgo,Avenida 205 Colonias 42083 Pachuca De Soto Pachuca De Soto,Social,30.0,1.0,2.0,,0.0,0.0,0.0,VERDADERO,,3.0,1.0,0.0,3.4339872044851463,"(3.29, 4.934]",1,1,-1.17297857348804,1.754854912292604,0.8439068264813923,0.7608498199607056,0.2921917612353043,-0.16453587350332388,-0.5679129534972103,-0.16453587350332388,0.23884120649056245,142.0,128.0,88.0,7.0,-0.16453587350332388,2.016885399969432,54.0,Dominado por rareza,Rareza,1.157452788691043,0.8094275863317937,1.157452788691043,0.35774963506849783,0.2821753605887091,0.1777447229249331,0.1780754940817648,0.2977600207297401,0.15424394496436467,0.02229219944632484,0.11836492602302079,72.0,91.0,1.4734597040920834,1.0,2.2953842100103183,-0.020180353603418324,0.25213148232048876,-0.09737585293178269,-0.28986884486284525,-1.166495122531356,0.649444724332729,0.6553325481355352,-0.04979250957154395,0.4599200835136422,-0.24117425187463498,-0.025723025484431672,327.0,334.0,2
10479.0,Inscripción a la UICEH,Secretaría de Educación Pública,Universidad Intercultural del Estado de Hidalgo,Carretera 1 el desadavi 43487 El Desdavi Tenango De Doria,Social,90.0,0.0,5.0,Nivel 1,208.0,251.0,45.31590414,VERDADERO,,5.0,1.0,1.0,4.51085950651685,"(3.29, 4.934]",2,0,-0.8182077377779333,1.754854912292604,0.8439068264813923,0.5098001260790508,0.2559422465000439,0.01284954435172947,-0.31957336850013557,0.01284954435172947,0.3452724572035945,214.5,209.5,209.5,-44.0,0.01284954435172947,1.6621145642593256,5.0,Dominado por rareza,Rareza,1.9671875475025984,0.7794752640484426,0.9314425368947573,0.35774963506849783,0.4795805591257976,0.17116739925186739,0.14330354688063304,0.2977600207297401,0.22093221406795355,0.03816299098088945,0.20172526240250688,123.0,163.0,1.8069010496100275,0.9285714285714286,2.592168931300823,0.8001342829155086,0.37126289317065714,1.0767509692910755,-0.3310191299741076,-0.8211744066741281,0.3558480270647038,0.6553325481355352,0.18714760156861576,0.650747958377665,0.4928013558770408,0.17070188110078793,474.0,430.0,2
10550.0,Reinscripción a la UICEH,Secretaría de Educación Pública,Universidad Intercultural del Estado de Hidalgo,Carretera 0 El Desdavi 43487 El Desdavi Tenango De Doria,Social,75.0,1.0,2.0,Nivel 1,406.0,0.0,100.0,VERDADERO,,3.0,1.0,1.0,4.330733340286331,"(3.29, 4.934]",1,1,-0.8775495096911805,1.754854912292604,0.8439068264813923,0.5517926806344343,0.2620056266284585,-0.016821341604894124,-0.3611126088394086,-0.016821341604894124,0.32746992562962035,211.0,206.0,206.0,7.0,-0.016821341604894124,1.7214563361725728,5.0,Dominado por rareza,Rareza,1.157452788691043,0.8094275863317937,0.9314425368947573,0.35774963506849783,0.2821753605887091,0.1777447229249331,0.14330354688063304,0.2977600207297401,0.17683246190382426,0.02898474988337384,0.1466005721973453,93.0,123.0,1.5864022887893812,0.9285714285714286,2.3716701704801766,0.0608987012653066,0.26390630842611384,-0.09737585293178269,-0.28986884486284525,-0.8789354769050064,0.3558480270647038,0.6553325481355352,-0.050999919899879086,0.4599200835136422,-0.24117425187463498,-0.02723228839485059,322.0,329.0,2
10912.0,Expedición de Tarifario,Secretaría de Movilidad y Transporte,Sistema de Transporte Convencional de Hidalgo,Avenida 205 Colonias 42083 Pachuca De Soto Pachuca De Soto,Social,30.0,1.0,2.0,Nivel 2,0.0,0.0,0.0,VERDADERO,,3.0,1.0,2.0,3.4339872044851463,"(3.29, 4.934]",1,1,-1.17297857348804,1.754854912292604,0.8439068264813923,0.7608498199607056,0.2921917612353043,-0.16453587350332388,-0.5679129534972103,-0.16453587350332388,0.23884120649056245,142.0,128.0,88.0,-6.0,-0.16453587350332388,2.016885399969432,54.0,Dominado por rareza,Rareza,1.157452788691043,0.8094275863317937,2.2512917986064953,0.35774963506849783,0.2821753605887091,0.1777447229249331,0.3463639323142087,0.2977600207297401,0.18790163261085344,0.030992649799616585,0.16043703558113176,105.0,138.5,1.641748142324527,0.8571428571428572,2.1525270671531755,0.1908422165002004,0.282777548327983,-0.09737585293178269,-0.28986884486284525,-1.166495122531356,0.06225132979667862,0.6553325481355352,-0.167231188478754,0.4599200835136422,-0.24117425187463498,-0.17252137411844426,251.0,245.0,2
10976.0,Por informe de aviso de testamento,Secretaría de Gobierno,Dirección General del Archivo General de Notarías,Calle 517 Centro 42000 Pachuca De Soto Pachuca De Soto,Social,1440.0,1.0,0.0,,0.0,0.0,0.0,VERDADERO,,1.0,1.0,0.0,7.273092595999522,"(6.579, 8.224]",0,1,0.09179778444881183,1.3639886036055924,0.6559398647502834,-0.6454347264697414,0.08913581800905887,0.3738688245995476,0.2610404085392533,0.3738688245995476,0.4866972406598419,301.0,292.0,287.0,27.0,0.3738688245995476,0.5641420803014716,14.0,Dominado por rareza,Rareza,0.7503940547476008,0.8094275863317937,1.157452788691043,0.35774963506849783,0.18293853110111424,0.1777447229249331,0.1780754940817648,0.2977600207297401,0.24207751868742,0.049374385597803466,0.22815689317683993,171.5,256.5,1.9126275727073598,1.0,2.734552078625595,-0.49292856782458705,0.18347592111282765,-0.6876167590336059,-0.28986884486284525,-0.11836896865719373,0.649444724332729,0.6553325481355352,0.041784539982923884,0.36068325402604734,-0.6228659323296433,0.14088559287035682,378.5,405.5,2
10980.0,Trámite de pista para aterrizaje,Secretaría de Seguridad Pública,Secretaría de Seguridad Pública,Carretera kM. 84.5 Venta Prieta 42083 Pachuca De Soto Pachuca De Soto,Ambos,10.0,0.0,0.0,Nivel 1,641.0,0.0,100.0,VERDADERO,,0.0,1.0,1.0,2.3978952727983707,"(1.645, 3.29]",0,0,-1.5143144958471932,1.8846665238145945,0.9063330158789191,1.172194762402416,0.35158659387487234,-0.30399073998413706,-0.7881202423293596,-0.30399073998413706,0.18013876236108534,21.0,18.0,18.0,17.0,-0.30399073998413706,2.4206475117261124,3.0,Dominado por rareza,Rareza,0.7503940547476008,0.7794752640484426,0.9314425368947573,0.35774963506849783,0.18293853110111424,0.17116739925186739,0.14330354688063304,0.2977600207297401,0.09823575159584355,0.008401687942768226,0.04835468431236942,5.5,5.5,1.1934187372494776,0.9285714285714286,1.9786866189402732,-0.29441418101576616,0.2123054676328662,-0.6876167590336059,-0.3310191299741076,-1.4379754668868243,0.3558480270647038,0.6553325481355352,-0.2890861561388597,0.35410593035298166,-0.6481640977248081,-0.26873974735284833,168.5,185.5,2
11024.0,Trámite de pernocta,Secretaría de Seguridad Pública,Secretaría de Seguridad Pública,Carretera S/N Venta Prieta 42083 Pachuca De Soto Pachuca De Soto,Social,10.0,1.0,4.0,Nivel 1,243965.0,4035.0,98.37298387,VERDADERO,,5.0,1.0,1.0,2.3978952727983707,"(1.645, 3.29]",2,1,-1.5143144958471932,1.8846665238145945,0.9063330158789191,1.172194762402416,0.35158659387487234,-0.30399073998413706,-0.7881202423293596,-0.30399073998413706,0.18013876236108534,21.0,18.0,18.0,-46.0,-0.30399073998413706,2.4206475117261124,3.0,Dominado por rareza,Rareza,1.9671875475025984,0.8094275863317937,0.9314425368947573,0.35774963506849783,0.4795805591257976,0.1777447229249331,0.14330354688063304,0.2977600207297401,0.15887962193539334,0.020165230113928102,0.12415952223680668,79.0,101.0,1.4966380889472266,0.9285714285714286,2.2819059706380225,0.8716561968055195,0.38164976929001876,1.0767509692910755,-0.28986884486284525,-1.4379754668868243,0.3558480270647038,0.6553325481355352,0.07201744654832899,0.6573252820507307,0.5180995212722059,0.022826157396405145,396.0,350.0,2
11074.0,Casa de la mujer indígena,Organismos No Sectorizados,Comisión Estatal para el Desarrollo Sostenible de los Pueblos Indígenas (CEDSPI),Calle 301 Real de Minas 42090 Pachuca De Soto Pachuca De Soto,Social,1440.0,1.0,2.0,,0.0,0.0,0.0,FALSO,,3.0,0.0,0.0,7.273092595999522,"(6.579, 8.224]",1,1,0.09179778444881183,1.3639886036055924,0.6559398647502834,-0.6454347264697414,0.08913581800905887,0.3738688245995476,0.2610404085392533,0.3738688245995476,0.4866972406598419,301.0,292.0,287.0,-13.0,0.3738688245995476,0.5641420803014716,14.0,Dominado por rareza,Rareza,1.157452788691043,0.8094275863317937,1.157452788691043,1.2014696741078175,0.2821753605887091,0.1777447229249331,0.1780754940817648,1.0,0.40237288043899094,0.0668916702782444,0.2529661005487387,468.0,286.5,1.0118644021949548,1.0,1.8337889081131897,-1.1468339713376892,0.0885115381613757,-0.09737585293178269,-0.28986884486284525,-0.11836896865719373,0.649444724332729,-1.5236481744151193,-0.2759634233068424,0.4599200835136422,-0.24117425187463498,-0.30843666765355476,183.0,170.0,1
11216.0,INSCRIPCIÓN O ANOTACIÓN QUE NO MODIFICA EL DERECHO INSCRITO. (REGISTRO PÚBLICO DE LA PROPIEDAD Y DEL COMERCIO),Secretaría de Gobierno,Dirección General del Instituto de la Función Registral,Avenida 907 Las Terrazas 42094 Pachuca De Soto Pachuca De Soto,Ambos,21600.0,1.0,2.0,,0.0,0.0,0.0,VERDADERO,,3.0,1.0,0.0,9.980494888896912,"(9.869, 11.514]",1,1,0.9837395422993063,1.6245897174547026,0.7812625096170339,-0.9357237539840406,0.04722046564330571,0.88250102595817,0.9229964324946245,0.88250102595817,0.8420056194217156,536.0,522.0,487.0,33.0,0.88250102595817,-0.20247703268227235,49.0,Dominado por tiempo,Tiempo,1.157452788691043,0.8094275863317937,1.157452788691043,0.35774963506849783,0.2821753605887091,0.1777447229249331,0.1780754940817648,0.2977600207297401,0.36365132485666346,0.0824731587061028,0.38012415088839424,354.0,465.0,2.5204966035535774,1.0,3.342421109471812,-0.1933620047859594,0.22698091993836575,-0.09737585293178269,-0.28986884486284525,0.871798306674979,0.649444724332729,0.6553325481355352,0.35786617626972306,0.4599200835136422,-0.24117425187463498,0.4838503318171521,540.0,573.0,2
990.0,"Expedición de Copias Certificadas en Libros (del año 2015 y Años Anteriores), e Impresión de Folios a partir del año 2015 (Registro Público de la Propiedad y del Comercio)",Secretaría de Gobierno,Dirección General del Instituto de la Función Registral,Calle 907 Fraccionamiento 42094 Pachuca De Soto Pachuca De Soto,Ambos,7200.0,2.0,1.0,Nivel 3.5,47334.0,0.0,100.0,VERDADERO,,3.0,1.0,7.0,8.881975184248867,"(8.224, 9.869]",0,2,0.6218370651655479,1.9459101490553135,0.9357849740192016,-0.25931869873693625,0.14488780248834904,0.7788110195923748,0.716021437821644,0.7788110195923748,0.8416006013631054,461.5,461.5,441.5,-64.0,0.7788110195923748,0.31394790885365365,20.0,Dominado por rareza,Rareza,0.7503940547476008,2.6931245508855346,2.7862149739515463,0.35774963506849783,0.18293853110111424,0.5913916021429794,0.428662501790275,0.2977600207297401,0.4559127350712967,0.09902504949307625,0.49545091365668587,542.0,593.0,2.9818036546267432,0.5,3.053141152836468,1.3808747465187987,0.4556017891099404,-0.6876167590336059,2.2980662882233824,0.6699423274268128,-1.4057321565434482,0.6553325481355352,0.3059984496417352,0.7743301332440936,0.968131817789353,0.2219186342020632,515.0,451.0,0
1691.0,Visita al museo de documentos históricos,Oficialía Mayor,Oficialía Mayor,Calle 807 Centro 42000 Pachuca De Soto Pachuca De Soto,Social,60.0,0.0,0.0,Nivel 1,390.0,0.0,100.0,FALSO,,0.0,0.0,1.0,4.110873864173311,"(3.29, 4.934]",0,0,-0.9499812454988917,1.754854912292604,0.8439068264813923,0.6030482046840534,0.2694065035049546,-0.05303720950874974,-0.41181482390480656,-0.05303720950874974,0.30574040488730697,199.5,194.5,194.5,12.0,-0.05303720950874974,1.7938880719802839,5.0,Dominado por rareza,Rareza,0.7503940547476008,0.7794752640484426,0.9314425368947573,1.2014696741078175,0.18293853110111424,0.17116739925186739,0.14330354688063304,1.0,0.288874453544973,0.03647921287472724,0.11109306693121625,217.0,78.5,0.444372267724865,0.9285714285714286,1.2296401494156606,-1.3735228957292545,0.0555903025956231,-0.6876167590336059,-0.3310191299741076,-0.9494378303744968,0.3558480270647038,-1.5236481744151193,-0.6271747733465252,0.35410593035298166,-0.6481640977248081,-0.6913505188624302,35.0,47.0,1
1044.0,Inscripción de fusión de predios. (Registro Público de la Propiedad y del Comercio),Secretaría de Gobierno,Dirección General del Instituto de la Función Registral,Avenida 907 Las Terrazas 42094 Pachuca De Soto Pachuca De Soto,Ambos,21600.0,1.0,3.0,Nivel 3.5,47334.0,0.0,100.0,VERDADERO,,4.0,1.0,7.0,9.980494888896912,"(9.869, 11.514]",1,1,0.9837395422993063,1.6245897174547026,0.7812625096170339,-0.9357237539840406,0.04722046564330571,0.88250102595817,0.9229964324946245,0.88250102595817,0.8420056194217156,536.0,522.0,487.0,6.0,0.88250102595817,-0.20247703268227235,49.0,Dominado por tiempo,Tiempo,1.157452788691043,0.8094275863317937,2.7862149739515463,0.35774963506849783,0.2821753605887091,0.1777447229249331,0.428662501790275,0.2977600207297401,0.4137687263983655,0.0954284148285493,0.4427709028155218,494.0,559.0,2.771083611262087,0.5,2.842421109471812,0.5452169905767063,0.33424215096459553,-0.09737585293178269,-0.28986884486284525,0.871798306674979,-1.4057321565434482,0.6553325481355352,-0.05316919990551239,0.4599200835136422,-0.24117425187463498,-0.029943888401892216,311.0,317.0,3
1047.0,Inscripción de inmatriculación. (Registro Público de la Propiedad y del Comercio),Secretaría de Gobierno,Dirección General del Instituto de la Función Registral,Avenida 907 Las Terrazas 42094 Pachuca De Soto Pachuca De Soto,Ambos,21600.0,1.0,7.0,Nivel 3.5,47334.0,0.0,100.0,VERDADERO,,8.0,1.0,7.0,9.980494888896912,"(9.869, 11.514]",3,1,0.9837395422993063,1.6245897174547026,0.7812625096170339,-0.9357237539840406,0.04722046564330571,0.88250102595817,0.9229964324946245,0.88250102595817,0.8420056194217156,536.0,522.0,487.0,-43.0,0.88250102595817,-0.20247703268227235,49.0,Dominado por tiempo,Tiempo,2.8622008809294686,0.8094275863317937,2.7862149739515463,0.35774963506849783,0.6977758173332946,0.1777447229249331,0.428662501790275,0.2977600207297401,0.49688881774728255,0.11161036465005389,0.5466710170016682,589.5,630.5,3.186684068006673,0.5,3.2580215662163976,2.1521193087405033,0.5676069255754925,2.3745329276275564,-0.28986884486284525,0.871798306674979,-1.4057321565434482,0.6553325481355352,0.44121255620635547,0.8755205402582278,1.3573374856707445,0.36968404598445265,567.5,524.5,3
1068.0,Inscripción del régimen de propiedad en condominio. (Registro Público de la Propiedad y del Comercio),Secretaría de Gobierno,Dirección General del Instituto de la Función Registral,Avenida 907 Las Terrazas 42094 Pachuca De Soto Pachuca De Soto,Ambos,21600.0,1.0,4.0,,0.0,0.0,0.0,VERDADERO,,5.0,1.0,0.0,9.980494888896912,"(9.869, 11.514]",2,1,0.9837395422993063,1.6245897174547026,0.7812625096170339,-0.9357237539840406,0.04722046564330571,0.88250102595817,0.9229964324946245,0.88250102595817,0.8420056194217156,536.0,522.0,487.0,17.0,0.88250102595817,-0.20247703268227235,49.0,Dominado por tiempo,Tiempo,1.9671875475025984,0.8094275863317937,1.157452788691043,0.35774963506849783,0.4795805591257976,0.1777447229249331,0.1780754940817648,0.2977600207297401,0.40313236456408114,0.0901593894726741,0.4294754505226664,472.5,539.5,2.7179018020906653,1.0,3.5398263080089007,0.5698971928375397,0.3378263699758246,1.0767509692910755,-0.28986884486284525,0.871798306674979,0.649444724332729,0.6553325481355352,0.5926915407142948,0.6573252820507307,0.5180995212722059,0.6736687751038622,602.5,619.5,2
1167.0,Atención a Solicitudes de Componentes de la Sangre para la Atención de Pacientes,Secretaría de Salud,Secretaría de Salud,Calle 1 Venta Prieta 42083 Pachuca De Soto Pachuca De Soto,Social,90.0,1.0,3.0,Nivel 1,20753.0,0.0,100.0,VERDADERO,,4.0,1.0,1.0,4.51085950651685,"(3.29, 4.934]",1,1,-0.8182077377779333,1.754854912292604,0.8439068264813923,0.5098001260790508,0.2559422465000439,0.01284954435172947,-0.31957336850013557,0.01284954435172947,0.3452724572035945,214.5,209.5,209.5,3.0,0.01284954435172947,1.6621145642593256,5.0,Dominado por rareza,Rareza,1.157452788691043,0.8094275863317937,0.9314425368947573,0.35774963506849783,0.2821753605887091,0.1777447229249331,0.14330354688063304,0.2977600207297401,0.18276663909514895,0.030690155280142045,0.1540182936865012,97.0,130.0,1.6160731747460049,0.9285714285714286,2.4013410564368005,0.05599108719300438,0.263193592887083,-0.09737585293178269,-0.28986884486284525,-0.8211744066741281,0.3558480270647038,0.6553325481355352,-0.039447705853703406,0.4599200835136422,-0.24117425187463498,-0.012792020837131046,336.0,339.0,2
1547.0,Levantamiento Topográfico de poligonales (Catastral),Secretaría de Hacienda,Instituto Catastral,Calle 105 Real de Minas 42090 Pachuca De Soto Pachuca De Soto,Ambos,4320.0,1.0,4.0,Nivel 1,0.0,0.0,0.0,VERDADERO,,5.0,1.0,1.0,8.371242135931933,"(8.224, 9.869]",2,1,0.4535783124477769,1.9459101490553135,0.9357849740192016,-0.14025223635945364,0.16208002214691,0.6946816432334892,0.5982403109192043,0.6946816432334892,0.7911229755477741,426.5,419.5,406.5,2.0,0.6946816432334892,0.48220666157142467,20.0,Dominado por rareza,Rareza,1.9671875475025984,0.8094275863317937,0.9314425368947573,0.35774963506849783,0.4795805591257976,0.1777447229249331,0.14330354688063304,0.2977600207297401,0.3586140985789186,0.07756632270120575,0.3738276180412132,344.0,456.0,2.495310472164853,0.9285714285714286,3.2805783538556486,0.7064741173535121,0.3576609565878719,1.0767509692910755,-0.28986884486284525,0.5061655253640223,0.3558480270647038,0.6553325481355352,0.4608456449984983,0.6573252820507307,0.5180995212722059,0.5088614054591167,581.0,583.0,2
