Tramite,Secretaria,Dependencia,Tiempo_en_minutos,CONTEO_NETO,N_FORMATOS_FINAL,nivel_digitalizacion,costo,cluster,indice_z
Transporte Público Masivo de Pasajeros Tuzobús.,Secretaría de Movilidad y Transporte,Sistema de Transporte Masivo de Hidalgo,5.0,1.0,0.0,Nivel 1,1.0,2,-0.3279600781815562
Impuesto sobre Tenencia y Refrendo Vehicular (para vehículo particular y de demostración),Secretaría de Hacienda,Secretaría de Hacienda,10.0,8.0,2.0,Nivel 4.1,1.0,0,0.20324813084321508
Canje de Placas,Secretaría de Hacienda,Secretaría de Hacienda,20.0,10.0,3.0,,1.0,0,1.3125323862532834
Servicio de laboratorio clínico en el Hospital del Niño DIF Hidalgo,Organismos No Sectorizados,Sistema para el Desarrollo Integral de la Familia del Estado de Hidalgo,1440.0,2.0,0.0,Nivel 1,0.0,1,-0.34291281978269994
Cambio de Propietario,Secretaría de Hacienda,Secretaría de Hacienda,1440.0,7.0,2.0,,1.0,0,1.171801503932402
Certificado de Existencia o Inexistencia de Gravamen (Registro Público de la Propiedad y del Comercio),Secretaría de Gobierno,Dirección General del Instituto de la Función Registral,8640.0,1.0,2.0,,1.0,0,0.7287253546773564
Asesoría Jurídica.,Secretaría de Gobierno,Dirección General del Instituto de Defensoría Pública,0.0,0.0,0.0,Nivel 1,0.0,1,-0.5972838348248566
Expedición de Constancia de NO Antecedentes Penales,Procuraduría General de Justicia,Procuraduría General de Justicia,60.0,5.0,1.0,Nivel 2,1.0,2,0.11100563439718944
Radiología e Imagenología del Hospital del Niño DIF Hidalgo,Organismos No Sectorizados,Sistema para el Desarrollo Integral de la Familia del Estado de Hidalgo,1440.0,1.0,0.0,Nivel 1,0.0,1,-0.4609610010030646
Patrocinio Jurídico.,Secretaría de Gobierno,Dirección General del Instituto de Defensoría Pública,1440.0,1.0,0.0,Nivel 1,0.0,1,-0.4609610010030646
Admisión COBAEH,Secretaría de Educación Pública,Colegio de Bachilleres del Estado de Hidalgo,10.0,3.0,0.0,Nivel 1,1.0,2,-0.1710379749184951
Legalización de Documentos,Secretaría de Gobierno,Secretaría de Gobierno,20.0,0.0,0.0,Nivel 1,1.0,2,-0.2476153605647946
Reinscripción COBAEH,Secretaría de Educación Pública,Colegio de Bachilleres del Estado de Hidalgo,10.0,0.0,0.0,Nivel 1,1.0,2,-0.2890861561388597
"Inscripción de Alfabetización, Primaria y Secundaria Abierta de Educación para Adultos",Secretaría de Educación Pública,Instituto Hidalguense de Educación para Adultos,120.0,4.0,1.0,Nivel 1,0.0,1,-0.22214471470249403
Bolsa de Trabajo y Abriendo Espacios,Secretaría de Trabajo y Previsión Social,Secretaría de Trabajo y Previsión Social,259200.0,0.0,0.0,,0.0,1,0.0842258841164187
Reinscripción UTTT,Secretaría de Educación Pública,Universidad Tecnológica de Tula-Tepeji,15.0,2.0,0.0,Nivel 1,1.0,2,-0.14700738002920205
Becas Institucionales UTVM,Secretaría de Educación Pública,Universidad Tecnológica del Valle del Mezquital,1440.0,0.0,0.0,Nivel 1,0.0,1,-0.4609610010030646
Apostillas,Secretaría de Gobierno,Secretaría de Gobierno,20.0,0.0,0.0,Nivel 1,1.0,2,-0.2476153605647946
Acreditación de Primaria y Secundaria Abierta de Educación para Adultos,Secretaría de Educación Pública,Instituto Hidalguense de Educación para Adultos,8640.0,2.0,0.0,Nivel 1,0.0,1,-0.17355903170551282
Certificación de Primaria y Secundaria Abierta de Educación para Adultos,Secretaría de Educación Pública,Instituto Hidalguense de Educación para Adultos,12960.0,1.0,0.0,Nivel 1,0.0,1,-0.2656055821198362
(Inscripción y Reinscripción) por módulo CONALEPH.,Secretaría de Educación Pública,Colegio de Educación Profesional Técnica del Estado de Hidalgo,1440.0,4.0,0.0,Nivel 1,1.0,2,0.32770868917200263
Reinscripción UPT,Secretaría de Educación Pública,Universidad Politécnica de Tulancingo,15.0,1.0,0.0,,1.0,2,-0.20633622179596167
Educación Continua UTTT,Secretaría de Educación Pública,Universidad Tecnológica de Tula-Tepeji,120.0,6.0,1.0,Nivel 2,1.0,2,0.15493209035403185
Conciliación prejudicial laboral,Secretaría de Trabajo y Previsión Social,Centro de Conciliación Laboral del Estado de Hidalgo,1440.0,0.0,0.0,,0.0,1,-0.40224166154945956
Por Búsqueda de Testamento y Expedición de Constancia,Secretaría de Gobierno,Dirección General del Archivo General de Notarías,1440.0,0.0,1.0,,1.0,2,0.041784539982923884
Reinscripción UTT,Secretaría de Educación Pública,Universidad Tecnológica de Tulancingo,1440.0,1.0,0.0,Nivel 4.2,1.0,3,-0.7297969299361944
Credencial Institucional UTT,Secretaría de Educación Pública,Universidad Tecnológica de Tulancingo,1440.0,0.0,0.0,Nivel 4.2,0.0,3,-1.1655930744463254
Evaluación Segunda Oportunidad (ITSOEH),Secretaría de Educación Pública,Instituto Tecnológico Superior del Occidente del Estado de Hidalgo,4320.0,1.0,0.0,,1.0,2,0.15846138176491462
Asesoria en materia de Seguridad y Salud en el Trabajo,Secretaría de Trabajo y Previsión Social,Secretaría de Trabajo y Previsión Social,259200.0,0.0,1.0,,0.0,1,0.09245594113867113
Autorregulación Ambiental,Secretaría de Medio Ambiente y Recursos Naturales,Secretaría de Medio Ambiente y Recursos Naturales,36000.0,4.0,2.0,,1.0,0,1.1430386773562957
Póliza de Accidentes Personales Escolares en CONALEPH,Secretaría de Educación Pública,Colegio de Educación Profesional Técnica del Estado de Hidalgo,1440.0,2.0,0.0,Nivel 1,1.0,2,0.09288332472743101
Historial académico UTT,Secretaría de Educación Pública,Universidad Tecnológica de Tulancingo,1440.0,0.0,0.0,Nivel 4.2,0.0,3,-1.1655930744463254
Asesorías laborales sobre tus derechos y obligaciones como trabajador.,Secretaría de Trabajo y Previsión Social,Secretaría de Trabajo y Previsión Social,259200.0,0.0,0.0,,0.0,1,0.0842258841164187
Escuela de Fútbol Instituto Hidalguense del Deporte,Secretaría de Educación Pública,Instituto Hidalguense del Deporte,10.0,4.0,1.0,Nivel 2,1.0,2,0.013298107094723944
Servicio de inscripción a cursos de Formación de Capital Humano,Secretaría de Desarrollo Económico,Instituto Hidalguense de Competitividad Empresarial,1440.0,0.0,0.0,,0.0,1,-0.40224166154945956
Constancia de Vehículo No Robado,Procuraduría General de Justicia,Procuraduría General de Justicia,4320.0,7.0,1.0,Nivel 3.1,1.0,2,0.6029633577585843
Permiso provisional para conducir,Secretaría de Seguridad Pública,Secretaría de Seguridad Pública,15.0,4.0,1.0,Nivel 1,1.0,2,0.09604804143762205
Reinscripción UTSH,Secretaría de Educación Pública,Universidad Tecnológica de la Sierra Hidalguense,1440.0,1.0,0.0,,1.0,2,0.03355448296067141
"Descuento a adultos mayores, personas con capacidades diferentes, pensionados y jubilados.",Secretaría de Infraestructura Pública y Desarrollo Urbano Sostenible,Comisión de Agua y Alcantarillado del Sistema Valle del Mezquital,1440.0,0.0,1.0,,1.0,2,0.041784539982923884
Examen de admisión de CONALEPH,Secretaría de Educación Pública,Colegio de Educación Profesional Técnica del Estado de Hidalgo,1440.0,5.0,0.0,Nivel 1,1.0,2,0.32770868917200263
"Publicaciones en el Periódico Oficial, que se realizan por una Plana y Media Plana.",Secretaría de Gobierno,Secretaría de Gobierno,30.0,0.0,0.0,Nivel 1,1.0,2,-0.2347900872677661
Inscripción UTHH,Secretaría de Educación Pública,Universidad Tecnológica de la Huasteca Hidalguense,20.0,2.0,2.0,Nivel 1,1.0,0,0.3962499042950681
Expedición Tarjeta Preferente Tuzobús para la Persona Adulta Mayor,Secretaría de Movilidad y Transporte,Sistema de Transporte Masivo de Hidalgo,20.0,3.0,1.0,Nivel 1,1.0,2,-0.12133712232217748
Admisión UPT,Secretaría de Educación Pública,Universidad Politécnica de Tulancingo,15.0,2.0,0.0,Nivel 3.7,1.0,3,-0.6167620956580426
Reposición de la Tarjeta Preferente Tuzobús,Secretaría de Movilidad y Transporte,Sistema de Transporte Masivo de Hidalgo,20.0,2.0,1.0,Nivel 1,1.0,2,-0.12133712232217748
Por la Expedición de Copias Certificadas de Escrituras Resguardadas en el Archivo General de Notarías,Secretaría de Gobierno,Dirección General del Archivo General de Notarías,1440.0,0.0,1.0,,1.0,2,0.041784539982923884
Cursos musicales EMEH,Secretaría de Cultura,Escuela de Música del Estado de Hidalgo,1440.0,1.0,0.0,,1.0,2,0.03355448296067141
Inscripción UPT,Secretaría de Educación Pública,Universidad Politécnica de Tulancingo,10.0,3.0,2.0,Nivel 4.1,1.0,3,-0.2911336252686527
Titulación UTVM,Secretaría de Educación Pública,Universidad Tecnológica del Valle del Mezquital,259200.0,6.0,1.0,Nivel 1,1.0,2,0.8224062918601334
Reinscripción UTMIR,Secretaría de Educación Pública,Universidad Tecnológica de Mineral de la Reforma,5.0,0.0,0.0,Nivel 3.5,1.0,3,-0.6802761149031865
Solicitud de Examen de Admisión UTVAM,Secretaría de Educación Pública,Universidad Tecnológica de la Zona Metropolitana del Valle de México,2880.0,3.0,1.0,Nivel 1,1.0,2,0.14554543548965942
Solicitud de examen de admisión UTSH,Secretaría de Educación Pública,Universidad Tecnológica de la Sierra Hidalguense,1440.0,4.0,1.0,,1.0,2,0.3946580856478602
Prestación de servicios de la Alberca semiolímpica del Instituto Hidalguense del Deporte,Secretaría de Educación Pública,Instituto Hidalguense del Deporte,60.0,3.0,3.0,Nivel 2,1.0,0,0.7569486829626059
Reposición de Credencial UPFIM,Secretaría de Educación Pública,Universidad Politécnica Francisco I. Madero,480.0,1.0,0.0,Nivel 1,1.0,2,0.13174590317343826
Constancia Escolar UTHH,Secretaría de Educación Pública,Universidad Tecnológica de la Huasteca Hidalguense,1455.0,1.0,0.0,,1.0,2,0.03421863125570934
Publicación en el Periódico Oficial de Avisos Judiciales que deberán publicarse por disposición de Ley.,Secretaría de Gobierno,Secretaría de Gobierno,20.0,0.0,0.0,Nivel 1,1.0,2,-0.2476153605647946
"Certificación en estándares de competencia del CONOCER, a través del ICATHI",Secretaría de Trabajo y Previsión Social,Instituto de Capacitación para el Trabajo del Estado de Hidalgo,30.0,2.0,0.0,Nivel 1,1.0,2,-0.11674190604740149
Inscripción UTSH,Secretaría de Educación Pública,Universidad Tecnológica de la Sierra Hidalguense,1440.0,6.0,0.0,,1.0,2,0.38642802862560766
Inscripción a los cursos de capacitación presenciales del ICATHI,Secretaría de Trabajo y Previsión Social,Instituto de Capacitación para el Trabajo del Estado de Hidalgo,60.0,1.0,1.0,Nivel 3.1,1.0,2,-0.30058725072135195
Titulación UPFIM,Secretaría de Educación Pública,Universidad Politécnica Francisco I. Madero,518400.0,8.0,0.0,Nivel 3.9,1.0,3,0.5309934191569283
Emisión de constancias de estudio UTVM,Secretaría de Educación Pública,Universidad Tecnológica del Valle del Mezquital,10.0,1.0,0.0,Nivel 1,1.0,2,-0.2890861561388597
Certificado de Estudios UPFIM,Secretaría de Educación Pública,Universidad Politécnica Francisco I. Madero,21600.0,1.0,0.0,Nivel 1,1.0,2,0.17286859857350093
Admisión- UICEH,Secretaría de Educación Pública,Universidad Intercultural del Estado de Hidalgo,1440.0,3.0,0.0,,1.0,2,0.15160266418103605
Historial Académico UPMH,Secretaría de Educación Pública,Universidad Politécnica Metropolitana de Hidalgo,180.0,1.0,0.0,Nivel 3.7,1.0,3,-0.4006914889244679
Titulación UTVAM,Secretaría de Educación Pública,Universidad Tecnológica de la Zona Metropolitana del Valle de México,2880.0,7.0,2.0,Nivel 3.1,1.0,0,1.0400755393115628
Inscripción UTVAM,Secretaría de Educación Pública,Universidad Tecnológica de la Zona Metropolitana del Valle de México,2880.0,5.0,0.0,Nivel 4.3,1.0,3,-0.3912106699848873
Credencialización UTMIR,Secretaría de Educación Pública,Universidad Tecnológica de Mineral de la Reforma,15.0,0.0,0.0,Nivel 3.5,1.0,3,-0.6173715979711971
Capacitación en elaboración de quesos y derivados lácteos.,Secretaría de Agricultura y Desarrollo Rural,Secretaría de Agricultura y Desarrollo Rural,14400.0,1.0,1.0,Nivel 2,0.0,1,-0.30933816660194924
Constancia de Uso de Suelo,Secretaría de Infraestructura Pública y Desarrollo Urbano Sostenible,Secretaría de Infraestructura Pública y Desarrollo Urbano Sostenible,25.0,3.0,1.0,Nivel 1,1.0,2,-0.10763975800807186
Inscripción a cursos de Educación Continua UTHH,Secretaría de Educación Pública,Universidad Tecnológica de la Huasteca Hidalguense,4320.0,1.0,1.0,Nivel 2,1.0,2,0.049252759879956996
Servicio de Diseño de Imagen Corporativa o Logotipo,Secretaría de Desarrollo Económico,Instituto Hidalguense de Competitividad Empresarial,1440.0,1.0,0.0,,1.0,2,0.03355448296067141
Titulación UTMZ,Secretaría de Educación Pública,Universidad Tecnológica Minera de Zimapán,216000.0,6.0,0.0,Nivel 1,1.0,2,0.8024832710687372
Certificado Parcial de Estudios UTMZ,Secretaría de Educación Pública,Universidad Tecnológica Minera de Zimapán,7200.0,1.0,0.0,Nivel 3.9,1.0,3,-0.45469599181218295
Cursos de Verano (asignaturas) ITESHU.,Secretaría de Educación Pública,Instituto Tecnológico Superior de Huichapan,21600.0,1.0,0.0,Nivel 1,1.0,2,0.17286859857350093
Constancia de estudios o Constancia de estudios con calificaciones UPE,Secretaría de Educación Pública,Universidad Politécnica de la Energía,4320.0,1.0,0.0,Nivel 1,1.0,2,0.09974204231130958
Expedición de finiquito o Constancia de no adeudo,Secretaría de Infraestructura Pública y Desarrollo Urbano Sostenible,Comisión Estatal de Vivienda,20.0,3.0,1.0,Nivel 1,1.0,2,-0.12133712232217748
Inscripción UTMIR,Secretaría de Educación Pública,Universidad Tecnológica de Mineral de la Reforma,15.0,5.0,0.0,Nivel 3.1,1.0,2,-0.029620694491840592
Derecho de Preferencia,Secretaría de Infraestructura Pública y Desarrollo Urbano Sostenible,Secretaría de Infraestructura Pública y Desarrollo Urbano Sostenible,25.0,4.0,1.0,Nivel 1,1.0,2,0.1271856064364998
Derecho de Preferencia,Secretaría de Infraestructura Pública y Desarrollo Urbano Sostenible,Comisión Estatal de Vivienda,25.0,4.0,1.0,,1.0,2,0.18590494589010484
Servicio: Asesoría especializada en Acompañamiento y Desarrollo Empresarial,Secretaría de Desarrollo Económico,Instituto Hidalguense de Competitividad Empresarial,1440.0,0.0,0.0,,0.0,1,-0.40224166154945956
Constancia Escolar UPH,Secretaría de Educación Pública,Universidad Politécnica de Huejutla,30.0,1.0,0.0,Nivel 2,1.0,2,-0.2935094267213711
Elaboración de Escrituras - Comisión Estatal de Vivienda,Secretaría de Infraestructura Pública y Desarrollo Urbano Sostenible,Comisión Estatal de Vivienda,40.0,4.0,1.0,Nivel 1,1.0,2,0.14424441485517078
Revalidación de Estudios de Educación Básica,Secretaría de Educación Pública,Instituto Hidalguense de Educación,2880.0,3.0,1.0,Nivel 2,1.0,2,0.08682609603605441
Escuelas de Iniciación Técnico Deportivas del Instituto Hidalguense del Deporte,Secretaría de Educación Pública,Instituto Hidalguense del Deporte,10.0,3.0,1.0,Nivel 2,1.0,2,-0.22152725734984768
Credencial Escolar UTMZ,Secretaría de Educación Pública,Universidad Tecnológica Minera de Zimapán,1440.0,1.0,0.0,Nivel 1,1.0,2,-0.02516485649293365
Captación de Leche en Centros de Acopio.,Secretaría de Agricultura y Desarrollo Rural,Secretaría de Agricultura y Desarrollo Rural,1440.0,0.0,1.0,Nivel 2,0.0,1,-0.511450283434417
"Publicación en el Periódico Oficial, que realizan los Municipios de instrumentos legales.",Secretaría de Gobierno,Secretaría de Gobierno,255.0,0.0,0.0,Nivel 1,1.0,2,0.0912972331392642
"Publicación en el Periódico Oficial, que realizan los Municipios de instrumentos legales.",Secretaría de Gobierno,Secretaría de Gobierno,255.0,0.0,0.0,,1.0,2,0.15001657259286924
Constancias de estudios con calificaciones de Primaria General,Secretaría de Educación Pública,Instituto Hidalguense de Educación,45.0,1.0,1.0,Nivel 2,0.0,1,-0.6957647567792851
Solicitud de Fichas de Ingreso UPE,Secretaría de Educación Pública,Universidad Politécnica de la Energía,2880.0,3.0,1.0,Nivel 1,1.0,2,0.14554543548965942
Capacitación,Secretaría de Hacienda,Instituto Catastral,172800.0,1.0,1.0,,1.0,2,0.5022481044900025
Solicitud de factibilidad para la contratación del servicio de agua potable.,Secretaría de Infraestructura Pública y Desarrollo Urbano Sostenible,Comisión de Agua y Alcantarillado del Sistema Valle del Mezquital,1440.0,3.0,1.0,,1.0,2,0.1598327212032885
Cédula de Validación Estatal Impulso NAFIN-Hidalgo,Secretaría de Desarrollo Económico,Secretaría de Desarrollo Económico,15.0,1.0,1.0,Nivel 3.1,0.0,1,-0.8100603276446552
Por expedición de primeros y segundos testimonios,Secretaría de Gobierno,Dirección General del Archivo General de Notarías,1440.0,0.0,1.0,,1.0,2,0.041784539982923884
Inscripción UPE,Secretaría de Educación Pública,Universidad Politécnica de la Energía,30.0,3.0,1.0,Nivel 1,1.0,2,-0.10851184902514902
Financiamiento para Estudios de Nivel Superior,Secretaría de Educación Pública,Instituto Hidalguense de Financiamiento a la Educación Superior,2880.0,5.0,1.0,Nivel 1,1.0,2,0.38037079993423106
Talleres artísticos especializados del Centro de las Artes de Hidalgo.,Secretaría de Cultura,Consejo Estatal para la Cultura y las Artes de Hidalgo,14400.0,0.0,0.0,Nivel 1,1.0,2,0.17694726033953426
Expedición de Certificados Bachillerato del Estado de Hidalgo,Secretaría de Educación Pública,Bachillerato del Estado de Hidalgo,30.0,2.0,0.0,Nivel 1,1.0,2,-0.11674190604740149
Equivalencia de Estudios de tipo Superior,Secretaría de Educación Pública,Secretaría de Educación Pública,7200.0,5.0,1.0,Nivel 4.1,1.0,3,-0.15231172857859926
Acreditación de la Lengua Extranjera ITESHU.,Secretaría de Educación Pública,Instituto Tecnológico Superior de Huichapan,34560.0,1.0,0.0,Nivel 1,1.0,2,0.20301070446193722
"Validación de trabajos con maquinaria pesada, para su ejecución mediante cuotas de recuperación.",Secretaría de Infraestructura Pública y Desarrollo Urbano Sostenible,Centro Estatal de Maquinaria para el Desarrollo,10080.0,0.0,1.0,Nivel 1,0.0,1,-0.2734919143660613
Cambio de nombre del titular de contrato de agua potable.,Secretaría de Infraestructura Pública y Desarrollo Urbano Sostenible,Comisión de Agua y Alcantarillado del Sistema Valle del Mezquital,1440.0,1.0,1.0,,1.0,2,0.041784539982923884
Expedición de Historial Académico Bachillerato del Estado de Hidalgo,Secretaría de Educación Pública,Bachillerato del Estado de Hidalgo,30.0,1.0,0.0,Nivel 1,1.0,2,-0.2347900872677661
Constitución de Sociedades Cooperativas y Sociedades de Responsabilidad Limitada Microindustrial o Artesanal.,Secretaría de Desarrollo Económico,Secretaría de Desarrollo Económico,15.0,3.0,1.0,,0.0,1,-0.5158541280634754
Autorizaciones provisionales para profesionistas,Secretaría de Educación Pública,Secretaría de Educación Pública,60.0,9.0,2.0,Nivel 2,1.0,0,0.8881490526817313
"Titulación Nivel Licenciatura, Grado Académico Maestría y Especialidad UNIDEH.",Secretaría de Educación Pública,Universidad Digital del Estado de Hidalgo,30.0,4.0,0.0,,1.0,2,0.1768027978507752
Refrendo anual de registro de perito valuador,Secretaría de Hacienda,Instituto Catastral,172800.0,2.0,2.0,,1.0,0,1.1378833123276126
Becas Institucionales UPMH,Secretaría de Educación Pública,Universidad Politécnica Metropolitana de Hidalgo,87840.0,2.0,0.0,Nivel 1,0.0,1,-0.0549128914095391
Vinculación al Servicio Social y Prácticas Profesionales,Oficialía Mayor,Oficialía Mayor,7200.0,1.0,1.0,,0.0,1,-0.23634934531040575
Ficha para Examen de Admisión UPP,Secretaría de Educación Pública,Universidad Politécnica de Pachuca,80.0,2.0,0.0,Nivel 3.7,1.0,3,-0.5248983416264055
Expedición de Credencial Escolar Bachillerato del Estado de Hidalgo,Secretaría de Educación Pública,Bachillerato del Estado de Hidalgo,30.0,1.0,0.0,Nivel 1,1.0,2,-0.2347900872677661
Inscripción registro de perito Topográfo (Catastral),Secretaría de Hacienda,Instituto Catastral,172800.0,1.0,2.0,Nivel 1,1.0,0,0.9611157916536428
Consulta Documental en temas de Población,Secretaría de Gobierno,Consejo Estatal de Población,1440.0,1.0,0.0,Nivel 1,0.0,1,-0.4609610010030646
Atención jurídica en materia familiar.,Secretaría de Gobierno,Centro de Justicia Para Mujeres,50.0,0.0,0.0,,0.0,1,-0.5799385156548492
Historial Académico UPH,Secretaría de Educación Pública,Universidad Politécnica de Huejutla,30.0,1.0,0.0,Nivel 2,1.0,2,-0.2935094267213711
Información de Predios con Potencial para el Desarrollo de Parques Industriales.,Secretaría de Desarrollo Económico,Corporación de Fomento de Infraestructura Industrial,1440.0,0.0,0.0,,0.0,1,-0.40224166154945956
Constancia de Estudios (CEH),Secretaría de Educación Pública,Colegio del Estado de Hidalgo,7200.0,0.0,1.0,Nivel 1,1.0,2,0.14072745974612016
"Capacitaciones, platicas o talleres sobre el cuidado y la conservación de la biodiversidad",Secretaría de Medio Ambiente y Recursos Naturales,Comisión Estatal de Biodiversidad de Hidalgo,1440.0,0.0,1.0,Nivel 1,0.0,1,-0.45273094398081215
Estudio de prefactibilidad en polígonos para proyectos energéticos.,Secretaría de Desarrollo Económico,Agencia Estatal de Energía de Hidalgo,36000.0,3.0,1.0,Nivel 1,1.0,2,0.3319069468408736
Servicios de Equinoterapia UPP,Secretaría de Educación Pública,Universidad Politécnica de Pachuca,60.0,3.0,0.0,Nivel 1,1.0,2,-0.07333044761602965
"Atención psicológica a mujeres en situación de violencia de género y, en su caso, a sus hijas e hijos menores de edad.",Secretaría de Gobierno,Centro de Justicia Para Mujeres,50.0,0.0,0.0,,0.0,1,-0.5799385156548492
Sanitarios con Biodigestor Para Población Indígena,Organismos No Sectorizados,Comisión Estatal para el Desarrollo Sostenible de los Pueblos Indígenas (CEDSPI),1440.0,3.0,1.0,,0.0,1,-0.2759634233068424
Revalidación de Estudios de tipo Superior,Secretaría de Educación Pública,Secretaría de Educación Pública,11520.0,5.0,1.0,Nivel 4.1,1.0,3,-0.12217184923062448
Arrendamiento de salas y espacios en el Parque Científico y Tecnológico de Hidalgo (PCYTH),Organismos No Sectorizados,"Consejo de Ciencia, Tecnología e Innovación de Hidalgo (CITNOVA)",1440.0,0.0,0.0,Nivel 1,1.0,2,-0.02516485649293365
Atención jurídica en materia penal.,Secretaría de Gobierno,Centro de Justicia Para Mujeres,50.0,0.0,0.0,,0.0,1,-0.5799385156548492
Titulación Nivel Posgrado (CEH),Secretaría de Educación Pública,Colegio del Estado de Hidalgo,345600.0,0.0,1.0,Nivel 1,1.0,2,0.4879828903669945
Monitoreo y opiniones técnica en materia de Biodiversidad,Secretaría de Medio Ambiente y Recursos Naturales,Comisión Estatal de Biodiversidad de Hidalgo,1440.0,0.0,1.0,Nivel 1,0.0,1,-0.45273094398081215
Asesoría para la Inversión de Desarrollos Industriales Específicamente en Parques Industriales y Logísticos.,Secretaría de Desarrollo Económico,Corporación de Fomento de Infraestructura Industrial,1440.0,0.0,0.0,,0.0,1,-0.40224166154945956
Dictamen de Convalidación ITESHU.,Secretaría de Educación Pública,Instituto Tecnológico Superior de Huichapan,15840.0,4.0,1.0,Nivel 1,1.0,2,0.5441630825621121
Certificado Parcial de Estudios (CEH),Secretaría de Educación Pública,Colegio del Estado de Hidalgo,7200.0,0.0,1.0,Nivel 1,1.0,2,0.14072745974612016
Jardines Polinizadores ó farmacias vivientes,Secretaría de Medio Ambiente y Recursos Naturales,Comisión Estatal de Biodiversidad de Hidalgo,1440.0,0.0,1.0,Nivel 2,0.0,1,-0.511450283434417
Asesoría y Capacitación en Materia de Contraloría Social,Secretaría de Contraloría,Secretaría de Controlaría,1440.0,0.0,0.0,,0.0,1,-0.40224166154945956
Centros de Atención Infantil (CAI),Organismos No Sectorizados,Sistema para el Desarrollo Integral de la Familia del Estado de Hidalgo,1440.0,6.0,0.0,,0.0,1,-0.04936811588452326
Registro de Organizaciones de la Sociedad Civil de Asistencia Social,Organismos No Sectorizados,Sistema para el Desarrollo Integral de la Familia del Estado de Hidalgo,1440.0,4.0,4.0,,0.0,0,0.9877314560876587
Servicio Social DIF,Organismos No Sectorizados,Sistema para el Desarrollo Integral de la Familia del Estado de Hidalgo,1440.0,2.0,0.0,,0.0,1,-0.28419348032909486
Prevención Social de la Violencia y la Delincuencia.,Secretaría de Seguridad Pública,Secretaría de Seguridad Pública,8640.0,1.0,1.0,Nivel 1,0.0,1,-0.283377155903625
Renovación anual del registro estatal de consultores en materia de protección civil,Secretaría de Gobierno,Subsecretaría de Protección Civil y Gestión de Riesgos,43200.0,0.0,0.0,Nivel 1,1.0,2,0.21732142494414095
"Por la Suscripción al Periódico Oficial, por ejercicio fiscal vigente.",Secretaría de Gobierno,Secretaría de Gobierno,480.0,0.0,0.0,Nivel 1,1.0,2,0.13174590317343826
Expedición de Registro de Personal Docente de instituciones particulares de educación superior,Secretaría de Educación Pública,Secretaría de Educación Pública,14400.0,4.0,1.0,Nivel 4.1,1.0,3,-0.10786187096293269
Casa de la Mujer Hidalguense,Organismos No Sectorizados,Sistema para el Desarrollo Integral de la Familia del Estado de Hidalgo,180.0,4.0,0.0,,0.0,1,0.04485996731278301
"Reporte de violencia o maltrato en contra de Niñas, Niños y Adolescentes",Organismos No Sectorizados,Sistema para el Desarrollo Integral de la Familia del Estado de Hidalgo,1440.0,0.0,0.0,,0.0,1,-0.40224166154945956
Autorización Para el Uso y Aprovechamiento del Derecho de Vía Estatal,Secretaría de Infraestructura Pública y Desarrollo Urbano Sostenible,Secretaría de Infraestructura Pública y Desarrollo Urbano Sostenible,35.0,7.0,1.0,Nivel 1,1.0,2,0.39545997738954025
Expedición de Oficio de Afectación o no Afectación del Derecho de Vía,Secretaría de Infraestructura Pública y Desarrollo Urbano Sostenible,Secretaría de Infraestructura Pública y Desarrollo Urbano Sostenible,25.0,2.0,1.0,Nivel 1,0.0,1,-0.5434359025182027
Expedición de Oficio de Afectación de Vialidades y Señalamiento por Accidentes,Secretaría de Infraestructura Pública y Desarrollo Urbano Sostenible,Secretaría de Infraestructura Pública y Desarrollo Urbano Sostenible,20.0,2.0,1.0,Nivel 1,1.0,2,-0.12133712232217748
Expedición Tarjeta Preferente Tuzobús para Personas con Discapacidad,Secretaría de Movilidad y Transporte,Sistema de Transporte Masivo de Hidalgo,20.0,2.0,1.0,Nivel 1,1.0,2,-0.12133712232217748
"Por la certificación, expedición y entrega de un ejemplar del Periódico Oficial del Estado.",Secretaría de Gobierno,Secretaría de Gobierno,480.0,0.0,0.0,Nivel 3.7,1.0,3,-0.33800881245540226
Devolución Vehículos Recuperados,Procuraduría General de Justicia,Procuraduría General de Justicia,4320.0,5.0,0.0,Nivel 3.1,0.0,1,-0.10061923544109526
Convocatoria del Instituto de Formación Profesional,Secretaría de Seguridad Pública,Secretaría de Seguridad Pública,64800.0,15.0,3.0,Nivel 1,0.0,0,1.6684711523925828
Inscripción al Padrón de Contratistas (Persona Moral),Secretaría de Contraloría,Secretaría de Controlaría,21600.0,0.0,0.0,Nivel 1,1.0,2,0.17286859857350093
Inscripción al Padrón de Contratistas (Persona Física),Secretaría de Contraloría,Secretaría de Controlaría,1440.0,0.0,0.0,,1.0,2,0.03355448296067141
Revalidación del Registro de Contratistas (Persona Moral),Secretaría de Contraloría,Secretaría de Controlaría,1440.0,0.0,0.0,,1.0,2,0.03355448296067141
Revalidación del Registro de Contratistas (Persona Física),Secretaría de Contraloría,Secretaría de Controlaría,21600.0,0.0,0.0,Nivel 1,1.0,2,0.17286859857350093
Prestación de servicios del Complejo Deportivo Revolución Mexicana del Instituto Hidalguense del Deporte,Secretaría de Educación Pública,Instituto Hidalguense del Deporte,10.0,3.0,3.0,Nivel 2,1.0,0,0.6592411556601404
Caja general del Sistema DIF Hidalgo,Organismos No Sectorizados,Sistema para el Desarrollo Integral de la Familia del Estado de Hidalgo,10.0,0.0,0.0,,0.0,1,-0.6661629611953857
Capacitar con temas gerontológicos a los enlaces y/o personas que estén al frente de grupos de personas adultas mayores de los diferentes DIF Municipales.,Organismos No Sectorizados,Sistema para el Desarrollo Integral de la Familia del Estado de Hidalgo,7200.0,1.0,0.0,,0.0,1,-0.24457940233265818
Centros de Desarrollo Comunitario Urbanos (CDC),Organismos No Sectorizados,Sistema para el Desarrollo Integral de la Familia del Estado de Hidalgo,1440.0,0.0,0.0,,0.0,1,-0.40224166154945956
"Acompañamiento, asistencia y seguimiento de proyectos de inversión",Secretaría de Desarrollo Económico,Secretaría de Desarrollo Económico,60.0,0.0,1.0,Nivel 3.1,0.0,1,-0.7363833952314829
Comercialización de prendas no desempeñadas,Organismos No Sectorizados,Sistema para el Desarrollo Integral de la Familia del Estado de Hidalgo,1440.0,0.0,0.0,,0.0,1,-0.40224166154945956
Credencialización para Personas con Discapacidad Permanente,Organismos No Sectorizados,Sistema para el Desarrollo Integral de la Familia del Estado de Hidalgo,1440.0,3.0,0.0,,0.0,1,-0.28419348032909486
"Apoyo con Estudios de gabinete, laboratorio y medicamentos",Organismos No Sectorizados,Sistema para el Desarrollo Integral de la Familia del Estado de Hidalgo,1440.0,1.0,0.0,Nivel 1,0.0,1,-0.4609610010030646
Apoyo de Gastos Funerarios,Organismos No Sectorizados,Sistema para el Desarrollo Integral de la Familia del Estado de Hidalgo,1440.0,3.0,0.0,,0.0,1,-0.28419348032909486
Jornadas Médicas de Subespecialidad,Organismos No Sectorizados,Sistema para el Desarrollo Integral de la Familia del Estado de Hidalgo,1440.0,2.0,1.0,Nivel 1,0.0,1,-0.33468276276044745
Ayudas Técnicas,Organismos No Sectorizados,Sistema para el Desarrollo Integral de la Familia del Estado de Hidalgo,1440.0,0.0,0.0,Nivel 1,0.0,1,-0.4609610010030646
Servicio de Atención Psicológica,Organismos No Sectorizados,Sistema para el Desarrollo Integral de la Familia del Estado de Hidalgo,1440.0,0.0,0.0,Nivel 1,0.0,1,-0.4609610010030646
Servicio de Estacionamiento Plaza Independencia Reloj Monumental,Organismos No Sectorizados,Sistema para el Desarrollo Integral de la Familia del Estado de Hidalgo,1440.0,0.0,0.0,,0.0,1,-0.40224166154945956
Licencia de Uso de Suelo,Secretaría de Infraestructura Pública y Desarrollo Urbano Sostenible,Secretaría de Infraestructura Pública y Desarrollo Urbano Sostenible,30.0,8.0,2.0,Nivel 1,1.0,0,0.9034569337039644
Taller Laboratorio de Órtesis y Prótesis,Organismos No Sectorizados,Sistema para el Desarrollo Integral de la Familia del Estado de Hidalgo,1440.0,2.0,0.0,Nivel 1,0.0,1,-0.34291281978269994
Consulta Médica en el Servicio de Urgencias en el Hospital del Niño DIF Hidalgo,Organismos No Sectorizados,Sistema para el Desarrollo Integral de la Familia del Estado de Hidalgo,1440.0,1.0,0.0,Nivel 1,0.0,1,-0.4609610010030646
Por actualización o reexpedición de órdenes de escrituración,Secretaría de Infraestructura Pública y Desarrollo Urbano Sostenible,Comisión Estatal de Vivienda,30.0,4.0,1.0,,1.0,2,0.1850328548730277
Autorización de Fusión,Secretaría de Infraestructura Pública y Desarrollo Urbano Sostenible,Secretaría de Infraestructura Pública y Desarrollo Urbano Sostenible,20.0,7.0,1.0,Nivel 1,1.0,2,0.3730446337896903
Autorización de Subdivisión,Secretaría de Infraestructura Pública y Desarrollo Urbano Sostenible,Secretaría de Infraestructura Pública y Desarrollo Urbano Sostenible,25.0,6.0,2.0,Nivel 1,1.0,0,0.6447726330537453
Autorización de Fraccionamiento,Secretaría de Infraestructura Pública y Desarrollo Urbano Sostenible,Secretaría de Infraestructura Pública y Desarrollo Urbano Sostenible,30.0,14.0,1.0,Nivel 1,1.0,2,0.7453837616589836
Por trámite de avalúo y traslado de Dominio de la Comisión Estatal de Vivienda,Secretaría de Infraestructura Pública y Desarrollo Urbano Sostenible,Comisión Estatal de Vivienda,30.0,5.0,1.0,,1.0,2,0.1850328548730277
Entrega de paquetes de Conejos.,Secretaría de Agricultura y Desarrollo Rural,Secretaría de Agricultura y Desarrollo Rural,2880.0,1.0,1.0,Nivel 2,0.0,1,-0.46701822969444107
Albergue del Hospital del Niño DIF Hidalgo,Organismos No Sectorizados,Sistema para el Desarrollo Integral de la Familia del Estado de Hidalgo,1440.0,0.0,0.0,Nivel 1,0.0,1,-0.4609610010030646
Autorización de Relotificación de Fraccionamiento,Secretaría de Infraestructura Pública y Desarrollo Urbano Sostenible,Secretaría de Infraestructura Pública y Desarrollo Urbano Sostenible,20.0,8.0,1.0,Nivel 1,1.0,2,0.3730446337896903
Alerta AMBER en Hidalgo,Procuraduría General de Justicia,Procuraduría General de Justicia,10.0,4.0,0.0,Nivel 3.5,0.0,1,-0.7243247917056849
Autorización de Protocolización,Secretaría de Infraestructura Pública y Desarrollo Urbano Sostenible,Secretaría de Infraestructura Pública y Desarrollo Urbano Sostenible,20.0,4.0,1.0,Nivel 1,0.0,1,-0.32230790238773677
Autorización de Venta de Lotes,Secretaría de Infraestructura Pública y Desarrollo Urbano Sostenible,Secretaría de Infraestructura Pública y Desarrollo Urbano Sostenible,25.0,10.0,1.0,Nivel 1,1.0,2,0.38674199810379595
Autorización de Régimen de Propiedad en Condominio,Secretaría de Infraestructura Pública y Desarrollo Urbano Sostenible,Secretaría de Infraestructura Pública y Desarrollo Urbano Sostenible,30.0,11.0,1.0,Nivel 1,1.0,2,0.7453837616589836
Inscripción UTTT,Secretaría de Educación Pública,Universidad Tecnológica de Tula-Tepeji,15.0,3.0,0.0,Nivel 1,1.0,2,-0.14700738002920205
Búsqueda de documentos en archivo y expedición de copias,Secretaría de Infraestructura Pública y Desarrollo Urbano Sostenible,Comisión Estatal de Vivienda,15.0,1.0,1.0,,1.0,2,-0.19810616477370915
Expedición de constancias de Propiedad y/o Posesión,Secretaría de Infraestructura Pública y Desarrollo Urbano Sostenible,Comisión Estatal de Vivienda,30.0,4.0,1.0,,1.0,2,0.1850328548730277
Dictamen de Estudio de impacto Urbano y Vial,Secretaría de Infraestructura Pública y Desarrollo Urbano Sostenible,Secretaría de Infraestructura Pública y Desarrollo Urbano Sostenible,30.0,4.0,1.0,Nivel 1,1.0,2,0.12631351541942265
Reposición de Acta Entrega,Secretaría de Infraestructura Pública y Desarrollo Urbano Sostenible,Comisión Estatal de Vivienda,30.0,3.0,1.0,Nivel 1,1.0,2,-0.10851184902514902
Copias Certificadas y Simples,Secretaría de Infraestructura Pública y Desarrollo Urbano Sostenible,Secretaría de Infraestructura Pública y Desarrollo Urbano Sostenible,20.0,1.0,1.0,Nivel 1,1.0,2,-0.2393853035425421
Copia de Plano,Secretaría de Infraestructura Pública y Desarrollo Urbano Sostenible,Comisión Estatal de Vivienda,30.0,1.0,1.0,,1.0,2,-0.1678406907919086
Elaboración de Croquis de Localización por Lote,Secretaría de Infraestructura Pública y Desarrollo Urbano Sostenible,Comisión Estatal de Vivienda,30.0,1.0,1.0,,1.0,2,-0.1678406907919086
Marcado de lotes,Secretaría de Infraestructura Pública y Desarrollo Urbano Sostenible,Comisión Estatal de Vivienda,30.0,1.0,1.0,,1.0,2,-0.1678406907919086
Entrega física del lote por segunda vez,Secretaría de Infraestructura Pública y Desarrollo Urbano Sostenible,Comisión Estatal de Vivienda,30.0,1.0,1.0,,1.0,2,-0.1678406907919086
Levantamiento Topográfico,Secretaría de Infraestructura Pública y Desarrollo Urbano Sostenible,Comisión Estatal de Vivienda,30.0,1.0,1.0,,1.0,2,-0.1678406907919086
Capacitación Acuícola y Pesquera,Secretaría de Agricultura y Desarrollo Rural,Secretaría de Agricultura y Desarrollo Rural,43200.0,0.0,1.0,Nivel 2,0.0,1,-0.26896400199734255
Admisión UTVM,Secretaría de Educación Pública,Universidad Tecnológica del Valle del Mezquital,1440.0,1.0,0.0,Nivel 1,1.0,2,-0.02516485649293365
Solicitud de baja temporal ó toma muerta del servicio de agua potable.,Secretaría de Infraestructura Pública y Desarrollo Urbano Sostenible,Comisión de Agua y Alcantarillado del Sistema Valle del Mezquital,1440.0,0.0,1.0,,0.0,1,-0.394011604527207
Director Responsable y Corresponsable Modalidad Registro de DRyC,Secretaría de Infraestructura Pública y Desarrollo Urbano Sostenible,Secretaría de Infraestructura Pública y Desarrollo Urbano Sostenible,30.0,5.0,2.0,Nivel 1,1.0,0,0.6439005420366681
Instalación física de toma de agua potable.,Secretaría de Infraestructura Pública y Desarrollo Urbano Sostenible,Comisión de Agua y Alcantarillado del Sistema Valle del Mezquital,1440.0,1.0,0.0,,0.0,1,-0.40224166154945956
"Asesoría de la Incubadora de Empresas del ICATHI, para iniciar o fortalecer un negocio",Secretaría de Trabajo y Previsión Social,Instituto de Capacitación para el Trabajo del Estado de Hidalgo,60.0,1.0,0.0,Nivel 1,1.0,2,-0.19137862883639425
Inscripción COBAEH,Secretaría de Educación Pública,Colegio de Bachilleres del Estado de Hidalgo,10.0,6.0,0.0,Nivel 1,1.0,2,0.06378738952607652
Constancia de Persona Concesionaria y/o Permisionaria,Secretaría de Movilidad y Transporte,Sistema de Transporte Convencional de Hidalgo,30.0,2.0,1.0,,1.0,2,-0.04979250957154395
Inscripción UTVM,Secretaría de Educación Pública,Universidad Tecnológica del Valle del Mezquital,1440.0,2.0,0.0,Nivel 1,1.0,2,0.09288332472743101
Reinscripción UTVM,Secretaría de Educación Pública,Universidad Tecnológica del Valle del Mezquital,1440.0,1.0,0.0,Nivel 1,1.0,2,-0.02516485649293365
Otorgamiento o Renovación de Permisos del Servicio Privado y Complementario de Transporte de Personas y Bienes,Secretaría de Movilidad y Transporte,Sistema de Transporte Convencional de Hidalgo,30.0,10.0,1.0,,1.0,2,0.44458924654032383
Mediación y Conciliación en Materia Penal,Procuraduría General de Justicia,Procuraduría General de Justicia,15.0,2.0,0.0,Nivel 3.1,0.0,1,-0.7002422034465431
Inscripción UTT,Secretaría de Educación Pública,Universidad Tecnológica de Tulancingo,2880.0,1.0,0.0,Nivel 4.2,1.0,3,-0.6853648761962184
Admisión UTT,Secretaría de Educación Pública,Universidad Tecnológica de Tulancingo,2880.0,3.0,0.0,Nivel 4.2,1.0,3,-0.5673166949758538
Inscripción UPP,Secretaría de Educación Pública,Universidad Politécnica de Pachuca,30.0,4.0,1.0,Nivel 2,1.0,2,0.06759417596581761
Reinscripción UPP,Secretaría de Educación Pública,Universidad Politécnica de Pachuca,15.0,2.0,0.0,Nivel 1,1.0,2,-0.14700738002920205
Certificado de Normas Técnicas de Competencia Laboral en CONALEPH,Secretaría de Educación Pública,Colegio de Educación Profesional Técnica del Estado de Hidalgo,1440.0,2.0,0.0,Nivel 3.1,1.0,2,-0.024555354179779165
Autorización para el trabajo de mayores de 15 años y menores de 16,Secretaría de Trabajo y Previsión Social,Secretaría de Trabajo y Previsión Social,259200.0,4.0,2.0,,0.0,0,0.9629165134208529
Inscripción a cursos de inglés,Secretaría de Educación Pública,Instituto Hidalguense de Educación,40.0,2.0,1.0,Nivel 1,1.0,2,-0.09058094958940086
Certificado de no Propiedad (Registro Público de la Propiedad y del Comercio),Secretaría de Gobierno,Dirección General del Instituto de la Función Registral,8640.0,1.0,2.0,,1.0,0,0.7287253546773564
Certificado de Única Propiedad (Registro Público de la Propiedad y del Comercio),Secretaría de Gobierno,Dirección General del Instituto de la Función Registral,8640.0,1.0,2.0,Nivel 3.5,1.0,0,0.317689978502121
Informes sobre Inscripción de Testamentos (Registro Público de la Propiedad y del Comercio),Secretaría de Gobierno,Dirección General del Instituto de la Función Registral,21600.0,1.0,2.0,Nivel 3.5,1.0,0,0.34636964549136845
Inscripción de Accesión de Terrenos Rústicos (Registro Público de la Propiedad y del Comercio),Secretaría de Gobierno,Dirección General del Instituto de la Función Registral,21600.0,7.0,1.0,Nivel 3.5,1.0,3,0.44121255620635547
"Inscripción de Actos Mercantiles, Rectificación (Registro Público de la Propiedad y del Comercio)",Secretaría de Gobierno,Dirección General del Instituto de la Función Registral,21600.0,3.0,1.0,Nivel 3.5,1.0,3,-0.05316919990551239
Inscripción de Contratos que transmiten la Propiedad de Muebles con Limitaciones. (Registro Público de la Propiedad y del Comercio),Secretaría de Gobierno,Dirección General del Instituto de la Función Registral,21600.0,2.0,1.0,Nivel 3.5,1.0,3,-0.05316919990551239
Inscripción de Escrituras Constitutivas de Personas Morales o Modificaciones de Capital (Registro Público de la Propiedad y del Comercio),Secretaría de Gobierno,Dirección General del Instituto de la Función Registral,21600.0,1.0,1.0,Nivel 3.5,1.0,3,-0.17121738112587703
Impartición de Justicia en Conflictos Laborales del Sector Privado,Secretaría de Trabajo y Previsión Social,Secretaría de Trabajo y Previsión Social,259200.0,0.0,0.0,Nivel 1,0.0,1,0.025506544662813636
Impartición de justicia de conflictos laborales del sector público,Secretaría de Trabajo y Previsión Social,Secretaría de Trabajo y Previsión Social,518400.0,1.0,0.0,Nivel 1,0.0,1,0.06996073185061569
Celebración de Convenios Fuera de Juicio de los trabajadores al Servicio de los Gobiernos Estatal y Municipal.,Secretaría de Trabajo y Previsión Social,Secretaría de Trabajo y Previsión Social,259200.0,1.0,0.0,,0.0,1,0.0842258841164187
"Registro de Sindicatos, Expedición de la Toma de Nota y Registro de Condiciones Generales de Trabajo de los Sindicatos al Servicio de los Gobiernos Estatal y Municipal del Estado de Hidalgo.",Secretaría de Trabajo y Previsión Social,Secretaría de Trabajo y Previsión Social,518400.0,1.0,0.0,Nivel 1,0.0,1,0.06996073185061569
Tramitación de la Declaración de Beneficiarios de trabajadores al Servicio de los Gobiernos Estatal y Municipal.,Secretaría de Trabajo y Previsión Social,Secretaría de Trabajo y Previsión Social,259200.0,0.0,1.0,Nivel 1,0.0,1,0.03373660168506607
Acuerdo que autoriza o niega el reconocimiento de validez oficial de estudios de tipo superior. (RVOE),Secretaría de Educación Pública,Secretaría de Educación Pública,86400.0,5.0,1.0,Nivel 2,1.0,2,0.5641592568015328
Registro y cotejo de documentos de alumnos inscritos en nivel licenciatura y posgrado,Secretaría de Educación Pública,Secretaría de Educación Pública,1440.0,3.0,1.0,Nivel 1,1.0,2,0.10111338174968347
Expedición de certificado de defunción,Secretaría de Salud,Secretaría de Salud,60.0,0.0,1.0,Nivel 1,0.0,1,-0.6189447163242727
Inscripción de Poderes Civiles y Sustituciones (Registro Público de la Propiedad y del Comercio),Secretaría de Gobierno,Dirección General del Instituto de la Función Registral,21600.0,2.0,1.0,Nivel 3.5,1.0,3,-0.05316919990551239
Regularización de la propiedad,Secretaría de Infraestructura Pública y Desarrollo Urbano Sostenible,Comisión Estatal de Vivienda,20.0,0.0,1.0,,1.0,2,-0.18066596408893704
Inscripción por Constitución del Patrimonio Familiar. (Registro Público de la Propiedad y del Comercio),Secretaría de Gobierno,Dirección General del Instituto de la Función Registral,21600.0,2.0,1.0,,1.0,2,0.35786617626972306
Ratificación de firmas. (Registro Público de la Propiedad y del Comercio),Secretaría de Gobierno,Dirección General del Instituto de la Función Registral,21600.0,2.0,1.0,,1.0,2,0.35786617626972306
Reinscripción ITESHU.,Secretaría de Educación Pública,Instituto Tecnológico Superior de Huichapan,19.0,2.0,0.0,Nivel 1,1.0,2,-0.13269628841074965
Inscripción de alumnos a educación primaria. (de 2° a 6° grado),Secretaría de Educación Pública,Instituto Hidalguense de Educación,1440.0,3.0,0.0,Nivel 1,0.0,1,-0.34291281978269994
Sustitución del Cargo de Albacea. (Registro Público de la Propiedad y del Comercio),Secretaría de Gobierno,Dirección General del Instituto de la Función Registral,21600.0,2.0,1.0,,1.0,2,0.35786617626972306
Equivalencia de Estudios de Educación Media Superior,Secretaría de Educación Pública,Secretaría de Educación Pública,7200.0,5.0,1.0,Nivel 4.1,1.0,3,-0.15231172857859926
Revalidación de Estudios de Educación Media Superior,Secretaría de Educación Pública,Secretaría de Educación Pública,7200.0,5.0,1.0,Nivel 4.1,1.0,3,-0.15231172857859926
CURP (Clave Única de Registro de Población),Secretaría de Educación Pública,Instituto Hidalguense de Educación,2.0,1.0,0.0,Nivel 1,0.0,1,-0.5268254190486005
Registro de una institución de educación media superior y superior,Secretaría de Educación Pública,Secretaría de Educación Pública,2880.0,7.0,1.0,Nivel 2,1.0,2,0.5812078521479223
Registro Profesional Estatal,Secretaría de Educación Pública,Secretaría de Educación Pública,60.0,7.0,5.0,Nivel 2,1.0,0,1.399431541014415
Carta de No Inconveniente para Incorporación a una Institución Educativa,Secretaría de Educación Pública,Secretaría de Educación Pública,43200.0,6.0,1.0,,1.0,2,0.6371443670849348
Informe de antecedentes profesionales,Secretaría de Educación Pública,Secretaría de Educación Pública,2880.0,1.0,1.0,Nivel 2,1.0,2,-0.031222085184310223
Registro como unidad receptora de servicio social,Secretaría de Educación Pública,Secretaría de Educación Pública,1440.0,2.0,1.0,Nivel 4.1,0.0,3,-0.980595496750103
Registro de Colegio de Profesionistas y Federación,Secretaría de Educación Pública,Secretaría de Educación Pública,7200.0,3.0,1.0,Nivel 2,1.0,2,0.20005630151287973
Ampliaciones de autorizaciones para profesionistas,Secretaría de Educación Pública,Secretaría de Educación Pública,60.0,3.0,2.0,Nivel 2,1.0,0,0.3937672965698634
Servicio Médico Hospitalario,Secretaría de Salud,Secretaría de Salud,2880.0,3.0,0.0,Nivel 1,1.0,2,0.137315378467407
Por la actualización de opiniones técnicas de factibilidad,Secretaría de Gobierno,Subsecretaría de Protección Civil y Gestión de Riesgos,43200.0,0.0,0.0,Nivel 1,1.0,2,0.21732142494414095
Por la impartición de cursos de capacitación a personas físicas o morales del sector privado,Secretaría de Gobierno,Subsecretaría de Protección Civil y Gestión de Riesgos,43200.0,0.0,0.0,Nivel 1,1.0,2,0.21732142494414095
Atención Integral a personas adultas mayores de 60 años en el Centro Estatal de Atención Geriátrica Integral (CESAGI),Secretaría de Salud,Secretaría de Salud,120.0,0.0,0.0,Nivel 1,1.0,2,-0.14745217287955184
Atención Integral a Mayores de 20 años con Enfermedades Crónico-Degenerativas (UNEME EC),Secretaría de Salud,Secretaría de Salud,2880.0,2.0,1.0,Nivel 1,0.0,1,-0.29025070902047145
Permiso de Libros de Control de Estupefacientes y Psicotrópicos,Secretaría de Salud,Secretaría de Salud,7200.0,4.0,0.0,Nivel 1,0.0,1,0.04957480387867301
Certificado de Calidad del Agua de Sistemas Públicos y Privados,Secretaría de Salud,Secretaría de Salud,86400.0,2.0,0.0,Nivel 1,1.0,2,0.3798231747883136
Titulación UPT,Secretaría de Educación Pública,Universidad Politécnica de Tulancingo,25.0,6.0,0.0,Nivel 4.1,1.0,3,-0.5269571845754084
Solicitud de Licencia Sanitaria para servicios urbanos de fumigación y control de plagas.,Secretaría de Salud,Secretaría de Salud,86400.0,2.0,0.0,Nivel 1,1.0,2,0.3798231747883136
Reinscripción UTHH,Secretaría de Educación Pública,Universidad Tecnológica de la Huasteca Hidalguense,20.0,3.0,2.0,,1.0,0,0.45496924374867315
Asesorías Complementarias Intersemestrales CONALEPH,Secretaría de Educación Pública,Colegio de Educación Profesional Técnica del Estado de Hidalgo,1440.0,1.0,1.0,Nivel 1,1.0,2,-0.01693479947068117
Asesorías Complementarias Semestrales CONALEPH,Secretaría de Educación Pública,Colegio de Educación Profesional Técnica del Estado de Hidalgo,1440.0,1.0,1.0,Nivel 1,1.0,2,-0.01693479947068117
Cursos de capacitación,Secretaría de Educación Pública,Colegio de Educación Profesional Técnica del Estado de Hidalgo,1440.0,0.0,0.0,Nivel 3.1,1.0,2,-0.1426035354001438
Reposición de Credencial de CONALEPH,Secretaría de Educación Pública,Colegio de Educación Profesional Técnica del Estado de Hidalgo,1440.0,1.0,1.0,Nivel 1,1.0,2,-0.01693479947068117
Reposición de Certificado de terminación de estudios CONALEPH,Secretaría de Educación Pública,Colegio de Educación Profesional Técnica del Estado de Hidalgo,1440.0,3.0,1.0,Nivel 1,1.0,2,0.10111338174968347
"Opinión favorable para actividades relacionadas con armas, municiones, pólvoras y explosivos, artificios y substancias químicas relacionadas con explosivos.",Secretaría de Gobierno,Secretaría de Gobierno,388800.0,5.0,1.0,Nivel 1,1.0,2,0.8484103142570362
Acuerdo de Actualización del Plan y Programa de Estudios,Secretaría de Educación Pública,Secretaría de Educación Pública,28800.0,4.0,1.0,Nivel 1,1.0,2,0.5524216650281717
Expedición de la Carta de Opinión de Pertinencia de Planes y Programas de Estudios de tipo Superior solicitada ante la COEPEES,Secretaría de Educación Pública,Secretaría de Educación Pública,172800.0,3.0,1.0,Nivel 1,1.0,2,0.561576946256762
Programa de Atención Médica Contra Accidentes Para Escolares en el Hospital del Niño DIF Hidalgo,Organismos No Sectorizados,Sistema para el Desarrollo Integral de la Familia del Estado de Hidalgo,1440.0,3.0,0.0,Nivel 1,0.0,1,-0.34291281978269994
Becas ITESHU.,Secretaría de Educación Pública,Instituto Tecnológico Superior de Huichapan,34560.0,1.0,2.0,Nivel 1,0.0,0,0.2930316435913043
Por la elaboración de constancia de seguridad por unidad de transporte de materiales peligrosos,Secretaría de Gobierno,Subsecretaría de Protección Civil y Gestión de Riesgos,43200.0,0.0,0.0,Nivel 1,1.0,2,0.21732142494414095
Inscripción a cursos de capacitación en línea del ICATHI,Secretaría de Trabajo y Previsión Social,Instituto de Capacitación para el Trabajo del Estado de Hidalgo,30.0,1.0,1.0,Nivel 1,1.0,2,-0.22656003024551366
"Autenticación de título, diploma o grado académico",Secretaría de Educación Pública,Secretaría de Educación Pública,7200.0,12.0,1.0,Nivel 1,1.0,2,1.1126712516506174
"Diseño, tendido y corte de tela para el ensamble de prendas de vestir en el ICATHI",Secretaría de Trabajo y Previsión Social,Instituto de Capacitación para el Trabajo del Estado de Hidalgo,60.0,1.0,0.0,Nivel 1,1.0,2,-0.19137862883639425
Atención médica.,Secretaría de Gobierno,Centro de Justicia Para Mujeres,60.0,0.0,0.0,,0.0,1,-0.5684554338929202
Admisión UTHH,Secretaría de Educación Pública,Universidad Tecnológica de la Huasteca Hidalguense,1460.0,3.0,1.0,,1.0,2,0.16071673263407016
Cancelación de Hipoteca y Reserva de Dominio,Secretaría de Infraestructura Pública y Desarrollo Urbano Sostenible,Comisión Estatal de Vivienda,30.0,4.0,1.0,,1.0,2,0.1850328548730277
"Representación Legal a Trabajadores, Sindicatos y Beneficiarios",Secretaría de Trabajo y Previsión Social,Secretaría de Trabajo y Previsión Social,259200.0,1.0,0.0,Nivel 1,0.0,1,0.025506544662813636
Denuncia y/o queja a posibles violaciones o incumplimientos a las norma de trabajo,Secretaría de Trabajo y Previsión Social,Secretaría de Trabajo y Previsión Social,21600.0,0.0,0.0,Nivel 1,0.0,1,-0.26292754593663
Emisión de estado de cuenta,Secretaría de Infraestructura Pública y Desarrollo Urbano Sostenible,Comisión Estatal de Vivienda,30.0,2.0,1.0,Nivel 1,1.0,2,-0.10851184902514902
Reestructuración de crédito,Secretaría de Infraestructura Pública y Desarrollo Urbano Sostenible,Comisión Estatal de Vivienda,45.0,1.0,1.0,,0.0,1,-0.578326077872075
Constancia de Viabilidad,Secretaría de Infraestructura Pública y Desarrollo Urbano Sostenible,Secretaría de Infraestructura Pública y Desarrollo Urbano Sostenible,30.0,7.0,2.0,Nivel 1,1.0,0,0.9034569337039644
Atención de trabajo social,Secretaría de Gobierno,Centro de Justicia Para Mujeres,50.0,0.0,0.0,,0.0,1,-0.5799385156548492
Prestación de servicios de Marketing Deportivo del Instituto Hidalguense del Deporte,Secretaría de Educación Pública,Instituto Hidalguense del Deporte,15.0,0.0,1.0,Nivel 1,1.0,2,-0.2568255042273142
Albergue Revolución,Organismos No Sectorizados,Sistema para el Desarrollo Integral de la Familia del Estado de Hidalgo,1440.0,0.0,0.0,,0.0,1,-0.40224166154945956
Autorización de cambio de titular del Centro de Verificación Vehicular,Secretaría de Medio Ambiente y Recursos Naturales,Secretaría de Medio Ambiente y Recursos Naturales,43200.0,0.0,2.0,,1.0,0,0.801857848037244
Permiso de Publicidad Modalidad A Productos y Servicios,Secretaría de Salud,Secretaría de Salud,21600.0,4.0,1.0,Nivel 1,1.0,2,0.5339722012606897
Solicitud de Visita de Verificación de materia prima y medicamentos que sean o contengan estupefacientes o psicotrópicos Modalidad A. Balance,Secretaría de Salud,Secretaría de Salud,43200.0,1.0,0.0,Nivel 1,0.0,1,-0.21847471956598996
"Reportes, Quejas y Sugerencias del Servicio Tuzobús",Secretaría de Movilidad y Transporte,Sistema de Transporte Masivo de Hidalgo,21600.0,2.0,1.0,Nivel 2,0.0,1,-0.19536864714761792
Expedición de Tarjetón para Personas Conductoras del Tuzobús,Secretaría de Movilidad y Transporte,Sistema de Transporte Masivo de Hidalgo,1440.0,13.0,2.0,Nivel 1,1.0,0,1.4725960190510616
Renovación del Tarjetón para Personas Conductoras del Tuzobús,Secretaría de Movilidad y Transporte,Sistema de Transporte Masivo de Hidalgo,1440.0,9.0,1.0,Nivel 1,1.0,2,0.5954951378615513
Centro de Expresión Juvenil,Organismos No Sectorizados,Sistema para el Desarrollo Integral de la Familia del Estado de Hidalgo,11520.0,0.0,0.0,,0.0,1,-0.21443952298468338
Inscripción 1er Semestre Bachillerato del Estado de Hidalgo,Secretaría de Educación Pública,Bachillerato del Estado de Hidalgo,30.0,5.0,0.0,Nivel 1,1.0,2,0.11808345839717016
Readmision UPH,Secretaría de Educación Pública,Universidad Politécnica de Huejutla,30.0,1.0,1.0,Nivel 2,1.0,2,-0.28527936969911866
Examen de Recuperación UPH,Secretaría de Educación Pública,Universidad Politécnica de Huejutla,30.0,1.0,0.0,,1.0,2,-0.17607074781416104
Bitácora de Operación de Equipos y Procesos Generadores de Emisiones a la Atmósfera,Secretaría de Medio Ambiente y Recursos Naturales,Secretaría de Medio Ambiente y Recursos Naturales,43200.0,2.0,0.0,,1.0,2,0.39408894561811064
Autorización en materia de impacto ambiental del transporte de residuos de manejo especial generados en procesos industriales y de servicios.,Secretaría de Medio Ambiente y Recursos Naturales,Secretaría de Medio Ambiente y Recursos Naturales,86400.0,7.0,1.0,Nivel 2,1.0,2,0.8237156484688288
Inscripción de registro de perito valuador (Catastral),Secretaría de Hacienda,Instituto Catastral,172800.0,2.0,2.0,Nivel 1,1.0,0,1.0791639728740077
Puntos Topográficos con referencia de localización.,Secretaría de Hacienda,Instituto Catastral,4320.0,2.0,1.0,,1.0,2,0.2847396200075317
Restitución fotogramétrica escala 1:1000.,Secretaría de Hacienda,Instituto Catastral,4320.0,0.0,1.0,,1.0,2,0.16669143878716708
"Constancias de calificaciones, reportes de evaluación y certificación de educación básica",Secretaría de Educación Pública,Instituto Hidalguense de Educación,5760.0,3.0,1.0,Nivel 4.1,1.0,3,-0.40144595811403583
Autorización para impartir educación inicial y/o básica en el estado,Secretaría de Educación Pública,Instituto Hidalguense de Educación,18720.0,2.0,3.0,Nivel 2,1.0,0,1.1421000177934104
Registro de Institución en el Catálogo de Centros de Trabajo de SEPH,Secretaría de Educación Pública,Instituto Hidalguense de Educación,20.0,2.0,1.0,Nivel 2,0.0,1,-0.6158526062859134
Becas de Educación Básica para escuelas públicas y particulares,Secretaría de Educación Pública,Instituto Hidalguense de Educación,21600.0,2.0,1.0,Nivel 4.1,0.0,3,-0.7825620416836686
Preinscripciones de Educación Básica,Secretaría de Educación Pública,Instituto Hidalguense de Educación,47520.0,1.0,0.0,Nivel 4.1,0.0,3,-0.858274964119811
Constitución de Grupos de Productores/as de Leche.,Secretaría de Agricultura y Desarrollo Rural,Secretaría de Agricultura y Desarrollo Rural,14400.0,5.0,1.0,Nivel 2,0.0,1,0.04353537906298706
Capacitación en Nutrición y Manejo de Ganado Lechero.,Secretaría de Agricultura y Desarrollo Rural,Secretaría de Agricultura y Desarrollo Rural,1440.0,1.0,1.0,Nivel 2,0.0,1,-0.511450283434417
Capacitación en Inseminación Artificial en Bovinos leche.,Secretaría de Agricultura y Desarrollo Rural,Secretaría de Agricultura y Desarrollo Rural,1440.0,1.0,1.0,Nivel 2,0.0,1,-0.511450283434417
Reinscripción UPE,Secretaría de Educación Pública,Universidad Politécnica de la Energía,30.0,1.0,1.0,Nivel 1,1.0,2,-0.22656003024551366
Historial académico UPE,Secretaría de Educación Pública,Universidad Politécnica de la Energía,4320.0,1.0,0.0,Nivel 1,1.0,2,0.09974204231130958
Autorización de Bitácora de Control para Residuos de Manejo Especial,Secretaría de Medio Ambiente y Recursos Naturales,Secretaría de Medio Ambiente y Recursos Naturales,86400.0,2.0,1.0,,1.0,2,0.4467725712641711
Actualización al Padrón de Contratistas (Persona Física),Secretaría de Contraloría,Secretaría de Controlaría,1440.0,0.0,0.0,,1.0,2,0.03355448296067141
Elaboración de Contrato,Secretaría de Infraestructura Pública y Desarrollo Urbano Sostenible,Comisión Estatal de Vivienda,30.0,3.0,1.0,,1.0,2,-0.04979250957154395
Constancia de No Afectación,Secretaría de Infraestructura Pública y Desarrollo Urbano Sostenible,Comisión Estatal de Vivienda,30.0,6.0,0.0,Nivel 1,1.0,2,0.11808345839717016
Constancia No Comprendida,Secretaría de Infraestructura Pública y Desarrollo Urbano Sostenible,Secretaría de Infraestructura Pública y Desarrollo Urbano Sostenible,20.0,1.0,1.0,Nivel 1,1.0,2,-0.2393853035425421
Constancia de No Invasión a Fraccionamiento,Secretaría de Infraestructura Pública y Desarrollo Urbano Sostenible,Secretaría de Infraestructura Pública y Desarrollo Urbano Sostenible,20.0,1.0,1.0,Nivel 1,1.0,2,-0.2393853035425421
Constancia de Verificación de la Poligonal de Fraccionamiento,Secretaría de Infraestructura Pública y Desarrollo Urbano Sostenible,Secretaría de Infraestructura Pública y Desarrollo Urbano Sostenible,20.0,1.0,1.0,Nivel 1,1.0,2,-0.2393853035425421
Examen de admisión UTMIR,Secretaría de Educación Pública,Universidad Tecnológica de Mineral de la Reforma,25.0,0.0,0.0,Nivel 2,1.0,2,-0.292637335704294
Inscripción Nivel Licenciatura Bilingüe UPMH,Secretaría de Educación Pública,Universidad Politécnica Metropolitana de Hidalgo,31680.0,5.0,2.0,Nivel 3.7,1.0,0,0.6063663979750638
Nube de puntos derivado de vuelo con Dron,Secretaría de Hacienda,Instituto Catastral,4320.0,3.0,1.0,,1.0,2,0.2847396200075317
Otorgamiento o Renovación de Concesiones para el Servicio de Transporte Público,Secretaría de Movilidad y Transporte,Sistema de Transporte Convencional de Hidalgo,30.0,10.0,1.0,,1.0,2,0.44458924654032383
Pago de arrendamiento,Oficialía Mayor,Oficialía Mayor,14400.0,0.0,1.0,,0.0,1,-0.19189948769473913
Inscripción ITESHU.,Secretaría de Educación Pública,Instituto Tecnológico Superior de Huichapan,20.0,6.0,0.0,Nivel 1,1.0,2,0.10525818510014169
Declaración de Impuestos Estatales,Secretaría de Hacienda,Secretaría de Hacienda,1440.0,2.0,2.0,,0.0,0,0.2416236033104031
Declaración de ISR Enajenación de Bienes Inmuebles Impuestos Federales Coordinados,Secretaría de Hacienda,Secretaría de Hacienda,120.0,6.0,2.0,,0.0,0,0.35416165136835664
Devolución por Concepto de Pago de lo Indebido Estatal,Secretaría de Hacienda,Secretaría de Hacienda,14400.0,2.0,1.0,,0.0,1,-0.07385130647437452
Pago de Créditos Fiscales Estatales,Secretaría de Hacienda,Secretaría de Hacienda,20.0,1.0,2.0,,0.0,0,-0.09887508198182245
Pago de Créditos Fiscales Federales Coordinados,Secretaría de Hacienda,Secretaría de Hacienda,20.0,1.0,2.0,,0.0,0,-0.09887508198182245
Compensación por concepto de pago de lo indebido estatal,Secretaría de Hacienda,Secretaría de Hacienda,86400.0,0.0,1.0,,0.0,1,-0.10707175446632441
Declaración de ISAN,Secretaría de Hacienda,Secretaría de Hacienda,60.0,2.0,2.0,,0.0,0,0.07540983096694256
Movimientos y Actualización al Padrón Estatal de Contribuyentes,Secretaría de Hacienda,Secretaría de Hacienda,20.0,5.0,1.0,Nivel 3.1,0.0,1,-0.4397465812949469
Alta de vehículo particular,Secretaría de Hacienda,Secretaría de Hacienda,20.0,8.0,2.0,,1.0,0,0.9493509998605407
Baja de vehículo particular,Secretaría de Hacienda,Secretaría de Hacienda,20.0,2.0,1.0,,1.0,2,-0.06261778286857242
Expedición de Placas de Demostración para Vehículos de Agencia,Secretaría de Hacienda,Secretaría de Hacienda,20.0,1.0,2.0,Nivel 3.7,1.0,0,-0.19155299255413713
Baja de vehículo de transporte público.,Secretaría de Hacienda,Secretaría de Hacienda,20.0,3.0,1.0,,1.0,2,-0.06261778286857242
Reposición de Tarjeta de Circulación por Pérdida o Actualización Datos,Secretaría de Hacienda,Secretaría de Hacienda,1440.0,3.0,1.0,,1.0,2,0.1598327212032885
Inscripción al Registro Estatal de Contribuyentes,Secretaría de Hacienda,Secretaría de Hacienda,1440.0,1.0,1.0,Nivel 3.1,0.0,1,-0.5701696228880222
Laboratorio de Constatación de Leche.,Secretaría de Agricultura y Desarrollo Rural,Secretaría de Agricultura y Desarrollo Rural,1440.0,1.0,0.0,Nivel 2,1.0,2,-0.08388419594653866
Equivalencia de Estudios UPMH,Secretaría de Educación Pública,Universidad Politécnica Metropolitana de Hidalgo,44640.0,4.0,1.0,Nivel 3.7,1.0,3,0.1107732070660183
Reinscripción UPMH,Secretaría de Educación Pública,Universidad Politécnica Metropolitana de Hidalgo,2880.0,3.0,0.0,Nivel 3.7,1.0,3,-0.33243933716143353
Inscripción De las Demás Zonas por división (Registro Público de la Propiedad y del Comercio),Secretaría de Gobierno,Dirección General del Instituto de la Función Registral,21600.0,5.0,1.0,,1.0,2,0.5926915407142948
"Certificaciones. (Registro Público de la Propiedad y del Comercio, Registro de Crédito Agrícola)",Secretaría de Gobierno,Dirección General del Instituto de la Función Registral,21600.0,1.0,1.0,,1.0,2,0.2398179950493584
Cancelación de Inscripción. (Registro Público de la Propiedad y del Comercio),Secretaría de Gobierno,Dirección General del Instituto de la Función Registral,21600.0,2.0,1.0,,1.0,2,0.35786617626972306
Servicios de Psicología para Mujeres Jóvenes.,Secretaría de Gobierno,Ciudad de las Mujeres,60.0,0.0,1.0,,0.0,1,-0.5602253768706676
Orientación Vocacional para Mujeres Jóvenes.,Secretaría de Gobierno,Ciudad de las Mujeres,1440.0,0.0,1.0,,0.0,1,-0.394011604527207
Expedición de Permiso de circulación.,Secretaría de Hacienda,Secretaría de Hacienda,10.0,3.0,1.0,,1.0,2,-0.10408857844263761
Baja Administrativa de Vehículos,Secretaría de Hacienda,Secretaría de Hacienda,10.0,1.0,1.0,,1.0,2,-0.22213675966300223
Alta de vehículo de transporte público,Secretaría de Hacienda,Secretaría de Hacienda,30.0,6.0,3.0,,1.0,0,1.0658012678830158
Ampliación de Periodo de Verificación Vehícular Extemporánea,Secretaría de Medio Ambiente y Recursos Naturales,Secretaría de Medio Ambiente y Recursos Naturales,43200.0,3.0,0.0,Nivel 1,0.0,1,-0.10042653834562532
Licitaciones Públicas,Oficialía Mayor,Oficialía Mayor,0.0,0.0,0.0,,0.0,1,-0.5385644953712515
Visita Guiada al Parque Ecológico Cubitos,Secretaría de Medio Ambiente y Recursos Naturales,Secretaría de Medio Ambiente y Recursos Naturales,43200.0,0.0,0.0,Nivel 1,1.0,2,0.21732142494414095
Titulación (ITSOEH),Secretaría de Educación Pública,Instituto Tecnológico Superior del Occidente del Estado de Hidalgo,48960.0,1.0,0.0,,1.0,2,0.28406780449281943
Constancia de Residencia Profesional (ITSOEH),Secretaría de Educación Pública,Instituto Tecnológico Superior del Occidente del Estado de Hidalgo,21600.0,0.0,0.0,,1.0,2,0.23158793802710598
Atención Jurídica en Materia Familiar y Penal a Mujeres en Situación de Violencia de Género.,Secretaría de Gobierno,Ciudad de las Mujeres,120.0,0.0,3.0,,0.0,0,0.3644694920961628
Atención de Trabajo Social a Mujeres en Situación de Violencia de Género,Secretaría de Gobierno,Ciudad de las Mujeres,45.0,0.0,6.0,,0.0,0,0.4505434370778543
Inscripción UPFIM,Secretaría de Educación Pública,Universidad Politécnica Francisco I. Madero,1440.0,3.0,0.0,Nivel 3.9,1.0,3,-0.4943100698086197
Reinscripción UPFIM,Secretaría de Educación Pública,Universidad Politécnica Francisco I. Madero,1440.0,1.0,0.0,Nivel 3.9,1.0,3,-0.6123582510289843
Compulsa de documentos,Secretaría de Medio Ambiente y Recursos Naturales,Secretaría de Medio Ambiente y Recursos Naturales,43200.0,0.0,0.0,,0.0,1,-0.1597553801123849
Donación de Planta Forestal para Reforestación,Secretaría de Medio Ambiente y Recursos Naturales,Secretaría de Medio Ambiente y Recursos Naturales,7200.0,0.0,0.0,,0.0,1,-0.24457940233265818
"Visita al Parque Nacional ""El Chico""",Secretaría de Medio Ambiente y Recursos Naturales,Secretaría de Medio Ambiente y Recursos Naturales,43200.0,0.0,0.0,,1.0,2,0.276040764397746
Inscripción UTMZ,Secretaría de Educación Pública,Universidad Tecnológica Minera de Zimapán,4320.0,4.0,0.0,,1.0,2,0.5113349274298509
Examen de Ingreso UTMZ,Secretaría de Educación Pública,Universidad Tecnológica Minera de Zimapán,4320.0,1.0,0.0,,1.0,2,0.15846138176491462
Solicitud de Examen de Admisión UPMH,Secretaría de Educación Pública,Universidad Politécnica Metropolitana de Hidalgo,4320.0,3.0,0.0,Nivel 3.7,1.0,3,-0.25196449209716637
Certificados de Estudios Parciales y Totales UPMH,Secretaría de Educación Pública,Universidad Politécnica Metropolitana de Hidalgo,12960.0,3.0,0.0,Nivel 3.7,1.0,3,-0.18151597201818123
Historial Académico UTSH,Secretaría de Educación Pública,Universidad Tecnológica de la Sierra Hidalguense,1440.0,1.0,0.0,,1.0,2,0.03355448296067141
Reposición de credencial UTSH,Secretaría de Educación Pública,Universidad Tecnológica de la Sierra Hidalguense,1440.0,1.0,0.0,,1.0,2,0.03355448296067141
Reinsripción UTMZ,Secretaría de Educación Pública,Universidad Tecnológica Minera de Zimapán,7200.0,1.0,0.0,Nivel 1,1.0,2,0.13249740272386767
Constancia Escolar UTMZ,Secretaría de Educación Pública,Universidad Tecnológica Minera de Zimapán,1440.0,1.0,0.0,Nivel 1,1.0,2,-0.02516485649293365
Titulación UTHH,Secretaría de Educación Pública,Universidad Tecnológica de la Huasteca Hidalguense,259200.0,3.0,0.0,Nivel 2,1.0,2,0.5206315309397042
"Prestación de servicios del Polideportivo, Gimnasio Presidente Miguel Alemán y el estadio de béisbol G. Alfonso Corona del Rosal del Instituto Hidalguense del Deporte",Secretaría de Educación Pública,Instituto Hidalguense del Deporte,10.0,0.0,1.0,Nivel 1,1.0,2,-0.28085609911660725
Publicaciones e impresiones (Materia Catastral Intructivo de Valuación),Secretaría de Hacienda,Instituto Catastral,4320.0,1.0,0.0,,1.0,2,0.15846138176491462
Preinscripción a Preparatoria Abierta,Secretaría de Educación Pública,Instituto Hidalguense de Educación para Adultos,30.0,2.0,0.0,Nivel 1,1.0,2,-0.11674190604740149
Inscripción a Preparatoria Abierta,Secretaría de Educación Pública,Instituto Hidalguense de Educación para Adultos,20.0,6.0,0.0,Nivel 1,1.0,2,0.10525818510014169
Certificación de Preparatoria Abierta,Secretaría de Educación Pública,Instituto Hidalguense de Educación para Adultos,21600.0,6.0,0.0,Nivel 1,1.0,2,0.5257421442384371
Constancia de No Infracción.,Secretaría de Movilidad y Transporte,Sistema de Transporte Convencional de Hidalgo,30.0,2.0,1.0,Nivel 2,1.0,2,-0.167231188478754
Constancia de Inscripción de Preparatoria Abierta,Secretaría de Educación Pública,Instituto Hidalguense de Educación para Adultos,2880.0,2.0,2.0,Nivel 1,1.0,0,0.663132462106905
Historial Académico de Preparatoria Abierta,Secretaría de Educación Pública,Instituto Hidalguense de Educación para Adultos,10.0,3.0,1.0,Nivel 1,1.0,2,-0.16280791789624266
Solicitud de exámenes ordinarios de Preparatoria Abierta,Secretaría de Educación Pública,Instituto Hidalguense de Educación para Adultos,15.0,3.0,0.0,Nivel 1,1.0,2,-0.14700738002920205
Solicitud de exámenes extemporáneos de Preparatoria Abierta,Secretaría de Educación Pública,Instituto Hidalguense de Educación para Adultos,15.0,3.0,0.0,Nivel 1,1.0,2,-0.14700738002920205
Inscripción a Nivel Posgrado UPMH,Secretaría de Educación Pública,Universidad Politécnica Metropolitana de Hidalgo,2880.0,6.0,2.0,Nivel 3.7,1.0,0,0.428203110922636
Servicios de Laboratorio UTTT,Secretaría de Educación Pública,Universidad Tecnológica de Tula-Tepeji,21600.0,2.0,2.0,Nivel 1,1.0,0,0.8167338634333635
Servicios de Evaluación y certificación /Entidad de Certificación y Evaluación UTTT,Secretaría de Educación Pública,Universidad Tecnológica de Tula-Tepeji,43200.0,1.0,0.0,Nivel 1,1.0,2,0.21732142494414095
Consultoría y Estudio Técnico UTTT,Secretaría de Educación Pública,Universidad Tecnológica de Tula-Tepeji,28800.0,3.0,1.0,Nivel 1,1.0,2,0.3175963005836001
Reinscripción UTVAM,Secretaría de Educación Pública,Universidad Tecnológica de la Zona Metropolitana del Valle de México,2880.0,2.0,0.0,Nivel 4.3,1.0,3,-0.6260360344294589
Expedición de Historial Académico UTVAM,Secretaría de Educación Pública,Universidad Tecnológica de la Zona Metropolitana del Valle de México,2880.0,2.0,0.0,Nivel 4.3,1.0,3,-0.6260360344294589
Constancia de Estudios UPT,Secretaría de Educación Pública,Universidad Politécnica de Tulancingo,10.0,1.0,0.0,Nivel 3.7,1.0,3,-0.7588408717677002
Historial Académico UPT,Secretaría de Educación Pública,Universidad Politécnica de Tulancingo,10.0,1.0,0.0,Nivel 3.7,1.0,3,-0.7588408717677002
Entrega de apoyos a población vulnerable,Organismos No Sectorizados,Sistema para el Desarrollo Integral de la Familia del Estado de Hidalgo,1440.0,0.0,0.0,,0.0,1,-0.40224166154945956
"Expedición de información catastral, sin certificación.",Secretaría de Hacienda,Instituto Catastral,4320.0,1.0,1.0,Nivel 1,1.0,2,0.10797209933356204
Equivalencia de Estudios UPP,Secretaría de Educación Pública,Universidad Politécnica de Pachuca,50.0,4.0,1.0,Nivel 3.7,1.0,3,-0.3115128235399752
Certificado Parcial de Estudios y/o Carta de Pasante UPP,Secretaría de Educación Pública,Universidad Politécnica de Pachuca,70.0,2.0,0.0,Nivel 3.8,1.0,3,-0.5920685737612914
Reposición de credencial escolar UPE,Secretaría de Educación Pública,Universidad Politécnica de la Energía,4320.0,2.0,0.0,Nivel 1,1.0,2,0.2177902235316742
Constancia de no Adeudo UPP,Secretaría de Educación Pública,Universidad Politécnica de Pachuca,4320.0,2.0,2.0,Nivel 2,1.0,0,0.6848879677175672
Certificado de Estudios ITESHU.,Secretaría de Educación Pública,Instituto Tecnológico Superior de Huichapan,5760.0,2.0,0.0,Nivel 1,1.0,2,0.23623671885336733
Constancia Escolar ITESHU.,Secretaría de Educación Pública,Instituto Tecnológico Superior de Huichapan,1440.0,1.0,0.0,Nivel 1,1.0,2,-0.02516485649293365
Examen de Egreso de Licenciatura UPT,Secretaría de Educación Pública,Universidad Politécnica de Tulancingo,20.0,1.0,0.0,Nivel 4.1,1.0,3,-0.8935280945544501
Constancia Escolar UPP,Secretaría de Educación Pública,Universidad Politécnica de Pachuca,1440.0,3.0,0.0,Nivel 3.7,1.0,3,-0.37687139090140953
Equivalencia de Estudios UPT,Secretaría de Educación Pública,Universidad Politécnica de Tulancingo,15.0,3.0,0.0,Nivel 3.7,1.0,3,-0.6167620956580426
Certificación UPT,Secretaría de Educación Pública,Universidad Politécnica de Tulancingo,45.0,2.0,0.0,Nivel 3.7,1.0,3,-0.5611858642462775
Credencial Escolar UPT,Secretaría de Educación Pública,Universidad Politécnica de Tulancingo,15.0,1.0,0.0,Nivel 3.7,1.0,3,-0.7348102768784073
Examen Toefl UPT,Secretaría de Educación Pública,Universidad Politécnica de Tulancingo,20.0,1.0,0.0,Nivel 4.1,1.0,3,-0.8935280945544501
Examen de Competencia Profesional UPT,Secretaría de Educación Pública,Universidad Politécnica de Tulancingo,20.0,1.0,0.0,Nivel 4.1,1.0,3,-0.8935280945544501
Examen Extraordinario UPT,Secretaría de Educación Pública,Universidad Politécnica de Tulancingo,20.0,1.0,0.0,Nivel 4.1,1.0,3,-0.8935280945544501
Recurso de Revocación Estatal,Secretaría de Hacienda,Secretaría de Hacienda,129600.0,3.0,0.0,Nivel 4.2,0.0,3,-0.6055314110336538
Historial Académico UPP,Secretaría de Educación Pública,Universidad Politécnica de Pachuca,70.0,1.0,0.0,Nivel 3.7,1.0,3,-0.6513974155280511
Titulación Nivel Licenciatura/Ingeniería y Posgrado UPP,Secretaría de Educación Pública,Universidad Politécnica de Pachuca,40.0,7.0,4.0,Nivel 3.9,1.0,0,0.8454769269363457
Recurso de Revocación Federal,Secretaría de Hacienda,Secretaría de Hacienda,129600.0,3.0,0.0,,0.0,1,0.15782000186321204
Curso Propedéutico UPP,Secretaría de Educación Pública,Universidad Politécnica de Pachuca,20.0,2.0,0.0,Nivel 1,1.0,2,-0.1295671793444299
Copias de documentos que obren en la Procuraduría Fiscal del Estado.,Secretaría de Hacienda,Secretaría de Hacienda,4320.0,1.0,1.0,,1.0,2,0.16669143878716708
Certificado Parcial UTTT,Secretaría de Educación Pública,Universidad Tecnológica de Tula-Tepeji,30.0,1.0,0.0,Nivel 1,1.0,2,-0.2347900872677661
Reposición de credencial UTTT,Secretaría de Educación Pública,Universidad Tecnológica de Tula-Tepeji,5.0,1.0,0.0,Nivel 1,1.0,2,-0.3279600781815562
Curso semipresencial ITESHU.,Secretaría de Educación Pública,Instituto Tecnológico Superior de Huichapan,2880.0,1.0,0.0,Nivel 1,1.0,2,0.019267197247042355
Exámenes Generales de Egreso de la Licenciatura (EGEL) ITESHU.,Secretaría de Educación Pública,Instituto Tecnológico Superior de Huichapan,300.0,1.0,0.0,Nivel 1,1.0,2,0.1016826348829396
Congresos - Simposios ITESHU.,Secretaría de Educación Pública,Instituto Tecnológico Superior de Huichapan,4320.0,1.0,0.0,Nivel 1,1.0,2,0.09974204231130958
Servicios Tecnológicos tipo I (ITSOEH),Secretaría de Educación Pública,Instituto Tecnológico Superior del Occidente del Estado de Hidalgo,47520.0,0.0,0.0,,1.0,2,0.2821532538335807
Asesoría Técnica ITESHU.,Secretaría de Educación Pública,Instituto Tecnológico Superior de Huichapan,14400.0,1.0,1.0,Nivel 1,1.0,2,0.18517731736178672
Dictamen de equivalencia ITESHU.,Secretaría de Educación Pública,Instituto Tecnológico Superior de Huichapan,15840.0,4.0,1.0,Nivel 1,1.0,2,0.5441630825621121
"Curso de extensión, actualización o educación continua ITESHU.",Secretaría de Educación Pública,Instituto Tecnológico Superior de Huichapan,4320.0,1.0,1.0,Nivel 1,1.0,2,0.10797209933356204
Evaluación de segunda oportunidad ITESHU.,Secretaría de Educación Pública,Instituto Tecnológico Superior de Huichapan,360.0,1.0,0.0,Nivel 1,1.0,2,0.11334012666719721
Titulación ITESHU.,Secretaría de Educación Pública,Instituto Tecnológico Superior de Huichapan,85.0,8.0,1.0,Nivel 1,1.0,2,0.4513096953804331
Capacitación y Certificación a entrenadores Instituto Hidalguense del Deporte,Secretaría de Educación Pública,Instituto Hidalguense del Deporte,10.0,3.0,0.0,Nivel 1,1.0,2,-0.1710379749184951
Reposición de Credencial UTVAM,Secretaría de Educación Pública,Universidad Tecnológica de la Zona Metropolitana del Valle de México,2880.0,2.0,0.0,Nivel 4.3,1.0,3,-0.6260360344294589
Inscripción (CEH),Secretaría de Educación Pública,Colegio del Estado de Hidalgo,1440.0,1.0,0.0,Nivel 1,0.0,1,-0.4609610010030646
Registro de Admisión (CEH),Secretaría de Educación Pública,Colegio del Estado de Hidalgo,1440.0,2.0,2.0,Nivel 1,1.0,0,0.618700408366929
"Componente Rehabilitación, Modernización y Tecnificación de Distritos de Riego.",Secretaría de Agricultura y Desarrollo Rural,Secretaría de Agricultura y Desarrollo Rural,14400.0,3.0,1.0,Nivel 2,0.0,1,-0.19128998538158462
Componente Equipamiento de Distritos de Riego.,Secretaría de Agricultura y Desarrollo Rural,Secretaría de Agricultura y Desarrollo Rural,14400.0,3.0,1.0,Nivel 2,0.0,1,-0.19128998538158462
"Componente Rehabilitación, Modernización, Tecnificación, Equipamiento de Unidades de Riego y Proyectos Productivos en Zonas de Atención Prioritaria.",Secretaría de Agricultura y Desarrollo Rural,Secretaría de Agricultura y Desarrollo Rural,14400.0,5.0,1.0,Nivel 2,0.0,1,0.04353537906298706
Certificación de copias de documentos históricos,Oficialía Mayor,Oficialía Mayor,1440.0,0.0,0.0,Nivel 1,0.0,1,-0.4609610010030646
Acuerdo de autorización por cambio de domicilio,Secretaría de Educación Pública,Secretaría de Educación Pública,259200.0,2.0,1.0,Nivel 1,1.0,2,0.5875809274155617
Duplicado de certificado de estudios UTVM,Secretaría de Educación Pública,Universidad Tecnológica del Valle del Mezquital,30240.0,1.0,0.0,Nivel 1,1.0,2,0.19444706536920742
Expedición de Certificado de Estudios UTVAM,Secretaría de Educación Pública,Universidad Tecnológica de la Zona Metropolitana del Valle de México,2880.0,2.0,0.0,Nivel 4.3,1.0,3,-0.6260360344294589
Historial Académico UTMZ,Secretaría de Educación Pública,Universidad Tecnológica Minera de Zimapán,1440.0,0.0,1.0,Nivel 1,0.0,1,-0.45273094398081215
Curso de Lengua Extranjera a Público en General y Personal Docente y Administrativo UTVAM,Secretaría de Educación Pública,Universidad Tecnológica de la Zona Metropolitana del Valle de México,2880.0,3.0,1.0,Nivel 1,1.0,2,0.14554543548965942
Reposición de Credencial Escolar UPP,Secretaría de Educación Pública,Universidad Politécnica de Pachuca,15.0,2.0,0.0,Nivel 1,1.0,2,-0.14700738002920205
Becas UPT,Secretaría de Educación Pública,Universidad Politécnica de Tulancingo,8.0,1.0,1.0,Nivel 4.1,0.0,3,-1.375434794785583
Aclaración de resultados de exámenes de Preparatoria Abierta por omisión y/o revisión administrativa,Secretaría de Educación Pública,Instituto Hidalguense de Educación para Adultos,15.0,1.0,1.0,Nivel 1,0.0,1,-0.6926216487374451
Registro de Equivalencias Preparatoria Abierta,Secretaría de Educación Pública,Instituto Hidalguense de Educación para Adultos,20.0,3.0,1.0,Nivel 1,0.0,1,-0.5571332668323083
Titulación UPH,Secretaría de Educación Pública,Universidad Politécnica de Huejutla,172800.0,7.0,0.0,Nivel 2,1.0,2,0.9890093058927721
Constancia de Estudios COBAEH,Secretaría de Educación Pública,Colegio de Bachilleres del Estado de Hidalgo,2880.0,0.0,0.0,Nivel 1,1.0,2,0.019267197247042355
Certificado de Estudios COBAEH,Secretaría de Educación Pública,Colegio de Bachilleres del Estado de Hidalgo,30240.0,0.0,0.0,Nivel 1,1.0,2,0.19444706536920742
Equivalencia de Estudios COBAEH,Secretaría de Educación Pública,Colegio de Bachilleres del Estado de Hidalgo,17280.0,1.0,0.0,Nivel 1,1.0,2,0.18863953135001138
Seguro Escolar COBAEH,Secretaría de Educación Pública,Colegio de Bachilleres del Estado de Hidalgo,5.0,0.0,0.0,Nivel 1,1.0,2,-0.3279600781815562
Historial académico UTVM,Secretaría de Educación Pública,Universidad Tecnológica del Valle del Mezquital,2.0,1.0,0.0,Nivel 4.3,0.0,3,-1.2901768319454663
Equivalencias de estudios UTVM,Secretaría de Educación Pública,Universidad Tecnológica del Valle del Mezquital,30240.0,3.0,0.0,Nivel 1,0.0,1,-0.1233008979205589
Alimentación Escolar Modalidad Fría,Organismos No Sectorizados,Sistema para el Desarrollo Integral de la Familia del Estado de Hidalgo,1440.0,2.0,1.0,,0.0,1,-0.2759634233068424
Alimentación Escolar Modalidad Caliente,Organismos No Sectorizados,Sistema para el Desarrollo Integral de la Familia del Estado de Hidalgo,1440.0,1.0,0.0,Nivel 1,0.0,1,-0.4609610010030646
"Atención Alimentaria a Grupos Prioritarios, Personas Mayores",Organismos No Sectorizados,Sistema para el Desarrollo Integral de la Familia del Estado de Hidalgo,1440.0,0.0,0.0,Nivel 1,0.0,1,-0.4609610010030646
Atención Alimentaria en los Primeros 1000 Días,Organismos No Sectorizados,Sistema para el Desarrollo Integral de la Familia del Estado de Hidalgo,1440.0,2.0,1.0,Nivel 1,0.0,1,-0.33468276276044745
Atención Alimentaria a Personas en Situación de Emergencia o Desastre,Organismos No Sectorizados,Sistema para el Desarrollo Integral de la Familia del Estado de Hidalgo,1440.0,0.0,0.0,Nivel 1,0.0,1,-0.4609610010030646
"Atención Alimentaria a Grupos Prioritarios, Personas con Discapacidad",Organismos No Sectorizados,Sistema para el Desarrollo Integral de la Familia del Estado de Hidalgo,1440.0,1.0,0.0,Nivel 1,0.0,1,-0.4609610010030646
Atención Psicológica a Mujeres en Situación de Violencia de Género,Secretaría de Gobierno,Ciudad de las Mujeres,60.0,0.0,0.0,,0.0,1,-0.5684554338929202
Admisión ITESHU.,Secretaría de Educación Pública,Instituto Tecnológico Superior de Huichapan,27.0,4.0,0.0,Nivel 1,1.0,2,0.1115557256669895
Servicios de Sensibilización y desarrollo de habilidades para la vida de las juventudes,Secretaría de Gobierno,Ciudad de las Mujeres,1440.0,0.0,0.0,,0.0,1,-0.40224166154945956
Aviso de Actualización de Datos o Baja del Establecimiento de Insumos para la Salud que Opera con Licencia Sanitaria.,Secretaría de Salud,Secretaría de Salud,20.0,0.0,0.0,Nivel 1,0.0,1,-0.6834115050749255
Aviso de Actualización de Datos para Servicios Urbanos de Fumigación y Control de Plagas Urbanas del Establecimiento que Opera con Licencia Sanitaria.,Secretaría de Salud,Secretaría de Salud,0.0,0.0,0.0,Nivel 1,0.0,1,-0.5972838348248566
Aviso de Funcionamiento de Crematorio,Secretaría de Salud,Secretaría de Salud,21600.0,7.0,1.0,Nivel 1,0.0,1,0.35773244841785495
Aviso de Funcionamiento de Panteón.,Secretaría de Salud,Secretaría de Salud,21600.0,6.0,1.0,Nivel 1,0.0,1,0.09817605675055878
Licencia Sanitaria de Unidades Móviles para Traslado de Cadáveres,Secretaría de Salud,Secretaría de Salud,21600.0,3.0,0.0,Nivel 1,0.0,1,-0.14487936471626534
Solicitud de Modificación a la Licencia Sanitaria de Establecimientos de Insumos para la Salud Modalidad G.- Farmacia o Botica (con venta de medicamentos controlados),Secretaría de Salud,Secretaría de Salud,86400.0,2.0,0.0,Nivel 1,1.0,2,0.3798231747883136
Solicitud de Modificación a la Licencia Sanitaria para Servicios Urbanos de Fumigación y Control de plagas.,Secretaría de Salud,Secretaría de Salud,86400.0,3.0,0.0,Nivel 1,1.0,2,0.3798231747883136
Credencial Escolar y duplicado COBAEH,Secretaría de Educación Pública,Colegio de Bachilleres del Estado de Hidalgo,31680.0,0.0,0.0,Nivel 1,1.0,2,0.19743048429947002
Asesoría para el Desarrollo de Productos y la Comercialización en Agronegocios.,Secretaría de Agricultura y Desarrollo Rural,Secretaría de Agricultura y Desarrollo Rural,1440.0,2.0,1.0,Nivel 2,0.0,1,-0.3934021022140525
Asesoría para el trámite de la membresía GS1 para la trazabilidad en productos agropecuarios,Secretaría de Agricultura y Desarrollo Rural,Secretaría de Agricultura y Desarrollo Rural,1440.0,3.0,4.0,Nivel 2,0.0,0,0.635467412735877
Asesoría presencial y a distancia para la Constitución de Sociedades Agropecuarias y Pesqueras.,Secretaría de Agricultura y Desarrollo Rural,Secretaría de Agricultura y Desarrollo Rural,1440.0,2.0,0.0,Nivel 2,0.0,1,-0.40163215923630496
Asistencia Técnica y Capacitación Pecuaria.,Secretaría de Agricultura y Desarrollo Rural,Secretaría de Agricultura y Desarrollo Rural,7200.0,1.0,1.0,Nivel 2,0.0,1,-0.3537880242176158
Siembra de Crías de Peces.,Secretaría de Agricultura y Desarrollo Rural,Secretaría de Agricultura y Desarrollo Rural,43200.0,0.0,1.0,Nivel 2,0.0,1,-0.26896400199734255
Clínica Universitaria de Rehabilitación Integral (C.U.R.e.I.) Servicios de Terapia Física UPP,Secretaría de Educación Pública,Universidad Politécnica de Pachuca,1440.0,3.0,0.0,Nivel 3.7,1.0,3,-0.37687139090140953
Inscripción al Catálogo de Empresas del Sector Energético del Estado de Hidalgo.,Secretaría de Desarrollo Económico,Agencia Estatal de Energía de Hidalgo,25920.0,3.0,1.0,Nivel 1,1.0,2,0.3108393552309552
"Reinscripción: 2°,3°,4°,5° y 6° Semestre Bachillerato del Estado de Hidalgo",Secretaría de Educación Pública,Bachillerato del Estado de Hidalgo,30.0,1.0,0.0,Nivel 1,1.0,2,-0.2347900872677661
Titulación UPMH,Secretaría de Educación Pública,Universidad Politécnica Metropolitana de Hidalgo,367200.0,4.0,1.0,Nivel 3.2,1.0,2,0.6685865070924703
Opinión de Cumplimiento de Obligaciones Fiscales Estatales,Secretaría de Hacienda,Secretaría de Hacienda,4320.0,0.0,0.0,,1.0,2,0.15846138176491462
Reposición de certificado o constancia del ICATHI,Secretaría de Trabajo y Previsión Social,Instituto de Capacitación para el Trabajo del Estado de Hidalgo,30.0,1.0,0.0,Nivel 1,1.0,2,-0.2347900872677661
Tienda en línea Margarita Michelena.,Secretaría de Cultura,Consejo Estatal para la Cultura y las Artes de Hidalgo,2880.0,0.0,0.0,Nivel 1,1.0,2,0.019267197247042355
Cesión de Derechos - Comisión Estatal de Vivienda,Secretaría de Infraestructura Pública y Desarrollo Urbano Sostenible,Comisión Estatal de Vivienda,30.0,3.0,1.0,,1.0,2,-0.04979250957154395
Órdenes de escrituración - Comisión Estatal de Vivienda,Secretaría de Infraestructura Pública y Desarrollo Urbano Sostenible,Comisión Estatal de Vivienda,30.0,4.0,1.0,,1.0,2,0.1850328548730277
Constancia escolar UICEH,Secretaría de Educación Pública,Universidad Intercultural del Estado de Hidalgo,1440.0,1.0,0.0,Nivel 1,1.0,2,-0.02516485649293365
"Asesoría técnica, especializada en agricultura sustentable.",Secretaría de Agricultura y Desarrollo Rural,Secretaría de Agricultura y Desarrollo Rural,1440.0,1.0,0.0,Nivel 2,0.0,1,-0.5196803404566696
Credencialización UICEH,Secretaría de Educación Pública,Universidad Intercultural del Estado de Hidalgo,60.0,1.0,0.0,Nivel 1,1.0,2,-0.19137862883639425
Garantias del Interes Fiscal (Federal),Secretaría de Hacienda,Secretaría de Hacienda,129600.0,0.0,1.0,,0.0,1,0.04800187766509985
Garantias del Interes Fiscal (Estatal),Secretaría de Hacienda,Secretaría de Hacienda,129600.0,0.0,1.0,,0.0,1,0.04800187766509985
Remates en línea,Secretaría de Hacienda,Secretaría de Hacienda,43200.0,0.0,0.0,,0.0,1,-0.1597553801123849
Historial Académico UNIDEH,Secretaría de Educación Pública,Universidad Digital del Estado de Hidalgo,1440.0,1.0,0.0,,1.0,2,0.03355448296067141
Dictamen de Equivalencia (ITSOEH),Secretaría de Educación Pública,Instituto Tecnológico Superior del Occidente del Estado de Hidalgo,86400.0,3.0,1.0,,1.0,2,0.4467725712641711
Préstamo con maquinaria especializada para la nivelación de tierras agrícolas.,Secretaría de Agricultura y Desarrollo Rural,Secretaría de Agricultura y Desarrollo Rural,1440.0,1.0,1.0,Nivel 2,0.0,1,-0.511450283434417
Publicaciones e impresiones (Materia Catastral Compendio Catastral),Secretaría de Hacienda,Instituto Catastral,4320.0,1.0,0.0,,1.0,2,0.15846138176491462
Refrendo anual perito topográfo,Secretaría de Hacienda,Instituto Catastral,172800.0,1.0,2.0,,1.0,0,1.0198351311072478
Becas para la Transformación de Estudiantes de Instituciones de Educación Superior,Secretaría de Educación Pública,Secretaría de Educación Pública,7200.0,11.0,3.0,Nivel 4.1,0.0,0,0.9117307861608188
Copia de Ortofoto a color escala 1:1000,Secretaría de Hacienda,Instituto Catastral,4320.0,2.0,1.0,,1.0,2,0.2847396200075317
Autorización de Centro de Asesoría Particular de Preparatoria Abierta,Secretaría de Educación Pública,Instituto Hidalguense de Educación para Adultos,21600.0,9.0,0.0,Nivel 1,1.0,2,0.7852985359057334
Admisión UPFIM,Secretaría de Educación Pública,Universidad Politécnica Francisco I. Madero,1440.0,1.0,0.0,Nivel 3.9,1.0,3,-0.6123582510289843
Constancia Escolar UPFIM,Secretaría de Educación Pública,Universidad Politécnica Francisco I. Madero,480.0,1.0,0.0,Nivel 1,1.0,2,0.13174590317343826
Certificado Parcial UPFIM,Secretaría de Educación Pública,Universidad Politécnica Francisco I. Madero,21600.0,2.0,0.0,Nivel 3.9,1.0,3,-0.2962766147421851
Cursos de Educación Continua UPFIM,Secretaría de Educación Pública,Universidad Politécnica Francisco I. Madero,1440.0,1.0,0.0,Nivel 3.9,1.0,3,-0.6123582510289843
Titulación en la UICEH,Secretaría de Educación Pública,Universidad Intercultural del Estado de Hidalgo,518400.0,8.0,0.0,Nivel 1,1.0,2,1.118186813692979
Examen TOEFL UPFIM,Secretaría de Educación Pública,Universidad Politécnica Francisco I. Madero,1440.0,1.0,0.0,,1.0,2,0.03355448296067141
Asesoría Jurídica en Derechos Humanos,Secretaría de Gobierno,Secretaría de Gobierno,255.0,0.0,0.0,,0.0,1,-0.28577957191726167
Escrituras Públicas para personas que han tenido en posesión un predio,Secretaría de Gobierno,Secretaría de Gobierno,345600.0,5.0,0.0,Nivel 1,0.0,1,0.39683023449954746
Modificación de Tipo de Perito en el Padrón,Secretaría de Hacienda,Instituto Catastral,4320.0,3.0,1.0,,1.0,2,0.2847396200075317
Atención al empoderamiento.,Secretaría de Gobierno,Centro de Justicia Para Mujeres,30.0,0.0,0.0,,0.0,1,-0.611866892324292
Uso de la Plataforma Naturalista,Secretaría de Medio Ambiente y Recursos Naturales,Comisión Estatal de Biodiversidad de Hidalgo,1440.0,0.0,1.0,Nivel 1,0.0,1,-0.45273094398081215
Credencial de Identificación Escolar (CEH),Secretaría de Educación Pública,Colegio del Estado de Hidalgo,7200.0,0.0,2.0,Nivel 1,1.0,0,0.6583144863633656
Becas Institucionales UPP,Secretaría de Educación Pública,Universidad Politécnica de Pachuca,11520.0,0.0,3.0,Nivel 2,0.0,0,0.557120268140347
Transformando con la Juventud,Secretaría de Desarrollo Económico,Secretaría de Desarrollo Económico,15.0,3.0,1.0,Nivel 3.2,0.0,1,-0.7507314858778957
Tu Experiencia Transforma,Secretaría de Desarrollo Económico,Secretaría de Desarrollo Económico,15.0,3.0,1.0,Nivel 3.2,0.0,1,-0.7507314858778957
Acompañamiento a los municipios para la implementación de estrategias que impulsen el desarrollo económico local,Secretaría de Desarrollo Económico,Secretaría de Desarrollo Económico,21600.0,0.0,1.0,Nivel 1,0.0,1,-0.2546974889143775
"Expedición, Renovación o Reposición por Robo o Extravío del Tarjetón para Personas que Conducen Unidades Autorizadas por el Sistema de Transporte Convencional",Secretaría de Movilidad y Transporte,Sistema de Transporte Convencional de Hidalgo,23.0,7.0,1.0,Nivel 2,1.0,2,0.32288919852482084
"Suministro e instalación de mojonera de hormigon de 40 cms. de largo y 10 cms. de diametro con una varilla al centro de 1/2"", para identificación de vertices que delimitan perimetrales de predio",Secretaría de Hacienda,Instituto Catastral,4320.0,4.0,1.0,,1.0,2,0.5195649844521034
Equivalencia de Estudios UPFIM,Secretaría de Educación Pública,Universidad Politécnica Francisco I. Madero,43200.0,3.0,0.0,Nivel 3.9,1.0,3,-0.2518237883715451
Actualización del Registro de Proveedores (Persona Moral),Secretaría de Contraloría,Secretaría de Controlaría,1440.0,0.0,0.0,,1.0,2,0.03355448296067141
Gestión de Créditos,Secretaría de Agricultura y Desarrollo Rural,Secretaría de Agricultura y Desarrollo Rural,1440.0,2.0,0.0,Nivel 2,0.0,1,-0.40163215923630496
Asignación de Servicio Social UPP,Secretaría de Educación Pública,Universidad Politécnica de Pachuca,30.0,3.0,1.0,Nivel 2,0.0,1,-0.603027332988885
Asesoría Legal En Materia Notarial,Secretaría de Gobierno,Dirección General del Archivo General de Notarías,1440.0,0.0,0.0,,0.0,1,-0.40224166154945956
"Inscripción de la designación, aceptación o discernimiento del cargo de albacea. Declaración y reconocimiento de herederos en un solo documento.",Secretaría de Gobierno,Dirección General del Instituto de la Función Registral,21600.0,2.0,1.0,,1.0,2,0.35786617626972306
Expedición de constancias de documentos que obran en la Dirección General de Profesiones,Secretaría de Educación Pública,Secretaría de Educación Pública,4320.0,1.0,1.0,Nivel 1,1.0,2,0.10797209933356204
Verificación energética en centros de carga eléctrica con tarifa comercial hasta 25 kW.,Secretaría de Desarrollo Económico,Agencia Estatal de Energía de Hidalgo,28800.0,3.0,1.0,Nivel 1,1.0,2,0.3175963005836001
Verificación energética en centros de carga eléctrica con tarifa de uso domestico (DAC),Secretaría de Desarrollo Económico,Agencia Estatal de Energía de Hidalgo,28800.0,0.0,1.0,Nivel 1,1.0,2,0.19954811936323544
Inscripción Nivel Posgrado UPFIM,Secretaría de Educación Pública,Universidad Politécnica Francisco I. Madero,1440.0,6.0,1.0,Nivel 3.9,1.0,3,-0.25125464834179556
Ayudas Comunitarias a Mujeres y Familias Indígenas,Organismos No Sectorizados,Comisión Estatal para el Desarrollo Sostenible de los Pueblos Indígenas (CEDSPI),1440.0,2.0,1.0,,0.0,1,-0.2759634233068424
Eco Estufas del Bienestar,Organismos No Sectorizados,Comisión Estatal para el Desarrollo Sostenible de los Pueblos Indígenas (CEDSPI),10.0,2.0,1.0,Nivel 2,0.0,1,-0.6573234018599786
Mujer de Maíz,Organismos No Sectorizados,Comisión Estatal para el Desarrollo Sostenible de los Pueblos Indígenas (CEDSPI),5760.0,2.0,1.0,Nivel 2,0.0,1,-0.2500487080881161
Seguridad Alimentaria,Organismos No Sectorizados,Comisión Estatal para el Desarrollo Sostenible de los Pueblos Indígenas (CEDSPI),10.0,1.0,1.0,Nivel 2,0.0,1,-0.7753715830803432
Remodelación de Parques en Comunidades Indígenas,Organismos No Sectorizados,Comisión Estatal para el Desarrollo Sostenible de los Pueblos Indígenas (CEDSPI),1440.0,3.0,1.0,,0.0,1,-0.2759634233068424
Revalidación de Estudios Bachillerato del Estado de Hidalgo,Secretaría de Educación Pública,Bachillerato del Estado de Hidalgo,30.0,1.0,0.0,Nivel 1,1.0,2,-0.2347900872677661
Corredor Artesanal,Organismos No Sectorizados,Comisión Estatal para el Desarrollo Sostenible de los Pueblos Indígenas (CEDSPI),1440.0,4.0,1.0,,0.0,1,-0.04113805886227073
Impuesto sobre Tenencia y Refrendo Vehicular (transporte público),Secretaría de Hacienda,Secretaría de Hacienda,1440.0,8.0,3.0,Nivel 3.7,1.0,0,1.0065088352426987
Constancia de estudios UTMIR,Secretaría de Educación Pública,Universidad Tecnológica de Mineral de la Reforma,4320.0,0.0,0.0,Nivel 3.1,1.0,2,-0.017696636595900594
Asesoría en Materia de Mantenimiento y Conservación de Parques Industriales,Secretaría de Desarrollo Económico,Corporación de Fomento de Infraestructura Industrial,1440.0,0.0,0.0,,0.0,1,-0.40224166154945956
"Inscripción de la disolución, liquidación y de ambas cuando consten en un solo documento. (Registro Público de la Propiedad y del Comercio, personas morales)",Secretaría de Gobierno,Dirección General del Instituto de la Función Registral,21600.0,2.0,1.0,,1.0,2,0.35786617626972306
Acciones en materia de transversalidad de la perspectiva de género,Secretaría de Gobierno,Instituto Hidalguense de las Mujeres,4320.0,0.0,1.0,Nivel 1,0.0,1,-0.3278240451765689
Acciones en materia de protección de los derechos humanos de las mujeres,Secretaría de Gobierno,Instituto Hidalguense de las Mujeres,4320.0,0.0,0.0,Nivel 1,0.0,1,-0.33605410219882137
Apoyos asistenciales otorgados a mujeres,Secretaría de Gobierno,Instituto Hidalguense de las Mujeres,4320.0,3.0,1.0,Nivel 1,0.0,1,-0.20977586395620423
Apoyos económicos para el bienestar físico de las mujeres,Secretaría de Gobierno,Instituto Hidalguense de las Mujeres,1440.0,4.0,1.0,Nivel 1,0.0,1,-0.09985739831587578
"Apoyos económicos para niñas y adolescentes embarazadas, madres o con plan de restitución de derechos",Secretaría de Gobierno,Instituto Hidalguense de las Mujeres,4320.0,3.0,2.0,Nivel 1,0.0,0,0.3078111626610413
Levantamiento topográfico.,Secretaría de Educación Pública,Instituto Hidalguense de Infraestructura Física Educativa,21600.0,1.0,1.0,Nivel 1,1.0,2,0.1810986555957534
Constancia de estudios UTT,Secretaría de Educación Pública,Universidad Tecnológica de Tulancingo,1440.0,0.0,0.0,,1.0,2,0.03355448296067141
Constancia de Estudios UTSH,Secretaría de Educación Pública,Universidad Tecnológica de la Sierra Hidalguense,1440.0,1.0,0.0,,1.0,2,0.03355448296067141
Verificación energética en centros de carga eléctrica con tarifa empresarial menor a 100 kW.,Secretaría de Desarrollo Económico,Agencia Estatal de Energía de Hidalgo,28800.0,3.0,1.0,Nivel 1,1.0,2,0.3175963005836001
"Talleres, Pláticas y Conferencias sobre Habilidades de vida para Niñas, Niños y Adolescentes",Organismos No Sectorizados,Sistema para el Desarrollo Integral de la Familia del Estado de Hidalgo,1440.0,2.0,0.0,,0.0,1,-0.28419348032909486
Pago de multa por incomparecencia del patrón en el procedimiento de conciliación,Secretaría de Trabajo y Previsión Social,Centro de Conciliación Laboral del Estado de Hidalgo,1440.0,0.0,0.0,,1.0,2,0.03355448296067141
"Por cada foja digitalizada, archivo informático y disco óptico que se utilice para entregar los documentos a que se refieren las fracciones I a III",Secretaría de Gobierno,Dirección General del Instituto de la Función Registral,21600.0,1.0,1.0,,1.0,2,0.2398179950493584
Certificado de Estudios UPH,Secretaría de Educación Pública,Universidad Politécnica de Huejutla,2880.0,1.0,0.0,Nivel 2,1.0,2,-0.03945214220656268
Constancia de Estudios UPMH,Secretaría de Educación Pública,Universidad Politécnica Metropolitana de Hidalgo,180.0,1.0,0.0,Nivel 3.7,1.0,3,-0.4006914889244679
Reposición de la Credencial de la UPMH por pérdida,Secretaría de Educación Pública,Universidad Politécnica Metropolitana de Hidalgo,4320.0,1.0,0.0,Nivel 3.7,1.0,3,-0.37001267331753096
Reposición de credencial ITESHU.,Secretaría de Educación Pública,Instituto Tecnológico Superior de Huichapan,1440.0,1.0,0.0,Nivel 1,1.0,2,-0.02516485649293365
Publicación de Artículo en Congreso ITESHU.,Secretaría de Educación Pública,Instituto Tecnológico Superior de Huichapan,125280.0,3.0,0.0,Nivel 1,1.0,2,0.5327225813978747
Inspección Vehicular para Unidades Autorizadas por el Sistema de Transporte Convencional,Secretaría de Movilidad y Transporte,Sistema de Transporte Convencional de Hidalgo,30.0,4.0,1.0,Nivel 2,1.0,2,0.06759417596581761
Quejas administrativas en contra de las y los Notarios Públicos durante el ejercicio de su función,Secretaría de Gobierno,Dirección General del Archivo General de Notarías,1440.0,0.0,0.0,,0.0,1,-0.40224166154945956
Cotejo de documentos no autentificados que deben destinarse al apéndice (Registro Público de la Propiedad y del Comercio),Secretaría de Gobierno,Dirección General del Instituto de la Función Registral,21600.0,2.0,1.0,Nivel 3.5,1.0,3,-0.05316919990551239
Constancia Escolar UTTT,Secretaría de Educación Pública,Universidad Tecnológica de Tula-Tepeji,10.0,1.0,0.0,Nivel 1,1.0,2,-0.2890861561388597
Trámite de Equivalencia de Estudios UPH,Secretaría de Educación Pública,Universidad Politécnica de Huejutla,86400.0,3.0,1.0,Nivel 2,1.0,2,0.32933389235696103
"Inscripción de convenios para fraccionar, lotificar o subdividir un predio (zonas urbanas, residenciales e industriales). (Registro Público de la Propiedad y del Comercio)",Secretaría de Gobierno,Dirección General del Instituto de la Función Registral,21600.0,4.0,1.0,Nivel 3.5,1.0,3,0.18165616453905925
Inscripción de créditos refaccionarios de habilitación o avío agrícola. (Registro Público de la Propiedad y del Comercio),Secretaría de Gobierno,Dirección General del Instituto de la Función Registral,21600.0,1.0,1.0,Nivel 3.5,1.0,3,-0.17121738112587703
"Reposición de Placas por robo, Extravío o Robo de Unidades Autorizadas por el Sistema de Transporte Convencional",Secretaría de Movilidad y Transporte,Sistema de Transporte Convencional de Hidalgo,30.0,4.0,1.0,Nivel 2,1.0,2,0.06759417596581761
Reporte Ciudadano en Materia de Protección Civil,Secretaría de Gobierno,Subsecretaría de Protección Civil y Gestión de Riesgos,28800.0,0.0,0.0,Nivel 1,0.0,1,-0.2444780821691479
Ingreso a Casa de Día del Sistema DIF Hidalgo,Organismos No Sectorizados,Sistema para el Desarrollo Integral de la Familia del Estado de Hidalgo,1440.0,4.0,0.0,,0.0,1,-0.04936811588452326
Préstamos prendarios,Organismos No Sectorizados,Sistema para el Desarrollo Integral de la Familia del Estado de Hidalgo,1440.0,1.0,0.0,,0.0,1,-0.40224166154945956
Historial Académico UTMIR,Secretaría de Educación Pública,Universidad Tecnológica de Mineral de la Reforma,4320.0,1.0,0.0,Nivel 3.1,1.0,2,-0.017696636595900594
"Proceso y trámite de Adopción de Niñas, Niños y Adolescentes",Organismos No Sectorizados,Sistema para el Desarrollo Integral de la Familia del Estado de Hidalgo,1440.0,0.0,0.0,,0.0,1,-0.40224166154945956
Por si las Lluvias,Organismos No Sectorizados,Comisión Estatal para el Desarrollo Sostenible de los Pueblos Indígenas (CEDSPI),10.0,2.0,1.0,Nivel 2,0.0,1,-0.6573234018599786
Alta Provisional de Albacea de la Concesión del Servicio Público,Secretaría de Movilidad y Transporte,Sistema de Transporte Convencional de Hidalgo,30.0,7.0,1.0,,1.0,2,0.44458924654032383
Consejería en Salud Sexual y Reproductiva para Mujeres Jóvenes,Secretaría de Gobierno,Ciudad de las Mujeres,50.0,0.0,0.0,,0.0,1,-0.5799385156548492
Ortofoto a color escala 1:1000 derivado de vuelo con Dron.,Secretaría de Hacienda,Instituto Catastral,4320.0,3.0,1.0,,1.0,2,0.2847396200075317
Dictaminación de Avalúos (Catastral),Secretaría de Hacienda,Instituto Catastral,12960.0,8.0,1.0,Nivel 1,1.0,2,0.7908505567447797
"Copia de plano de la localidad, 60x90 cms (Catastral)",Secretaría de Hacienda,Instituto Catastral,4320.0,2.0,1.0,,1.0,2,0.2847396200075317
Concesiones y Permisos de Servicios Auxiliares y Conexos Autorizados por el Sistema de Transporte Convencional,Secretaría de Movilidad y Transporte,Sistema de Transporte Convencional de Hidalgo,30.0,11.0,1.0,,1.0,2,0.8041031011125888
Historial Académico UPFIM,Secretaría de Educación Pública,Universidad Politécnica Francisco I. Madero,480.0,1.0,0.0,Nivel 1,1.0,2,0.13174590317343826
Extinción de Permisos de Servicio Privado y Complementario de Transporte de Personas y Bienes,Secretaría de Movilidad y Transporte,Sistema de Transporte Convencional de Hidalgo,30.0,2.0,1.0,,1.0,2,-0.04979250957154395
Transferencia por Sentencia de Adjudicación de la Concesión del Servicio de Transporte Público,Secretaría de Movilidad y Transporte,Sistema de Transporte Convencional de Hidalgo,30.0,10.0,1.0,,1.0,2,0.44458924654032383
Atención Temporal a Niñas y Niños acompañantes de usuarias,Secretaría de Gobierno,Ciudad de las Mujeres,1440.0,0.0,4.0,,0.0,0,0.6348579104227223
"Aviso de Previsiones de Compra Venta de Estupefacientes para Farmacias, Droguerías y Boticas",Secretaría de Salud,Secretaría de Salud,20.0,1.0,0.0,Nivel 1,0.0,1,-0.6834115050749255
Examen General de Egreso de la Licenciatura (ITSOEH)-IngenierÍas,Secretaría de Educación Pública,Instituto Tecnológico Superior del Occidente del Estado de Hidalgo,4320.0,2.0,0.0,,1.0,2,0.2765095629852793
Proceso de Incubación (ITSOEH),Secretaría de Educación Pública,Instituto Tecnológico Superior del Occidente del Estado de Hidalgo,43200.0,0.0,0.0,,1.0,2,0.276040764397746
Protocolo de Titulación a Nivel Licenciatura (ITSOEH),Secretaría de Educación Pública,Instituto Tecnológico Superior del Occidente del Estado de Hidalgo,4320.0,4.0,0.0,,1.0,2,0.5113349274298509
Cuota por Servicio de Extensión y Educación continua (ITSOEH),Secretaría de Educación Pública,Instituto Tecnológico Superior del Occidente del Estado de Hidalgo,43200.0,0.0,0.0,,1.0,2,0.276040764397746
Curso de Idiomas (ITSOEH),Secretaría de Educación Pública,Instituto Tecnológico Superior del Occidente del Estado de Hidalgo,10080.0,1.0,0.0,,1.0,2,0.2127935125754222
Expedición de Constancias de No inhabilitación,Secretaría de Contraloría,Secretaría de Controlaría,2880.0,0.0,1.0,,1.0,2,0.08621659372289987
Curso de Asignatura de 120 horas o más,Secretaría de Educación Pública,Instituto Tecnológico Superior del Occidente del Estado de Hidalgo,4320.0,1.0,0.0,,1.0,2,0.15846138176491462
Permiso Sanitario para Traslado de Cadáveres o Restos Áridos Fuera del Territorio Estatal,Secretaría de Salud,Secretaría de Salud,20.0,1.0,1.0,Nivel 1,1.0,2,-0.2393853035425421
Aprobación del Plan de Manejo de Residuos de Manejo Especial.,Secretaría de Medio Ambiente y Recursos Naturales,Secretaría de Medio Ambiente y Recursos Naturales,86400.0,1.0,2.0,Nivel 2,1.0,0,0.7288727377538419
Autorización para la Operación de sitios de Disposición Final para Residuos Provenientes de la Construcción,Secretaría de Medio Ambiente y Recursos Naturales,Secretaría de Medio Ambiente y Recursos Naturales,43200.0,1.0,1.0,,0.0,1,-0.15152532309013245
Autorización para Prestar Servicios de Seguridad Privada en el Estado.,Secretaría de Seguridad Pública,Secretaría de Seguridad Pública,14400.0,11.0,12.0,Nivel 1,1.0,0,2.1859906242162137
Consulta externa de pediatría y especialidades en el Hospital del Niño DIF Hidalgo,Organismos No Sectorizados,Sistema para el Desarrollo Integral de la Familia del Estado de Hidalgo,1440.0,1.0,0.0,Nivel 1,0.0,1,-0.4609610010030646
Inicio de Carpetas de Investigación Presencial,Procuraduría General de Justicia,Procuraduría General de Justicia,120.0,0.0,0.0,Nivel 1,0.0,1,-0.5832483173896827
Certificado de Inscripción (Registro Público de la Propiedad y del Comercio),Secretaría de Gobierno,Dirección General del Instituto de la Función Registral,8640.0,1.0,2.0,Nivel 3.5,1.0,0,0.317689978502121
Pago de Derechos Anuales de las Unidades Autorizadas por el Sistema de Transporte Convencional,Secretaría de Movilidad y Transporte,Sistema de Transporte Convencional de Hidalgo,30.0,2.0,1.0,Nivel 2,1.0,2,-0.167231188478754
Inscripción en el Padrón de Proveedores (Persona Física),Secretaría de Contraloría,Secretaría de Controlaría,1440.0,0.0,0.0,,0.0,1,-0.40224166154945956
Registro Estatal de Consultores en Materia de Protección Civil,Secretaría de Gobierno,Subsecretaría de Protección Civil y Gestión de Riesgos,43200.0,0.0,0.0,Nivel 1,1.0,2,0.21732142494414095
Por la supervisión y emisión de opiniones técnicas de factibilidad de usos de suelo de impacto significativo,Secretaría de Gobierno,Subsecretaría de Protección Civil y Gestión de Riesgos,43200.0,0.0,0.0,Nivel 1,1.0,2,0.21732142494414095
Pago de bases Licitaciones Públicas Estatales,Secretaría de Infraestructura Pública y Desarrollo Urbano Sostenible,Secretaría de Infraestructura Pública y Desarrollo Urbano Sostenible,10.0,1.0,1.0,Nivel 1,1.0,2,-0.28085609911660725
"Por la supervisión y la emisión de opiniones técnicas de establecimientos comerciales, industriales, de espectáculos públicos y de servicios instalados o que pretendan instalarse en el territorio del Estado",Secretaría de Gobierno,Subsecretaría de Protección Civil y Gestión de Riesgos,43200.0,0.0,0.0,Nivel 1,1.0,2,0.21732142494414095
Inscripción nivel licenciatura UPH,Secretaría de Educación Pública,Universidad Politécnica de Huejutla,30.0,3.0,1.0,Nivel 2,1.0,2,-0.167231188478754
Préstamo de documentos históricos,Oficialía Mayor,Oficialía Mayor,30.0,0.0,0.0,Nivel 1,0.0,1,-0.670586231777897
Atención Ciudadana y Recepción de Quejas o Denuncias en contra de Servidores Públicos de la PGJH,Procuraduría General de Justicia,Procuraduría General de Justicia,60.0,2.0,0.0,Nivel 1,0.0,1,-0.5091265921261605
Por la Expedición y Entrega de un ejemplar del Periódico Oficial.,Secretaría de Gobierno,Secretaría de Gobierno,255.0,0.0,0.0,Nivel 3.7,1.0,3,-0.37845748248957634
Inscripción en el Padrón de Proveedores (Persona Moral),Secretaría de Contraloría,Secretaría de Controlaría,1440.0,0.0,0.0,,0.0,1,-0.40224166154945956
Certificación de Copias Expedidas por el Sistema de Transporte Convencional,Secretaría de Movilidad y Transporte,Sistema de Transporte Convencional de Hidalgo,30.0,2.0,1.0,,1.0,2,-0.04979250957154395
Transferencia de Concesión del Servicio de Transporte Público,Secretaría de Movilidad y Transporte,Sistema de Transporte Convencional de Hidalgo,30.0,8.0,1.0,,1.0,2,0.44458924654032383
Sustitución Vehicular de Unidades Autorizadas por el Sistema de Transporte Convencional,Secretaría de Movilidad y Transporte,Sistema de Transporte Convencional de Hidalgo,30.0,9.0,1.0,,1.0,2,0.44458924654032383
Autorización de Cambio de Número de Motor para las Unidades Autorizadas por el Sistema de Transporte Convencional,Secretaría de Movilidad y Transporte,Sistema de Transporte Convencional de Hidalgo,30.0,3.0,1.0,,1.0,2,-0.04979250957154395
Cancelación de Actos Jurídicos (Registro Público de la Propiedad y del Comercio),Secretaría de Gobierno,Dirección General del Instituto de la Función Registral,21600.0,2.0,1.0,Nivel 3.5,1.0,3,-0.05316919990551239
Depósito de Testamento Ológrafo (Registro Público de la Propiedad y del Comercio),Secretaría de Gobierno,Dirección General del Instituto de la Función Registral,21600.0,2.0,1.0,,1.0,2,0.35786617626972306
Devolución de un documento sin inscripción por causas no imputables al Registro Público de la Propiedad.,Secretaría de Gobierno,Dirección General del Instituto de la Función Registral,7200.0,1.0,0.0,Nivel 3.5,1.0,3,-0.21981863399776272
Certificado de no Inscripción (Registro Público de la Propiedad y del Comercio),Secretaría de Gobierno,Dirección General del Instituto de la Función Registral,8640.0,6.0,2.0,Nivel 3.5,1.0,0,0.6705635241670573
Inscripción de accesión de construcciones (Registro Público de la Propiedad y del Comercio),Secretaría de Gobierno,Dirección General del Instituto de la Función Registral,21600.0,7.0,1.0,Nivel 3.5,1.0,3,0.44121255620635547
Inscripción de actas de asamblea de socios o juntas de administradores (Registro Público de la Propiedad y del Comercio),Secretaría de Gobierno,Dirección General del Instituto de la Función Registral,21600.0,2.0,1.0,Nivel 3.5,1.0,3,-0.05316919990551239
Inscripción de apeo o deslinde. (Registro Público de la Propiedad y del Comercio),Secretaría de Gobierno,Dirección General del Instituto de la Función Registral,21600.0,3.0,1.0,Nivel 3.5,1.0,3,-0.05316919990551239
Inscripción de aportaciones de bienes inmuebles. (Registro Público de la Propiedad y del Comercio),Secretaría de Gobierno,Dirección General del Instituto de la Función Registral,21600.0,6.0,1.0,,1.0,2,0.5926915407142948
Inscripción de compra-venta a plazos con reserva de dominio. (Registro Público de la Propiedad y del Comercio),Secretaría de Gobierno,Dirección General del Instituto de la Función Registral,21600.0,7.0,1.0,Nivel 3.5,1.0,3,0.44121255620635547
Inscripción de cualquier clase de testamento. (Registro Público de la Propiedad y del Comercio),Secretaría de Gobierno,Dirección General del Instituto de la Función Registral,21600.0,3.0,1.0,Nivel 3.5,1.0,3,-0.05316919990551239
Inscripción de cualquier otro título registrable conforme a la Ley. (Registro Público de la Propiedad y del Comercio),Secretaría de Gobierno,Dirección General del Instituto de la Función Registral,21600.0,2.0,1.0,Nivel 3.5,1.0,3,-0.05316919990551239
Inscripción de disolución de la sociedad conyugal en lo referente a bienes inmuebles. (Registro Público de la Propiedad y del Comercio),Secretaría de Gobierno,Dirección General del Instituto de la Función Registral,21600.0,1.0,1.0,Nivel 3.5,1.0,3,-0.17121738112587703
Inscripción de división de copropiedad. (Registro Público de la Propiedad y del Comercio),Secretaría de Gobierno,Dirección General del Instituto de la Función Registral,21600.0,6.0,1.0,Nivel 3.5,1.0,3,0.18165616453905925
Inscripción de documentos de valor determinado referente a sociedades de producción rural. (Registro Público de la Propiedad y del Comercio),Secretaría de Gobierno,Dirección General del Instituto de la Función Registral,21600.0,2.0,1.0,Nivel 3.5,1.0,3,-0.05316919990551239
"Inscripción de emisión de obligaciones, acciones, cédula y certificado de participación.. (Registro Público de la Propiedad y del Comercio)",Secretaría de Gobierno,Dirección General del Instituto de la Función Registral,21600.0,2.0,1.0,Nivel 3.5,1.0,3,-0.05316919990551239
Inscripción de fusión de sociedades. (Registro Público de la Propiedad y del Comercio),Secretaría de Gobierno,Dirección General del Instituto de la Función Registral,21600.0,2.0,1.0,Nivel 3.5,1.0,3,-0.05316919990551239
Inscripción de informaciones posesorías. (Registro Público de la Propiedad y del Comercio),Secretaría de Gobierno,Dirección General del Instituto de la Función Registral,21600.0,4.0,1.0,Nivel 3.5,1.0,3,0.18165616453905925
Inscripción de la autorización para vender o gravar bienes de menores o incapaces. (Registro Público de la Propiedad y del Comercio),Secretaría de Gobierno,Dirección General del Instituto de la Función Registral,21600.0,2.0,1.0,Nivel 3.5,1.0,3,-0.05316919990551239
Inscripción de la cancelación de créditos otorgados por Instituciones de crédito. (Registro Público de la Propiedad y del Comercio),Secretaría de Gobierno,Dirección General del Instituto de la Función Registral,21600.0,3.0,1.0,Nivel 3.5,1.0,3,-0.05316919990551239
Inscripción de la modificación al Acta Constitutiva que no implique aumento de capital. (Registro Público de la Propiedad y del Comercio),Secretaría de Gobierno,Dirección General del Instituto de la Función Registral,21600.0,2.0,1.0,Nivel 3.5,1.0,3,-0.05316919990551239
Inscripción de limitaciones o gravámenes a la propiedad de inmuebles. (Registro Público de la Propiedad y del Comercio),Secretaría de Gobierno,Dirección General del Instituto de la Función Registral,21600.0,2.0,1.0,Nivel 3.5,1.0,3,-0.05316919990551239
Inscripción de operaciones que limiten o graven bienes muebles. (Registro Público de la Propiedad y del Comercio),Secretaría de Gobierno,Dirección General del Instituto de la Función Registral,21600.0,2.0,1.0,Nivel 3.5,1.0,3,-0.05316919990551239
Inscripción de poderes. (Registro Público de la Propiedad y del Comercio),Secretaría de Gobierno,Dirección General del Instituto de la Función Registral,21600.0,2.0,1.0,Nivel 3.5,1.0,3,-0.05316919990551239
Inscripción de providencias precautorias de carácter mercantil. (Registro Público de la Propiedad y del Comercio),Secretaría de Gobierno,Dirección General del Instituto de la Función Registral,21600.0,2.0,1.0,Nivel 3.5,1.0,3,-0.05316919990551239
Inscripción de resoluciones de información Ad'perpetuam. (Registro Público de la Propiedad y del Comercio),Secretaría de Gobierno,Dirección General del Instituto de la Función Registral,21600.0,5.0,1.0,Nivel 3.5,1.0,3,0.18165616453905925
Inscripción de revocación o renuncia de poderes. (Registro Público de la Propiedad y del Comercio),Secretaría de Gobierno,Dirección General del Instituto de la Función Registral,21600.0,2.0,1.0,Nivel 3.5,1.0,3,-0.05316919990551239
Inscripción de suspensión de pagos o declaración de concursos. (Registro Público de la Propiedad y del Comercio),Secretaría de Gobierno,Dirección General del Instituto de la Función Registral,21600.0,2.0,1.0,,1.0,2,0.35786617626972306
Inscripción de todas las operaciones que impliquen transmisión de propiedad. (Registro Público de la Propiedad y del Comercio),Secretaría de Gobierno,Dirección General del Instituto de la Función Registral,21600.0,6.0,1.0,,1.0,2,0.5926915407142948
Inscripción del auto de ejecución de embargo. (Registro Público de la Propiedad y del Comercio),Secretaría de Gobierno,Dirección General del Instituto de la Función Registral,21600.0,3.0,1.0,,1.0,2,0.35786617626972306
Inscripción por asociación en participación. (Registro Público de la Propiedad y del Comercio),Secretaría de Gobierno,Dirección General del Instituto de la Función Registral,21600.0,3.0,1.0,,1.0,2,0.35786617626972306
Inscripción por Repudio de Herencia. (Registro Público de la Propiedad y del Comercio),Secretaría de Gobierno,Dirección General del Instituto de la Función Registral,21600.0,2.0,1.0,,1.0,2,0.35786617626972306
Registro de Perito,Secretaría de Educación Pública,Secretaría de Educación Pública,4320.0,5.0,2.0,Nivel 2,1.0,0,0.9197133321621388
Atención a Personas que Acuden a Realizar Donación de Sangre,Secretaría de Salud,Secretaría de Salud,180.0,4.0,0.0,Nivel 1,0.0,1,-0.013859372140822047
"Por la supervisión y emisión de opiniones técnicas diversas relacionadas con Gas L.P., estaciones de carburación, bodega y derivados del Petróleo",Secretaría de Gobierno,Subsecretaría de Protección Civil y Gestión de Riesgos,43200.0,0.0,0.0,Nivel 1,1.0,2,0.21732142494414095
"Solicitud de Licencia Sanitaria para Farmacias, o Boticas con Venta de Medicamentos Controlados",Secretaría de Salud,Secretaría de Salud,86400.0,2.0,0.0,Nivel 1,1.0,2,0.3798231747883136
Autorización de Campañas o Jornadas Médicas para Prestación de Servicios de Salud.,Secretaría de Salud,Secretaría de Salud,21600.0,2.0,3.0,Nivel 1,0.0,0,0.7441191053159752
Autenticación y Registro de Certificados de Estudios de nivel licenciatura y posgrado,Secretaría de Educación Pública,Secretaría de Educación Pública,7200.0,13.0,1.0,Nivel 1,1.0,2,1.1126712516506174
Solicitud de Visita de Verificación de Medicamentos que Sean o Contengan Estupefacientes Modalidad A. Destrucción.,Secretaría de Salud,Secretaría de Salud,43200.0,3.0,0.0,Nivel 1,1.0,2,0.3353696061645056
Reinscripción nivel licenciatura UPH,Secretaría de Educación Pública,Universidad Politécnica de Huejutla,30.0,1.0,1.0,Nivel 2,1.0,2,-0.28527936969911866
Exámen de Ingreso a nivel licenciatura UPH,Secretaría de Educación Pública,Universidad Politécnica de Huejutla,1440.0,2.0,1.0,,1.0,2,0.1598327212032885
Levantamiento Topográficos de Predios (Catastral),Secretaría de Hacienda,Instituto Catastral,5760.0,3.0,1.0,Nivel 1,1.0,2,0.24446677587561982
Prorroga de Trámite Modalidad Autorización de Fraccionamiento,Secretaría de Infraestructura Pública y Desarrollo Urbano Sostenible,Secretaría de Infraestructura Pública y Desarrollo Urbano Sostenible,25.0,9.0,1.0,Nivel 1,1.0,2,0.38674199810379595
Cancelación de Derecho de Tanto,Secretaría de Infraestructura Pública y Desarrollo Urbano Sostenible,Comisión Estatal de Vivienda,30.0,2.0,1.0,,1.0,2,-0.04979250957154395
Proyecto de Lotificación,Secretaría de Infraestructura Pública y Desarrollo Urbano Sostenible,Comisión Estatal de Vivienda,30.0,3.0,1.0,,1.0,2,-0.04979250957154395
Cambio de Nombre en la Tarjeta de Circulación por Conclusión de la Transferencia de los Derechos de la Concesión de Transporte Público,Secretaría de Movilidad y Transporte,Sistema de Transporte Convencional de Hidalgo,1440.0,2.0,1.0,Nivel 2,0.0,1,-0.3934021022140525
Asignación o Cambio de Cromática y Asignación de Clave Mnemotécnica,Secretaría de Movilidad y Transporte,Sistema de Transporte Convencional de Hidalgo,30.0,3.0,1.0,Nivel 2,1.0,2,-0.167231188478754
Transferencia por Designación de Persona Beneficiaria de la Concesión del Servicio Transporte Público,Secretaría de Movilidad y Transporte,Sistema de Transporte Convencional de Hidalgo,30.0,11.0,1.0,,1.0,2,0.8041031011125888
Copias certificadas de pagos de Control Vehicular,Secretaría de Hacienda,Secretaría de Hacienda,28800.0,1.0,1.0,,1.0,2,0.2582674588168405
Inscripción de actos cuando se presenten en documentos separados. (Registro Público de la Propiedad y del Comercio),Secretaría de Gobierno,Dirección General del Instituto de la Función Registral,21600.0,2.0,1.0,,1.0,2,0.35786617626972306
Constancia de estudios UTVAM,Secretaría de Educación Pública,Universidad Tecnológica de la Zona Metropolitana del Valle de México,2880.0,2.0,0.0,Nivel 4.3,1.0,3,-0.6260360344294589
Centro Asistencial La Casita,Organismos No Sectorizados,Sistema para el Desarrollo Integral de la Familia del Estado de Hidalgo,1440.0,0.0,0.0,Nivel 1,0.0,1,-0.4609610010030646
Pago de Créditos Fiscales derivado de multas estatales no fiscales,Secretaría de Hacienda,Secretaría de Hacienda,15.0,1.0,1.0,,0.0,1,-0.6339023092838401
Orientación en materia fiscal,Secretaría de Hacienda,Secretaría de Hacienda,129600.0,1.0,1.0,,0.0,1,0.04800187766509985
Reposición por Robo o Extravìo del Tarjetón para Personas Conductoras del Tuzobús,Secretaría de Movilidad y Transporte,Sistema de Transporte Masivo de Hidalgo,1440.0,4.0,1.0,Nivel 1,1.0,2,0.3359387461942551
Credencial Institucional (ITSOEH),Secretaría de Educación Pública,Instituto Tecnológico Superior del Occidente del Estado de Hidalgo,7200.0,2.0,0.0,,1.0,2,0.30926492339783734
Reposición de Credencial UPH,Secretaría de Educación Pública,Universidad Politécnica de Huejutla,30.0,1.0,0.0,Nivel 2,1.0,2,-0.2935094267213711
Trámite para titulación UPE,Secretaría de Educación Pública,Universidad Politécnica de la Energía,5760.0,5.0,0.0,,1.0,2,0.529781422751544
Constancia de terminación de estadía UPP,Secretaría de Educación Pública,Universidad Politécnica de Pachuca,4320.0,11.0,3.0,Nivel 2,0.0,0,1.466168820284311
Designación de Persona Beneficiaria de la Concesión del Servicio de Transporte Público,Secretaría de Movilidad y Transporte,Sistema de Transporte Convencional de Hidalgo,30.0,2.0,1.0,,1.0,2,-0.04979250957154395
Inscripción a la UICEH,Secretaría de Educación Pública,Universidad Intercultural del Estado de Hidalgo,90.0,5.0,0.0,Nivel 1,1.0,2,0.18714760156861576
Reinscripción a la UICEH,Secretaría de Educación Pública,Universidad Intercultural del Estado de Hidalgo,75.0,2.0,1.0,Nivel 1,1.0,2,-0.050999919899879086
Expedición de Tarifario,Secretaría de Movilidad y Transporte,Sistema de Transporte Convencional de Hidalgo,30.0,2.0,1.0,Nivel 2,1.0,2,-0.167231188478754
Por informe de aviso de testamento,Secretaría de Gobierno,Dirección General del Archivo General de Notarías,1440.0,0.0,1.0,,1.0,2,0.041784539982923884
Trámite de pista para aterrizaje,Secretaría de Seguridad Pública,Secretaría de Seguridad Pública,10.0,0.0,0.0,Nivel 1,1.0,2,-0.2890861561388597
Trámite de pernocta,Secretaría de Seguridad Pública,Secretaría de Seguridad Pública,10.0,4.0,1.0,Nivel 1,1.0,2,0.07201744654832899
Casa de la mujer indígena,Organismos No Sectorizados,Comisión Estatal para el Desarrollo Sostenible de los Pueblos Indígenas (CEDSPI),1440.0,2.0,1.0,,0.0,1,-0.2759634233068424
INSCRIPCIÓN O ANOTACIÓN QUE NO MODIFICA EL DERECHO INSCRITO. (REGISTRO PÚBLICO DE LA PROPIEDAD Y DEL COMERCIO),Secretaría de Gobierno,Dirección General del Instituto de la Función Registral,21600.0,2.0,1.0,,1.0,2,0.35786617626972306
"Expedición de Copias Certificadas en Libros (del año 2015 y Años Anteriores), e Impresión de Folios a partir del año 2015 (Registro Público de la Propiedad y del Comercio)",Secretaría de Gobierno,Dirección General del Instituto de la Función Registral,7200.0,1.0,2.0,Nivel 3.5,1.0,0,0.3059984496417352
Visita al museo de documentos históricos,Oficialía Mayor,Oficialía Mayor,60.0,0.0,0.0,Nivel 1,0.0,1,-0.6271747733465252
Inscripción de fusión de predios. (Registro Público de la Propiedad y del Comercio),Secretaría de Gobierno,Dirección General del Instituto de la Función Registral,21600.0,3.0,1.0,Nivel 3.5,1.0,3,-0.05316919990551239
Inscripción de inmatriculación. (Registro Público de la Propiedad y del Comercio),Secretaría de Gobierno,Dirección General del Instituto de la Función Registral,21600.0,7.0,1.0,Nivel 3.5,1.0,3,0.44121255620635547
Inscripción del régimen de propiedad en condominio. (Registro Público de la Propiedad y del Comercio),Secretaría de Gobierno,Dirección General del Instituto de la Función Registral,21600.0,4.0,1.0,,1.0,2,0.5926915407142948
Atención a Solicitudes de Componentes de la Sangre para la Atención de Pacientes,Secretaría de Salud,Secretaría de Salud,90.0,3.0,1.0,Nivel 1,1.0,2,-0.039447705853703406
Levantamiento Topográfico de poligonales (Catastral),Secretaría de Hacienda,Instituto Catastral,4320.0,4.0,1.0,Nivel 1,1.0,2,0.4608456449984983
